control,lightness,saturation,r,g,b,delta
0,0,0,0.045,0,7.52043e-10,0.015
0,0,0.03125,0.045,0,7.52043e-10,0.015
0,0,0.0625,0.045,0,7.52043e-10,0.015
0,0,0.09375,0.045,0,7.52043e-10,0.015
0,0,0.125,0.045,0,7.52043e-10,0.015
0,0,0.15625,0.045,0,7.52043e-10,0.015
0,0,0.1875,0.045,0,7.52043e-10,0.015
0,0,0.21875,0.045,0,7.52043e-10,0.015
0,0,0.25,0.045,0,7.52043e-10,0.015
0,0,0.28125,0.045,0,7.52043e-10,0.015
0,0,0.3125,0.045,0,7.52043e-10,0.015
0,0,0.34375,0.045,0,7.52043e-10,0.015
0,0,0.375,0.045,0,7.52043e-10,0.015
0,0,0.40625,0.045,0,7.52043e-10,0.015
0,0,0.4375,0.045,0,7.52043e-10,0.015
0,0,0.46875,0.045,0,7.52043e-10,0.015
0,0,0.5,0.045,0,7.52043e-10,0.015
0,0,0.53125,0.045,0,7.52043e-10,0.015
0,0,0.5625,0.045,0,7.52043e-10,0.015
0,0,0.59375,0.045,0,7.52043e-10,0.015
0,0,0.625,0.045,0,7.52043e-10,0.015
0,0,0.65625,0.045,0,7.52043e-10,0.015
0,0,0.6875,0.045,0,7.52043e-10,0.015
0,0,0.71875,0.045,0,7.52043e-10,0.015
0,0,0.75,0.045,0,7.52043e-10,0.015
0,0,0.78125,0.045,0,7.52043e-10,0.015
0,0,0.8125,0.045,0,7.52043e-10,0.015
0,0,0.84375,0.045,0,7.52043e-10,0.015
0,0,0.875,0.045,0,7.52043e-10,0.015
0,0,0.90625,0.045,0,7.52043e-10,0.015
0,0,0.9375,0.045,0,7.52043e-10,0.015
0,0,0.96875,0.045,0,7.52043e-10,0.015
0,0,1,0.045,0,7.52043e-10,0.015
0,0.03125,0,0.07625,0.01625,0.00125,0.015
0,0.03125,0.03125,0.0752734,0.0159245,0.00222658,0.015
0,0.03125,0.0625,0.0742969,0.015599,0.00320311,0.015
0,0.03125,0.09375,0.0733204,0.0152734,0.00417969,0.015
0,0.03125,0.125,0.0723437,0.0149479,0.00515625,0.015
0,0.03125,0.15625,0.0713671,0.0146224,0.0061328,0.0149999
0,0.03125,0.1875,0.0703906,0.0142969,0.00710938,0.015
0,0.03125,0.21875,0.069414,0.0139714,0.00808593,0.0149999
0,0.03125,0.25,0.0684375,0.0136458,0.0090625,0.015
0,0.03125,0.28125,0.0674609,0.0133203,0.0100391,0.015
0,0.03125,0.3125,0.0664843,0.0129948,0.0110156,0.015
0,0.03125,0.34375,0.0655078,0.0126692,0.0119922,0.015
0,0.03125,0.375,0.0645312,0.0123438,0.0129687,0.0149999
0,0.03125,0.40625,0.0635547,0.0120182,0.0139453,0.015
0,0.03125,0.4375,0.062578,0.0116927,0.0149219,0.0149999
0,0.03125,0.46875,0.0616015,0.0113672,0.0158984,0.0149999
0,0.03125,0.5,0.060625,0.0110417,0.016875,0.015
0,0.03125,0.53125,0.0596484,0.0107161,0.0178516,0.015
0,0.03125,0.5625,0.0586718,0.0103906,0.0188281,0.015
0,0.03125,0.59375,0.0576953,0.0100651,0.0198047,0.0149999
0,0.03125,0.625,0.0567187,0.0097396,0.0207812,0.015
0,0.03125,0.65625,0.0557421,0.00941408,0.0217578,0.0149999
0,0.03125,0.6875,0.0547656,0.00908855,0.0227344,0.0149999
0,0.03125,0.71875,0.053789,0.00876303,0.0237109,0.015
0,0.03125,0.75,0.0528124,0.00843752,0.0246875,0.0149999
0,0.03125,0.78125,0.051836,0.00811197,0.0256641,0.015
0,0.03125,0.8125,0.0508593,0.00778646,0.0266406,0.015
0,0.03125,0.84375,0.0498828,0.00746092,0.0276172,0.015
0,0.03125,0.875,0.0489062,0.00713541,0.0285937,0.015
0,0.03125,0.90625,0.0479296,0.00680989,0.0295703,0.015
0,0.03125,0.9375,0.0469531,0.00648436,0.0305468,0.015
0,0.03125,0.96875,0.0459766,0.00615884,0.0315234,0.015
0,0.03125,1,0.0449999,0.00583334,0.0325,0.0149999
0,0.0625,0,0.1075,0.0474999,0.0325,0.015
0,0.0625,0.03125,0.105547,0.046849,0.0344531,0.0149999
0,0.0625,0.0625,0.103594,0.0461979,0.0364062,0.0149999
0,0.0625,0.09375,0.101641,0.0455468,0.0383594,0.0150001
0,0.0625,0.125,0.0996874,0.0448959,0.0403125,0.0149999
0,0.0625,0.15625,0.0977343,0.0442448,0.0422656,0.0149999
0,0.0625,0.1875,0.0957812,0.0435938,0.0442186,0.0149999
0,0.0625,0.21875,0.093828,0.0429428,0.0461718,0.0149999
0,0.0625,0.25,0.0918749,0.0422917,0.048125,0.0149999
0,0.0625,0.28125,0.0899218,0.0416406,0.0500781,0.015
0,0.0625,0.3125,0.0879687,0.0409895,0.0520313,0.015
0,0.0625,0.34375,0.0860156,0.0403385,0.0539843,0.015
0,0.0625,0.375,0.0840624,0.0396876,0.0559375,0.0149999
0,0.0625,0.40625,0.0821093,0.0390365,0.0578906,0.0149999
0,0.0625,0.4375,0.0801563,0.0383854,0.0598437,0.015
0,0.0625,0.46875,0.078203,0.0377344,0.0617968,0.0149999
0,0.0625,0.5,0.07625,0.0370833,0.0637499,0.015
0,0.0625,0.53125,0.0742969,0.0364323,0.0657031,0.015
0,0.0625,0.5625,0.0723437,0.0357813,0.0676562,0.0149999
0,0.0625,0.59375,0.0703906,0.0351302,0.0696094,0.015
0,0.0625,0.625,0.0684375,0.0344791,0.0715625,0.015
0,0.0625,0.65625,0.0664844,0.0338281,0.0735156,0.0150001
0,0.0625,0.6875,0.0645312,0.0331771,0.0754688,0.015
0,0.0625,0.71875,0.0625781,0.032526,0.0774218,0.015
0,0.0625,0.75,0.060625,0.0318749,0.079375,0.015
0,0.0625,0.78125,0.0586718,0.031224,0.0813281,0.0149999
0,0.0625,0.8125,0.0567187,0.0305729,0.0832812,0.015
0,0.0625,0.84375,0.0547655,0.0299219,0.0852343,0.0149999
0,0.0625,0.875,0.0528125,0.0292709,0.0871875,0.015
0,0.0625,0.90625,0.0508593,0.0286198,0.0891406,0.015
0,0.0625,0.9375,0.0489062,0.0279688,0.0910937,0.0149999
0,0.0625,0.96875,0.0469532,0.0273177,0.0930468,0.015
0,0.0625,1,0.0449999,0.0266667,0.095,0.0149999
0,0.09375,0,0.13875,0.0787501,0.0637499,0.0149998
0,0.09375,0.03125,0.13582,0.0777734,0.0666797,0.015
0,0.09375,0.0625,0.132891,0.0767968,0.0696093,0.0149999
0,0.09375,0.09375,0.129961,0.0758202,0.0725391,0.0150001
0,0.09375,0.125,0.127031,0.0748437,0.0754687,0.015
0,0.09375,0.15625,0.124102,0.0738672,0.0783984,0.015
0,0.09375,0.1875,0.121172,0.0728905,0.0813281,0.015
0,0.09375,0.21875,0.118242,0.0719141,0.0842577,0.0149999
0,0.09375,0.25,0.115312,0.0709375,0.0871875,0.015
0,0.09375,0.28125,0.112383,0.069961,0.0901171,0.0149999
0,0.09375,0.3125,0.109453,0.0689843,0.0930468,0.015
0,0.09375,0.34375,0.106523,0.0680078,0.0959766,0.015
0,0.09375,0.375,0.103594,0.0670312,0.0989062,0.015
0,0.09375,0.40625,0.100664,0.0660547,0.101836,0.015
0,0.09375,0.4375,0.0977343,0.0650781,0.104766,0.0149999
0,0.09375,0.46875,0.0948047,0.0641015,0.107695,0.015
0,0.09375,0.5,0.0918748,0.0631251,0.110625,0.0149998
0,0.09375,0.53125,0.0889453,0.0621484,0.113555,0.015
0,0.09375,0.5625,0.0860156,0.0611718,0.116484,0.015
0,0.09375,0.59375,0.083086,0.0601953,0.119414,0.015
0,0.09375,0.625,0.0801562,0.0592187,0.122344,0.015
0,0.09375,0.65625,0.0772265,0.0582422,0.125273,0.0149999
0,0.09375,0.6875,0.0742968,0.0572657,0.128203,0.0149999
0,0.09375,0.71875,0.0713672,0.0562891,0.131133,0.015
0,0.09375,0.75,0.0684375,0.0553125,0.134062,0.015
0,0.09375,0.78125,0.0655078,0.0543359,0.136992,0.0149999
0,0.09375,0.8125,0.0625781,0.0533593,0.139922,0.015
0,0.09375,0.84375,0.0596484,0.0523828,0.142852,0.015
0,0.09375,0.875,0.0567188,0.0514062,0.145781,0.0150001
0,0.09375,0.90625,0.0537891,0.0504297,0.148711,0.015
0,0.09375,0.9375,0.0508594,0.0494531,0.151641,0.015
0,0.09375,0.96875,0.0479297,0.0484765,0.15457,0.015
0,0.09375,1,0.045,0.0475,0.1575,0.015
0,0.125,0,0.17,0.11,0.095,0.0149999
0,0.125,0.03125,0.166094,0.108698,0.0989063,0.015
0,0.125,0.0625,0.162187,0.107396,0.102812,0.015
0,0.125,0.09375,0.158281,0.106094,0.106719,0.015
0,0.125,0.125,0.154375,0.104792,0.110625,0.015
0,0.125,0.15625,0.150469,0.103489,0.114531,0.015
0,0.125,0.1875,0.146563,0.102187,0.118437,0.015
0,0.125,0.21875,0.142656,0.100885,0.122344,0.015
0,0.125,0.25,0.13875,0.0995832,0.12625,0.015
0,0.125,0.28125,0.134844,0.0982811,0.130156,0.0150001
0,0.125,0.3125,0.130938,0.0969791,0.134062,0.015
0,0.125,0.34375,0.127031,0.095677,0.137969,0.015
0,0.125,0.375,0.123125,0.094375,0.141875,0.0149999
0,0.125,0.40625,0.119219,0.0930729,0.145781,0.015
0,0.125,0.4375,0.115313,0.0917708,0.149687,0.0150001
0,0.125,0.46875,0.111406,0.0904687,0.153594,0.0149999
0,0.125,0.5,0.1075,0.0891666,0.1575,0.0150001
0,0.125,0.53125,0.103594,0.0878646,0.161406,0.0149999
0,0.125,0.5625,0.0996875,0.0865625,0.165312,0.015
0,0.125,0.59375,0.0957812,0.0852604,0.169219,0.0149999
0,0.125,0.625,0.0918751,0.0839582,0.173125,0.0150001
0,0.125,0.65625,0.087969,0.0826561,0.177031,0.0150002
0,0.125,0.6875,0.0840625,0.0813542,0.180937,0.015
0,0.125,0.71875,0.0801564,0.080052,0.184844,0.0150002
0,0.125,0.75,0.07625,0.07875,0.18875,0.015
0,0.125,0.78125,0.0723437,0.0774479,0.192656,0.015
0,0.125,0.8125,0.0684376,0.0761458,0.196562,0.0150001
0,0.125,0.84375,0.0645312,0.0748438,0.200469,0.015
0,0.125,0.875,0.0606249,0.0735417,0.204375,0.0149999
0,0.125,0.90625,0.0567187,0.0722396,0.208281,0.015
0,0.125,0.9375,0.0528124,0.0709376,0.212187,0.0149999
0,0.125,0.96875,0.0489062,0.0696354,0.216094,0.015
0,0.125,1,0.0449998,0.0683334,0.22,0.0149998
0,0.15625,0,0.20125,0.14125,0.12625,0.015
0,0.15625,0.03125,0.196367,0.139622,0.131133,0.0149998
0,0.15625,0.0625,0.191484,0.137995,0.136016,0.015
0,0.15625,0.09375,0.186601,0.136367,0.140898,0.0149999
0,0.15625,0.125,0.181719,0.13474,0.145781,0.0149998
0,0.15625,0.15625,0.176836,0.133112,0.150664,0.0149999
0,0.15625,0.1875,0.171953,0.131484,0.155547,0.0149999
0,0.15625,0.21875,0.16707,0.129857,0.16043,0.0150001
0,0.15625,0.25,0.162188,0.128229,0.165312,0.0150001
0,0.15625,0.28125,0.157305,0.126602,0.170195,0.0149999
0,0.15625,0.3125,0.152422,0.124974,0.175078,0.015
0,0.15625,0.34375,0.147539,0.123346,0.179961,0.015
0,0.15625,0.375,0.142656,0.121719,0.184844,0.0149999
0,0.15625,0.40625,0.137773,0.120091,0.189727,0.015
0,0.15625,0.4375,0.13289,0.118464,0.194609,0.0149999
0,0.15625,0.46875,0.128008,0.116836,0.199492,0.0149998
0,0.15625,0.5,0.123125,0.115208,0.204375,0.0150001
0,0.15625,0.53125,0.118242,0.113581,0.209258,0.015
0,0.15625,0.5625,0.113359,0.111953,0.214141,0.015
0,0.15625,0.59375,0.108477,0.110325,0.219023,0.015
0,0.15625,0.625,0.103593,0.108698,0.223906,0.0149997
0,0.15625,0.65625,0.098711,0.10707,0.228789,0.0150001
0,0.15625,0.6875,0.0938281,0.105443,0.233672,0.015
0,0.15625,0.71875,0.0889452,0.103815,0.238555,0.0149999
0,0.15625,0.75,0.0840625,0.102187,0.243437,0.015
0,0.15625,0.78125,0.0791797,0.10056,0.24832,0.015
0,0.15625,0.8125,0.0742969,0.0989322,0.253203,0.015
0,0.15625,0.84375,0.069414,0.0973047,0.258086,0.0149999
0,0.15625,0.875,0.0645314,0.0956771,0.262969,0.0150001
0,0.15625,0.90625,0.0596486,0.0940494,0.267852,0.0150001
0,0.15625,0.9375,0.0547654,0.092422,0.272734,0.0149997
0,0.15625,0.96875,0.0498829,0.0907942,0.277617,0.0150001
0,0.15625,1,0.045,0.0891667,0.2825,0.015
0,0.1875,0,0.2325,0.1725,0.1575,0.0149999
0,0.1875,0.03125,0.226641,0.170547,0.163359,0.0150001
0,0.1875,0.0625,0.220781,0.168594,0.169219,0.015
0,0.1875,0.09375,0.214922,0.16664,0.175078,0.0150001
0,0.1875,0.125,0.209062,0.164688,0.180937,0.015
0,0.1875,0.15625,0.203203,0.162734,0.186797,0.015
0,0.1875,0.1875,0.197344,0.160781,0.192656,0.0149999
0,0.1875,0.21875,0.191484,0.158828,0.198516,0.0149998
0,0.1875,0.25,0.185625,0.156875,0.204375,0.015
0,0.1875,0.28125,0.179766,0.154922,0.210234,0.015
0,0.1875,0.3125,0.173906,0.152969,0.216094,0.0149999
0,0.1875,0.34375,0.168047,0.151016,0.221953,0.0149999
0,0.1875,0.375,0.162188,0.149062,0.227813,0.0150001
0,0.1875,0.40625,0.156328,0.147109,0.233672,0.0149999
0,0.1875,0.4375,0.150469,0.145156,0.239531,0.015
0,0.1875,0.46875,0.144609,0.143203,0.245391,0.0150001
0,0.1875,0.5,0.13875,0.14125,0.25125,0.015
0,0.1875,0.53125,0.132891,0.139297,0.257109,0.0150001
0,0.1875,0.5625,0.127031,0.137344,0.262969,0.0150001
0,0.1875,0.59375,0.121172,0.13539,0.268828,0.015
0,0.1875,0.625,0.115312,0.133438,0.274687,0.0149998
0,0.1875,0.65625,0.109453,0.131484,0.280547,0.015
0,0.1875,0.6875,0.103594,0.129531,0.286406,0.0149999
0,0.1875,0.71875,0.0977346,0.127578,0.292266,0.0150002
0,0.1875,0.75,0.0918749,0.125625,0.298125,0.0149999
0,0.1875,0.78125,0.0860156,0.123672,0.303984,0.015
0,0.1875,0.8125,0.0801563,0.121719,0.309844,0.015
0,0.1875,0.84375,0.0742968,0.119766,0.315703,0.0149999
0,0.1875,0.875,0.0684374,0.117812,0.321562,0.0149999
0,0.1875,0.90625,0.0625783,0.115859,0.327422,0.0150002
0,0.1875,0.9375,0.0567186,0.113906,0.333281,0.0149999
0,0.1875,0.96875,0.0508596,0.111953,0.339141,0.0150002
0,0.1875,1,0.0449999,0.11,0.345,0.0149999
0,0.21875,0,0.26375,0.20375,0.18875,0.015
0,0.21875,0.03125,0.256914,0.201471,0.195586,0.0149999
0,0.21875,0.0625,0.250078,0.199193,0.202422,0.0149999
0,0.21875,0.09375,0.243242,0.196914,0.209258,0.015
0,0.21875,0.125,0.236406,0.194636,0.216094,0.0149999
0,0.21875,0.15625,0.22957,0.192357,0.22293,0.015
0,0.21875,0.1875,0.222735,0.190078,0.229766,0.0150001
0,0.21875,0.21875,0.215898,0.187799,0.236602,0.015
0,0.21875,0.25,0.209062,0.185521,0.243437,0.0149998
0,0.21875,0.28125,0.202226,0.183242,0.250273,0.0149999
0,0.21875,0.3125,0.195391,0.180964,0.257109,0.015
0,0.21875,0.34375,0.188555,0.178685,0.263945,0.0149999
0,0.21875,0.375,0.181719,0.176406,0.270781,0.015
0,0.21875,0.40625,0.174883,0.174128,0.277617,0.015
0,0.21875,0.4375,0.168047,0.171849,0.284453,0.0149999
0,0.21875,0.46875,0.161211,0.16957,0.291289,0.015
0,0.21875,0.5,0.154375,0.167292,0.298125,0.0149999
0,0.21875,0.53125,0.147539,0.165013,0.304961,0.0149998
0,0.21875,0.5625,0.140703,0.162734,0.311797,0.0150001
0,0.21875,0.59375,0.133867,0.160456,0.318633,0.0150001
0,0.21875,0.625,0.127031,0.158177,0.325469,0.0150001
0,0.21875,0.65625,0.120195,0.155898,0.332305,0.0149999
0,0.21875,0.6875,0.113359,0.15362,0.339141,0.015
0,0.21875,0.71875,0.106524,0.151341,0.345977,0.0150002
0,0.21875,0.75,0.0996874,0.149062,0.352812,0.0149999
0,0.21875,0.78125,0.0928517,0.146784,0.359648,0.0150001
0,0.21875,0.8125,0.0860156,0.144505,0.366484,0.015
0,0.21875,0.84375,0.0791796,0.142227,0.37332,0.0149999
0,0.21875,0.875,0.0723436,0.139948,0.380156,0.0149998
0,0.21875,0.90625,0.0655077,0.137669,0.386992,0.0149999
0,0.21875,0.9375,0.0586716,0.135391,0.393828,0.0149998
0,0.21875,0.96875,0.0518363,0.133112,0.400664,0.0150003
0,0.21875,1,0.0450008,0.130833,0.4075,0.0150008
0,0.25,0,0.295,0.235,0.22,0.0149999
0,0.25,0.03125,0.287187,0.232396,0.227812,0.0149999
0,0.25,0.0625,0.279375,0.229792,0.235625,0.0150002
0,0.25,0.09375,0.271562,0.227188,0.243437,0.0149997
0,0.25,0.125,0.26375,0.224583,0.25125,0.015
0,0.25,0.15625,0.255937,0.221979,0.259062,0.0149999
0,0.25,0.1875,0.248125,0.219375,0.266875,0.015
0,0.25,0.21875,0.240312,0.216771,0.274687,0.015
0,0.25,0.25,0.2325,0.214167,0.2825,0.0150001
0,0.25,0.28125,0.224688,0.211562,0.290313,0.0150001
0,0.25,0.3125,0.216875,0.208958,0.298125,0.0150001
0,0.25,0.34375,0.209062,0.206354,0.305937,0.0149997
0,0.25,0.375,0.20125,0.20375,0.31375,0.015
0,0.25,0.40625,0.193438,0.201146,0.321562,0.0150001
0,0.25,0.4375,0.185625,0.198542,0.329375,0.0150001
0,0.25,0.46875,0.177813,0.195937,0.337187,0.0150003
0,0.25,0.5,0.17,0.193333,0.345,0.0149999
0,0.25,0.53125,0.162188,0.190729,0.352812,0.015
0,0.25,0.5625,0.154375,0.188125,0.360625,0.0150003
0,0.25,0.59375,0.146562,0.185521,0.368437,0.0149999
0,0.25,0.625,0.13875,0.182917,0.37625,0.0150002
0,0.25,0.65625,0.130937,0.180313,0.384062,0.0149999
0,0.25,0.6875,0.123125,0.177708,0.391875,0.0150002
0,0.25,0.71875,0.115312,0.175104,0.399687,0.0149999
0,0.25,0.75,0.1075,0.1725,0.4075,0.0150001
0,0.25,0.78125,0.0996876,0.169896,0.415312,0.0150001
0,0.25,0.8125,0.0918749,0.167292,0.423125,0.0149999
0,0.25,0.84375,0.0840622,0.164688,0.430937,0.0149997
0,0.25,0.875,0.0762497,0.162083,0.43875,0.0149997
0,0.25,0.90625,0.0684373,0.159479,0.446563,0.0149998
0,0.25,0.9375,0.0606248,0.156875,0.454375,0.0149998
0,0.25,0.96875,0.0528128,0.154271,0.462187,0.0150003
0,0.25,1,0.0449997,0.151667,0.47,0.0149997
0,0.28125,0,0.32625,0.26625,0.25125,0.015
0,0.28125,0.03125,0.317461,0.26332,0.260039,0.0149999
0,0.28125,0.0625,0.308672,0.260391,0.268828,0.015
0,0.28125,0.09375,0.299883,0.257461,0.277617,0.015
0,0.28125,0.125,0.291094,0.254531,0.286406,0.0150001
0,0.28125,0.15625,0.282305,0.251602,0.295195,0.015
0,0.28125,0.1875,0.273516,0.248672,0.303984,0.0149999
0,0.28125,0.21875,0.264727,0.245742,0.312773,0.0150001
0,0.28125,0.25,0.255938,0.242812,0.321562,0.0150002
0,0.28125,0.28125,0.247148,0.239883,0.330351,0.0149997
0,0.28125,0.3125,0.238359,0.236953,0.339141,0.015
0,0.28125,0.34375,0.22957,0.234023,0.34793,0.0150001
0,0.28125,0.375,0.220781,0.231094,0.356719,0.015
0,0.28125,0.40625,0.211992,0.228164,0.365508,0.0150001
0,0.28125,0.4375,0.203203,0.225234,0.374297,0.0149999
0,0.28125,0.46875,0.194414,0.222305,0.383086,0.015
0,0.28125,0.5,0.185625,0.219375,0.391875,0.015
0,0.28125,0.53125,0.176836,0.216445,0.400664,0.0149998
0,0.28125,0.5625,0.168047,0.213516,0.409453,0.0149998
0,0.28125,0.59375,0.159258,0.210586,0.418242,0.0149999
0,0.28125,0.625,0.150469,0.207656,0.427031,0.0150003
0,0.28125,0.65625,0.14168,0.204726,0.43582,0.0150001
0,0.28125,0.6875,0.132891,0.201797,0.444609,0.015
0,0.28125,0.71875,0.124102,0.198867,0.453398,0.015
0,0.28125,0.75,0.115312,0.195938,0.462187,0.0149998
0,0.28125,0.78125,0.106524,0.193008,0.470977,0.0150001
0,0.28125,0.8125,0.0977347,0.190078,0.479766,0.0150004
0,0.28125,0.84375,0.0889457,0.187148,0.488554,0.0150004
0,0.28125,0.875,0.0801563,0.184219,0.497344,0.0150001
0,0.28125,0.90625,0.0713675,0.181289,0.506133,0.0150004
0,0.28125,0.9375,0.062578,0.178359,0.514922,0.0149999
0,0.28125,0.96875,0.0537892,0.17543,0.523711,0.0150001
0,0.28125,1,0.0450005,0.1725,0.5325,0.0150005
0,0.3125,0,0.3575,0.2975,0.2825,0.0149997
0,0.3125,0.03125,0.347734,0.294245,0.292265,0.0149998
0,0.3125,0.0625,0.337969,0.290989,0.302031,0.0150002
0,0.3125,0.09375,0.328203,0.287734,0.311797,0.015
0,0.3125,0.125,0.318438,0.284479,0.321562,0.0150002
0,0.3125,0.15625,0.308672,0.281224,0.331328,0.0149999
0,0.3125,0.1875,0.298906,0.277969,0.341094,0.0150001
0,0.3125,0.21875,0.289141,0.274714,0.350859,0.015
0,0.3125,0.25,0.279375,0.271458,0.360625,0.0150001
0,0.3125,0.28125,0.269609,0.268203,0.370391,0.015
0,0.3125,0.3125,0.259844,0.264948,0.380156,0.0150001
0,0.3125,0.34375,0.250078,0.261693,0.389922,0.015
0,0.3125,0.375,0.240313,0.258437,0.399687,0.0150001
0,0.3125,0.40625,0.230547,0.255182,0.409453,0.015
0,0.3125,0.4375,0.220781,0.251927,0.419219,0.015
0,0.3125,0.46875,0.211016,0.248672,0.428984,0.0149999
0,0.3125,0.5,0.20125,0.245417,0.43875,0.0149998
0,0.3125,0.53125,0.191484,0.242161,0.448515,0.015
0,0.3125,0.5625,0.181719,0.238906,0.458281,0.0150002
0,0.3125,0.59375,0.171953,0.235651,0.468047,0.0149999
0,0.3125,0.625,0.162187,0.232396,0.477812,0.0149997
0,0.3125,0.65625,0.152422,0.229141,0.487578,0.0149997
0,0.3125,0.6875,0.142656,0.225885,0.497344,0.0149998
0,0.3125,0.71875,0.132891,0.22263,0.507109,0.015
0,0.3125,0.75,0.123125,0.219375,0.516875,0.0150001
0,0.3125,0.78125,0.113359,0.21612,0.52664,0.0149994
0,0.3125,0.8125,0.103594,0.212865,0.536406,0.015
0,0.3125,0.84375,0.0938279,0.209609,0.546172,0.0149998
0,0.3125,0.875,0.0840627,0.206354,0.555937,0.0150002
0,0.3125,0.90625,0.0742976,0.203099,0.565703,0.0150007
0,0.3125,0.9375,0.0645304,0.199844,0.575469,0.0149992
0,0.3125,0.96875,0.0547653,0.196589,0.585234,0.0149997
0,0.3125,1,0.0449991,0.193333,0.595,0.0149991
0,0.34375,0,0.38875,0.32875,0.31375,0.0149998
0,0.34375,0.03125,0.378008,0.325169,0.324492,0.015
0,0.34375,0.0625,0.367266,0.321588,0.335234,0.015
0,0.34375,0.09375,0.356523,0.318008,0.345976,0.015
0,0.34375,0.125,0.345781,0.314427,0.356719,0.0149997
0,0.34375,0.15625,0.335039,0.310846,0.367461,0.015
0,0.34375,0.1875,0.324297,0.307266,0.378203,0.0149999
0,0.34375,0.21875,0.313554,0.303685,0.388945,0.0149998
0,0.34375,0.25,0.302813,0.300104,0.399687,0.0150002
0,0.34375,0.28125,0.29207,0.296523,0.41043,0.0149999
0,0.34375,0.3125,0.281328,0.292943,0.421172,0.015
0,0.34375,0.34375,0.270586,0.289362,0.431914,0.0149999
0,0.34375,0.375,0.259844,0.285781,0.442656,0.0149999
0,0.34375,0.40625,0.249102,0.282201,0.453398,0.0150001
0,0.34375,0.4375,0.238359,0.27862,0.464141,0.0149995
0,0.34375,0.46875,0.227617,0.275039,0.474883,0.0150001
0,0.34375,0.5,0.216875,0.271458,0.485625,0.0149998
0,0.34375,0.53125,0.206133,0.267878,0.496367,0.0150002
0,0.34375,0.5625,0.19539,0.264297,0.507109,0.0149997
0,0.34375,0.59375,0.184648,0.260716,0.517851,0.015
0,0.34375,0.625,0.173906,0.257136,0.528594,0.0149999
0,0.34375,0.65625,0.163164,0.253555,0.539336,0.0150001
0,0.34375,0.6875,0.152422,0.249974,0.550078,0.015
0,0.34375,0.71875,0.14168,0.246393,0.56082,0.0150002
0,0.34375,0.75,0.130937,0.242813,0.571562,0.0149999
0,0.34375,0.78125,0.120195,0.239232,0.582305,0.0149994
0,0.34375,0.8125,0.109453,0.235651,0.593047,0.0150001
0,0.34375,0.84375,0.098711,0.23207,0.603789,0.0150001
0,0.34375,0.875,0.0879689,0.228489,0.614531,0.0150001
0,0.34375,0.90625,0.0772264,0.224909,0.625274,0.0149998
0,0.34375,0.9375,0.0664846,0.221328,0.636016,0.0150003
0,0.34375,0.96875,0.0557415,0.217747,0.646758,0.0149993
0,0.34375,1,0.0450006,0.214167,0.6575,0.0150006
0,0.375,0,0.42,0.36,0.345,0.015
0,0.375,0.03125,0.408281,0.356094,0.356719,0.0150001
0,0.375,0.0625,0.396563,0.352187,0.368437,0.0150001
0,0.375,0.09375,0.384844,0.348281,0.380156,0.0150002
0,0.375,0.125,0.373125,0.344375,0.391875,0.015
0,0.375,0.15625,0.361406,0.340469,0.403594,0.0150001
0,0.375,0.1875,0.349688,0.336562,0.415312,0.015
0,0.375,0.21875,0.337969,0.332656,0.427031,0.0149999
0,0.375,0.25,0.32625,0.32875,0.43875,0.0149998
0,0.375,0.28125,0.314531,0.324844,0.450469,0.015
0,0.375,0.3125,0.302813,0.320937,0.462187,0.0150001
0,0.375,0.34375,0.291094,0.317031,0.473906,0.0150002
0,0.375,0.375,0.279375,0.313125,0.485625,0.015
0,0.375,0.40625,0.267656,0.309219,0.497344,0.0150001
0,0.375,0.4375,0.255938,0.305312,0.509062,0.0150002
0,0.375,0.46875,0.244219,0.301406,0.520781,0.0150003
0,0.375,0.5,0.2325,0.2975,0.5325,0.0149999
0,0.375,0.53125,0.220781,0.293594,0.544219,0.015
0,0.375,0.5625,0.209063,0.289687,0.555937,0.0150003
0,0.375,0.59375,0.197344,0.285781,0.567656,0.0150001
0,0.375,0.625,0.185625,0.281875,0.579375,0.0150005
0,0.375,0.65625,0.173906,0.277969,0.591094,0.0150002
0,0.375,0.6875,0.162188,0.274062,0.602812,0.0150002
0,0.375,0.71875,0.150469,0.270156,0.614531,0.0149998
0,0.375,0.75,0.13875,0.26625,0.62625,0.0149997
0,0.375,0.78125,0.127032,0.262344,0.637969,0.0150003
0,0.375,0.8125,0.115313,0.258437,0.649687,0.0150003
0,0.375,0.84375,0.103594,0.254531,0.661406,0.0149998
0,0.375,0.875,0.0918741,0.250625,0.673125,0.0149991
0,0.375,0.90625,0.0801562,0.246719,0.684844,0.0149999
0,0.375,0.9375,0.0684376,0.242812,0.696562,0.0150001
0,0.375,0.96875,0.056719,0.238906,0.708281,0.0150002
0,0.375,1,0.0450001,0.235,0.72,0.0150001
0,0.40625,0,0.45125,0.39125,0.37625,0.0149999
0,0.40625,0.03125,0.438555,0.387018,0.388945,0.0150003
0,0.40625,0.0625,0.425859,0.382786,0.401641,0.0150001
0,0.40625,0.09375,0.413164,0.378555,0.414336,0.0149999
0,0.40625,0.125,0.400469,0.374323,0.427031,0.015
0,0.40625,0.15625,0.387774,0.370091,0.439727,0.0150002
0,0.40625,0.1875,0.375078,0.365859,0.452422,0.015
0,0.40625,0.21875,0.362383,0.361628,0.465117,0.0149997
0,0.40625,0.25,0.349687,0.357396,0.477812,0.0149998
0,0.40625,0.28125,0.336992,0.353164,0.490508,0.0149998
0,0.40625,0.3125,0.324297,0.348932,0.503203,0.0149997
0,0.40625,0.34375,0.311602,0.3447,0.515898,0.0150002
0,0.40625,0.375,0.298906,0.340469,0.528594,0.0149997
0,0.40625,0.40625,0.286211,0.336237,0.541289,0.0149999
0,0.40625,0.4375,0.273516,0.332005,0.553984,0.0150001
0,0.40625,0.46875,0.260821,0.327773,0.56668,0.0150003
0,0.40625,0.5,0.248125,0.323542,0.579375,0.0150002
0,0.40625,0.53125,0.23543,0.31931,0.59207,0.015
0,0.40625,0.5625,0.222734,0.315078,0.604766,0.0149996
0,0.40625,0.59375,0.210039,0.310846,0.617461,0.0150002
0,0.40625,0.625,0.197344,0.306614,0.630156,0.0150004
0,0.40625,0.65625,0.184649,0.302383,0.642851,0.0150002
0,0.40625,0.6875,0.171954,0.298151,0.655547,0.0150007
0,0.40625,0.71875,0.159258,0.293919,0.668242,0.0150002
0,0.40625,0.75,0.146563,0.289687,0.680937,0.0150004
0,0.40625,0.78125,0.133868,0.285456,0.693633,0.0150003
0,0.40625,0.8125,0.121172,0.281224,0.706328,0.0150001
0,0.40625,0.84375,0.108477,0.276992,0.719023,0.0150008
0,0.40625,0.875,0.0957812,0.27276,0.731719,0.015
0,0.40625,0.90625,0.0830862,0.268528,0.744414,0.0150003
0,0.40625,0.9375,0.0703907,0.264297,0.757109,0.015
0,0.40625,0.96875,0.0576966,0.260065,0.769805,0.0150013
0,0.40625,1,0.0449988,0.255833,0.7825,0.0149988
0,0.4375,0,0.4825,0.4225,0.4075,0.0149998
0,0.4375,0.03125,0.468828,0.417943,0.421172,0.0150001
0,0.4375,0.0625,0.455157,0.413385,0.434844,0.0150003
0,0.4375,0.09375,0.441484,0.408828,0.448515,0.015
0,0.4375,0.125,0.427813,0.40427,0.462187,0.0150004
0,0.4375,0.15625,0.414141,0.399713,0.475859,0.0150001
0,0.4375,0.1875,0.400469,0.395156,0.489531,0.0149999
0,0.4375,0.21875,0.386797,0.390599,0.503203,0.0149998
0,0.4375,0.25,0.373125,0.386042,0.516875,0.0149999
0,0.4375,0.28125,0.359453,0.381485,0.530547,0.0149997
0,0.4375,0.3125,0.345781,0.376927,0.544219,0.0150002
0,0.4375,0.34375,0.332109,0.37237,0.557891,0.0149997
0,0.4375,0.375,0.318437,0.367813,0.571562,0.0149999
0,0.4375,0.40625,0.304765,0.363255,0.585234,0.0149998
0,0.4375,0.4375,0.291094,0.358698,0.598906,0.0149998
0,0.4375,0.46875,0.277422,0.354141,0.612578,0.0149998
0,0.4375,0.5,0.26375,0.349583,0.62625,0.0149998
0,0.4375,0.53125,0.250078,0.345026,0.639922,0.0149998
0,0.4375,0.5625,0.236406,0.340469,0.653594,0.0149997
0,0.4375,0.59375,0.222734,0.335911,0.667266,0.0149999
0,0.4375,0.625,0.209062,0.331354,0.680937,0.0149997
0,0.4375,0.65625,0.19539,0.326797,0.694609,0.0149998
0,0.4375,0.6875,0.181719,0.322239,0.708281,0.0150006
0,0.4375,0.71875,0.168047,0.317682,0.721953,0.0150001
0,0.4375,0.75,0.154375,0.313125,0.735625,0.0150001
0,0.4375,0.78125,0.140703,0.308568,0.749297,0.0149998
0,0.4375,0.8125,0.127031,0.30401,0.762969,0.0150002
0,0.4375,0.84375,0.11336,0.299453,0.776641,0.0150003
0,0.4375,0.875,0.0996869,0.294896,0.790312,0.0149994
0,0.4375,0.90625,0.0860149,0.290339,0.803984,0.0149992
0,0.4375,0.9375,0.0723422,0.285782,0.817656,0.0149985
0,0.4375,0.96875,0.0586726,0.281224,0.831328,0.0150007
0,0.4375,1,0.0450015,0.276666,0.845,0.0150015
0,0.46875,0,0.51375,0.45375,0.43875,0.0149998
0,0.46875,0.03125,0.499102,0.448867,0.453399,0.0150001
0,0.46875,0.0625,0.484454,0.443984,0.468047,0.0150004
0,0.46875,0.09375,0.469805,0.439102,0.482695,0.015
0,0.46875,0.125,0.455156,0.434219,0.497344,0.0149997
0,0.46875,0.15625,0.440508,0.429336,0.511992,0.0149998
0,0.46875,0.1875,0.425859,0.424453,0.52664,0.0149999
0,0.46875,0.21875,0.411211,0.41957,0.541289,0.0149999
0,0.46875,0.25,0.396563,0.414687,0.555937,0.0150001
0,0.46875,0.28125,0.381914,0.409805,0.570586,0.015
0,0.46875,0.3125,0.367265,0.404922,0.585234,0.0149997
0,0.46875,0.34375,0.352617,0.400039,0.599883,0.015
0,0.46875,0.375,0.337969,0.395156,0.614531,0.0150001
0,0.46875,0.40625,0.32332,0.390273,0.62918,0.0150002
0,0.46875,0.4375,0.308672,0.385391,0.643828,0.0149999
0,0.46875,0.46875,0.294024,0.380508,0.658477,0.0150004
0,0.46875,0.5,0.279375,0.375625,0.673125,0.0150005
0,0.46875,0.53125,0.264727,0.370742,0.687773,0.015
0,0.46875,0.5625,0.250078,0.36586,0.702422,0.0149996
0,0.46875,0.59375,0.23543,0.360977,0.71707,0.0149999
0,0.46875,0.625,0.220781,0.356094,0.731718,0.015
0,0.46875,0.65625,0.206133,0.351211,0.746367,0.0150003
0,0.46875,0.6875,0.191484,0.346328,0.761015,0.0149997
0,0.46875,0.71875,0.176835,0.341445,0.775664,0.0149995
0,0.46875,0.75,0.162188,0.336562,0.790312,0.015
0,0.46875,0.78125,0.147539,0.33168,0.804961,0.0149995
0,0.46875,0.8125,0.132891,0.326797,0.819609,0.0150003
0,0.46875,0.84375,0.118242,0.321914,0.834258,0.0149998
0,0.46875,0.875,0.103593,0.317031,0.848906,0.0149996
0,0.46875,0.90625,0.0889451,0.312148,0.863555,0.0149998
0,0.46875,0.9375,0.0742973,0.307266,0.878203,0.0150004
0,0.46875,0.96875,0.0596484,0.302383,0.892852,0.015
0,0.46875,1,0.0450012,0.2975,0.9075,0.0150012
0,0.5,0,0.545,0.485,0.47,0.0150002
0,0.5,0.03125,0.529375,0.479792,0.485625,0.0149998
0,0.5,0.0625,0.51375,0.474583,0.50125,0.015
0,0.5,0.09375,0.498125,0.469375,0.516875,0.0150001
0,0.5,0.125,0.4825,0.464167,0.5325,0.015
0,0.5,0.15625,0.466875,0.458958,0.548125,0.0150003
0,0.5,0.1875,0.45125,0.45375,0.56375,0.0150001
0,0.5,0.21875,0.435625,0.448541,0.579375,0.015
0,0.5,0.25,0.42,0.443333,0.595,0.0150002
0,0.5,0.28125,0.404375,0.438125,0.610625,0.015
0,0.5,0.3125,0.38875,0.432917,0.62625,0.015
0,0.5,0.34375,0.373125,0.427709,0.641875,0.0149996
0,0.5,0.375,0.3575,0.4225,0.6575,0.015
0,0.5,0.40625,0.341875,0.417292,0.673125,0.015
0,0.5,0.4375,0.32625,0.412083,0.68875,0.0150005
0,0.5,0.46875,0.310625,0.406875,0.704375,0.0150001
0,0.5,0.5,0.295,0.401667,0.72,0.0149995
0,0.5,0.53125,0.279375,0.396458,0.735625,0.0149998
0,0.5,0.5625,0.26375,0.39125,0.75125,0.0149996
0,0.5,0.59375,0.248125,0.386042,0.766875,0.015
0,0.5,0.625,0.2325,0.380833,0.7825,0.0149998
0,0.5,0.65625,0.216874,0.375625,0.798125,0.0149993
0,0.5,0.6875,0.20125,0.370417,0.81375,0.0150002
0,0.5,0.71875,0.185626,0.365208,0.829375,0.0150006
0,0.5,0.75,0.169999,0.36,0.845,0.0149992
0,0.5,0.78125,0.154374,0.354792,0.860625,0.0149991
0,0.5,0.8125,0.13875,0.349583,0.87625,0.0150002
0,0.5,0.84375,0.123125,0.344375,0.891875,0.0150003
0,0.5,0.875,0.107499,0.339167,0.9075,0.0149987
0,0.5,0.90625,0.0918739,0.333959,0.923125,0.0149989
0,0.5,0.9375,0.07625,0.32875,0.93875,0.015
0,0.5,0.96875,0.0606251,0.323542,0.954375,0.0150001
0,0.5,1,0.045,0.318334,0.97,0.015
0,0.53125,0,0.57625,0.51625,0.50125,0.0150002
0,0.53125,0.03125,0.561601,0.511367,0.515898,0.0149999
0,0.53125,0.0625,0.546953,0.506484,0.530547,0.0150001
0,0.53125,0.09375,0.532305,0.501602,0.545195,0.0150002
0,0.53125,0.125,0.517656,0.496719,0.559844,0.0149999
0,0.53125,0.15625,0.503008,0.491836,0.574492,0.0149999
0,0.53125,0.1875,0.48836,0.486953,0.589141,0.0150004
0,0.53125,0.21875,0.473711,0.48207,0.603789,0.0149999
0,0.53125,0.25,0.459062,0.477188,0.618438,0.0149998
0,0.53125,0.28125,0.444414,0.472304,0.633086,0.015
0,0.53125,0.3125,0.429766,0.467422,0.647734,0.0150002
0,0.53125,0.34375,0.415117,0.462539,0.662383,0.0150002
0,0.53125,0.375,0.400469,0.457656,0.677031,0.0149999
0,0.53125,0.40625,0.38582,0.452773,0.69168,0.0149999
0,0.53125,0.4375,0.371172,0.44789,0.706328,0.0150003
0,0.53125,0.46875,0.356524,0.443008,0.720976,0.0150002
0,0.53125,0.5,0.341875,0.438125,0.735625,0.0150003
0,0.53125,0.53125,0.327227,0.433242,0.750273,0.0150004
0,0.53125,0.5625,0.312578,0.42836,0.764922,0.0149998
0,0.53125,0.59375,0.29793,0.423477,0.77957,0.0150003
0,0.53125,0.625,0.283281,0.418594,0.794219,0.015
0,0.53125,0.65625,0.268633,0.413711,0.808867,0.0150003
0,0.53125,0.6875,0.253985,0.408828,0.823515,0.0150006
0,0.53125,0.71875,0.239336,0.403945,0.838164,0.0149998
0,0.53125,0.75,0.224687,0.399063,0.852812,0.0149994
0,0.53125,0.78125,0.21004,0.39418,0.867461,0.0150005
0,0.53125,0.8125,0.195391,0.389297,0.882109,0.0150005
0,0.53125,0.84375,0.180742,0.384414,0.896758,0.0149997
0,0.53125,0.875,0.166095,0.379531,0.911406,0.0150009
0,0.53125,0.90625,0.151445,0.374648,0.926055,0.0149998
0,0.53125,0.9375,0.136797,0.369766,0.940703,0.0149998
0,0.53125,0.96875,0.122149,0.364883,0.955351,0.0150004
0,0.53125,1,0.1075,0.36,0.97,0.0150004
0,0.5625,0,0.6075,0.5475,0.5325,0.015
0,0.5625,0.03125,0.593828,0.542943,0.546172,0.0149999
0,0.5625,0.0625,0.580156,0.538386,0.559844,0.0149999
0,0.5625,0.09375,0.566484,0.533828,0.573515,0.0150001
0,0.5625,0.125,0.552813,0.529271,0.587187,0.0150002
0,0.5625,0.15625,0.53914,0.524714,0.600859,0.0149995
0,0.5625,0.1875,0.525469,0.520156,0.614531,0.015
0,0.5625,0.21875,0.511797,0.515599,0.628203,0.0150003
0,0.5625,0.25,0.498125,0.511042,0.641875,0.015
0,0.5625,0.28125,0.484453,0.506485,0.655547,0.0149995
0,0.5625,0.3125,0.470781,0.501927,0.669219,0.0150001
0,0.5625,0.34375,0.457109,0.49737,0.68289,0.0150001
0,0.5625,0.375,0.443438,0.492812,0.696563,0.015
0,0.5625,0.40625,0.429765,0.488255,0.710234,0.0149994
0,0.5625,0.4375,0.416094,0.483698,0.723906,0.0150006
0,0.5625,0.46875,0.402422,0.47914,0.737578,0.0150001
0,0.5625,0.5,0.38875,0.474583,0.75125,0.0150003
0,0.5625,0.53125,0.375078,0.470026,0.764922,0.0149995
0,0.5625,0.5625,0.361406,0.465469,0.778594,0.0149994
0,0.5625,0.59375,0.347735,0.460911,0.792266,0.0150003
0,0.5625,0.625,0.334063,0.456354,0.805938,0.0150002
0,0.5625,0.65625,0.32039,0.451797,0.819609,0.0149998
0,0.5625,0.6875,0.306719,0.447239,0.833281,0.0150006
0,0.5625,0.71875,0.293047,0.442682,0.846953,0.0149999
0,0.5625,0.75,0.279375,0.438125,0.860625,0.015
0,0.5625,0.78125,0.265703,0.433568,0.874297,0.015
0,0.5625,0.8125,0.252032,0.42901,0.887969,0.0150009
0,0.5625,0.84375,0.23836,0.424453,0.901641,0.0150004
0,0.5625,0.875,0.224688,0.419896,0.915313,0.0150006
0,0.5625,0.90625,0.211015,0.415339,0.928984,0.0149998
0,0.5625,0.9375,0.197345,0.410781,0.942656,0.0150011
0,0.5625,0.96875,0.183671,0.406224,0.956328,0.0149994
0,0.5625,1,0.17,0.401667,0.97,0.0149996
0,0.59375,0,0.63875,0.57875,0.56375,0.0150001
0,0.59375,0.03125,0.626055,0.574518,0.576445,0.0150003
0,0.59375,0.0625,0.613359,0.570287,0.589141,0.015
0,0.59375,0.09375,0.600664,0.566055,0.601836,0.0149999
0,0.59375,0.125,0.587969,0.561823,0.614531,0.015
0,0.59375,0.15625,0.575274,0.557591,0.627226,0.0150005
0,0.59375,0.1875,0.562578,0.553359,0.639922,0.0150004
0,0.59375,0.21875,0.549883,0.549128,0.652617,0.0150001
0,0.59375,0.25,0.537188,0.544896,0.665312,0.015
0,0.59375,0.28125,0.524493,0.540664,0.678008,0.0150004
0,0.59375,0.3125,0.511797,0.536432,0.690703,0.015
0,0.59375,0.34375,0.499102,0.532201,0.703398,0.0150002
0,0.59375,0.375,0.486406,0.527969,0.716094,0.0149997
0,0.59375,0.40625,0.473711,0.523737,0.728789,0.0149997
0,0.59375,0.4375,0.461016,0.519505,0.741484,0.0150003
0,0.59375,0.46875,0.44832,0.515273,0.75418,0.0150001
0,0.59375,0.5,0.435624,0.511042,0.766875,0.0149993
0,0.59375,0.53125,0.422929,0.50681,0.77957,0.0149998
0,0.59375,0.5625,0.410234,0.502578,0.792266,0.0150001
0,0.59375,0.59375,0.397539,0.498346,0.804961,0.0150001
0,0.59375,0.625,0.384843,0.494115,0.817656,0.0149995
0,0.59375,0.65625,0.372149,0.489883,0.830352,0.0150001
0,0.59375,0.6875,0.359453,0.485651,0.843047,0.0150002
0,0.59375,0.71875,0.346757,0.48142,0.855742,0.0149991
0,0.59375,0.75,0.334062,0.477188,0.868437,0.0149996
0,0.59375,0.78125,0.321368,0.472956,0.881133,0.0150004
0,0.59375,0.8125,0.308672,0.468724,0.893828,0.0150005
0,0.59375,0.84375,0.295977,0.464492,0.906523,0.0150003
0,0.59375,0.875,0.283281,0.460261,0.919219,0.0149994
0,0.59375,0.90625,0.270585,0.456029,0.931914,0.0149987
0,0.59375,0.9375,0.25789,0.451797,0.944609,0.0149995
0,0.59375,0.96875,0.245195,0.447565,0.957305,0.0149993
0,0.59375,1,0.2325,0.443333,0.97,0.0150003
0,0.625,0,0.67,0.61,0.595,0.0149998
0,0.625,0.03125,0.658281,0.606094,0.606718,0.0149999
0,0.625,0.0625,0.646563,0.602187,0.618437,0.0150002
0,0.625,0.09375,0.634844,0.598281,0.630156,0.015
0,0.625,0.125,0.623125,0.594375,0.641875,0.0149999
0,0.625,0.15625,0.611406,0.590469,0.653594,0.015
0,0.625,0.1875,0.599687,0.586562,0.665312,0.0149999
0,0.625,0.21875,0.587969,0.582656,0.677031,0.0149999
0,0.625,0.25,0.57625,0.57875,0.68875,0.0149999
0,0.625,0.28125,0.564531,0.574844,0.700469,0.0149999
0,0.625,0.3125,0.552812,0.570938,0.712187,0.0149999
0,0.625,0.34375,0.541094,0.567031,0.723906,0.0150002
0,0.625,0.375,0.529375,0.563125,0.735625,0.015
0,0.625,0.40625,0.517656,0.559219,0.747344,0.0149997
0,0.625,0.4375,0.505938,0.555312,0.759062,0.0150001
0,0.625,0.46875,0.494218,0.551407,0.770781,0.0149991
0,0.625,0.5,0.4825,0.5475,0.7825,0.015
0,0.625,0.53125,0.470781,0.543594,0.794218,0.0149999
0,0.625,0.5625,0.459062,0.539688,0.805937,0.0149999
0,0.625,0.59375,0.447344,0.535781,0.817656,0.0149999
0,0.625,0.625,0.435625,0.531875,0.829375,0.0150002
0,0.625,0.65625,0.423906,0.527969,0.841094,0.0149997
0,0.625,0.6875,0.412188,0.524062,0.852813,0.0150001
0,0.625,0.71875,0.400468,0.520156,0.864531,0.0149997
0,0.625,0.75,0.38875,0.51625,0.87625,0.0149998
0,0.625,0.78125,0.377031,0.512344,0.887969,0.0149997
0,0.625,0.8125,0.365313,0.508438,0.899688,0.015
0,0.625,0.84375,0.353593,0.504531,0.911406,0.0149993
0,0.625,0.875,0.341875,0.500625,0.923125,0.0149999
0,0.625,0.90625,0.330155,0.496719,0.934844,0.0149992
0,0.625,0.9375,0.318437,0.492813,0.946562,0.0149996
0,0.625,0.96875,0.306718,0.488906,0.958281,0.0149994
0,0.625,1,0.295001,0.485,0.97,0.0150006
0,0.65625,0,0.70125,0.64125,0.62625,0.0149997
0,0.65625,0.03125,0.690508,0.63767,0.636992,0.0149998
0,0.65625,0.0625,0.679766,0.634088,0.647734,0.0150001
0,0.65625,0.09375,0.669023,0.630508,0.658477,0.0149999
0,0.65625,0.125,0.658281,0.626927,0.669219,0.0149999
0,0.65625,0.15625,0.647539,0.623346,0.679961,0.0150004
0,0.65625,0.1875,0.636796,0.619766,0.690703,0.0149996
0,0.65625,0.21875,0.626055,0.616185,0.701445,0.0150003
0,0.65625,0.25,0.615313,0.612604,0.712187,0.0150001
0,0.65625,0.28125,0.60457,0.609023,0.72293,0.015
0,0.65625,0.3125,0.593828,0.605443,0.733672,0.0150001
0,0.65625,0.34375,0.583086,0.601862,0.744414,0.0150003
0,0.65625,0.375,0.572344,0.598281,0.755156,0.0149999
0,0.65625,0.40625,0.561601,0.594701,0.765898,0.0149998
0,0.65625,0.4375,0.55086,0.59112,0.776641,0.0150003
0,0.65625,0.46875,0.540118,0.587539,0.787383,0.0150003
0,0.65625,0.5,0.529375,0.583958,0.798125,0.0150002
0,0.65625,0.53125,0.518633,0.580377,0.808867,0.0150002
0,0.65625,0.5625,0.50789,0.576797,0.819609,0.0149998
0,0.65625,0.59375,0.497148,0.573216,0.830352,0.0149998
0,0.65625,0.625,0.486406,0.569636,0.841093,0.015
0,0.65625,0.65625,0.475664,0.566055,0.851836,0.015
0,0.65625,0.6875,0.464922,0.562474,0.862578,0.0150003
0,0.65625,0.71875,0.45418,0.558893,0.87332,0.0150001
0,0.65625,0.75,0.443437,0.555313,0.884062,0.0149994
0,0.65625,0.78125,0.432695,0.551732,0.894804,0.0150001
0,0.65625,0.8125,0.421952,0.548151,0.905547,0.0149992
0,0.65625,0.84375,0.411211,0.54457,0.916289,0.0150005
0,0.65625,0.875,0.400469,0.54099,0.927031,0.0150004
0,0.65625,0.90625,0.389727,0.537409,0.937773,0.0150003
0,0.65625,0.9375,0.378985,0.533828,0.948515,0.0150005
0,0.65625,0.96875,0.368242,0.530248,0.959258,0.0149995
0,0.65625,1,0.357501,0.526667,0.97,0.0150007
0,0.6875,0,0.7325,0.6725,0.6575,0.0150002
0,0.6875,0.03125,0.722734,0.669245,0.667266,0.0149999
0,0.6875,0.0625,0.712969,0.66599,0.677031,0.015
0,0.6875,0.09375,0.703203,0.662734,0.686797,0.0149999
0,0.6875,0.125,0.693438,0.659479,0.696562,0.0150002
0,0.6875,0.15625,0.683672,0.656224,0.706328,0.0150002
0,0.6875,0.1875,0.673907,0.652968,0.716094,0.0150003
0,0.6875,0.21875,0.664141,0.649714,0.725859,0.015
0,0.6875,0.25,0.654375,0.646458,0.735625,0.0149997
0,0.6875,0.28125,0.644609,0.643203,0.745391,0.015
0,0.6875,0.3125,0.634843,0.639948,0.755156,0.0149997
0,0.6875,0.34375,0.625079,0.636692,0.764922,0.0150006
0,0.6875,0.375,0.615313,0.633437,0.774687,0.0150003
0,0.6875,0.40625,0.605547,0.630182,0.784453,0.0149997
0,0.6875,0.4375,0.595781,0.626927,0.794219,0.0149999
0,0.6875,0.46875,0.586016,0.623672,0.803984,0.015
0,0.6875,0.5,0.57625,0.620417,0.81375,0.0149997
0,0.6875,0.53125,0.566484,0.617162,0.823516,0.0149998
0,0.6875,0.5625,0.556719,0.613906,0.833281,0.0150002
0,0.6875,0.59375,0.546953,0.610651,0.843047,0.0150004
0,0.6875,0.625,0.537187,0.607396,0.852813,0.0149999
0,0.6875,0.65625,0.527422,0.604141,0.862578,0.0149999
0,0.6875,0.6875,0.517656,0.600886,0.872344,0.0149996
0,0.6875,0.71875,0.507891,0.59763,0.882109,0.0150003
0,0.6875,0.75,0.498126,0.594375,0.891875,0.0150006
0,0.6875,0.78125,0.488359,0.59112,0.901641,0.015
0,0.6875,0.8125,0.478594,0.587864,0.911406,0.0150003
0,0.6875,0.84375,0.468828,0.584609,0.921172,0.015
0,0.6875,0.875,0.459063,0.581354,0.930937,0.0150001
0,0.6875,0.90625,0.449297,0.578099,0.940703,0.0150001
0,0.6875,0.9375,0.439532,0.574844,0.950469,0.0150004
0,0.6875,0.96875,0.429766,0.571589,0.960234,0.0149999
0,0.6875,1,0.42,0.568333,0.97,0.0149998
0,0.71875,0,0.76375,0.70375,0.68875,0.0150001
0,0.71875,0.03125,0.754961,0.70082,0.697539,0.015
0,0.71875,0.0625,0.746172,0.69789,0.706328,0.0150005
0,0.71875,0.09375,0.737383,0.694961,0.715117,0.0150004
0,0.71875,0.125,0.728594,0.692031,0.723906,0.0149999
0,0.71875,0.15625,0.719805,0.689101,0.732695,0.0150001
0,0.71875,0.1875,0.711016,0.686172,0.741484,0.0150004
0,0.71875,0.21875,0.702227,0.683242,0.750274,0.0150006
0,0.71875,0.25,0.693438,0.680313,0.759062,0.015
0,0.71875,0.28125,0.684648,0.677383,0.767852,0.0149995
0,0.71875,0.3125,0.67586,0.674453,0.776641,0.0150003
0,0.71875,0.34375,0.667071,0.671523,0.78543,0.0150003
0,0.71875,0.375,0.658281,0.668594,0.794219,0.0149999
0,0.71875,0.40625,0.649492,0.665664,0.803008,0.0150002
0,0.71875,0.4375,0.640703,0.662734,0.811797,0.0149999
0,0.71875,0.46875,0.631914,0.659805,0.820586,0.015
0,0.71875,0.5,0.623125,0.656875,0.829375,0.015
0,0.71875,0.53125,0.614336,0.653945,0.838164,0.0150003
0,0.71875,0.5625,0.605547,0.651016,0.846953,0.0149998
0,0.71875,0.59375,0.596758,0.648086,0.855742,0.0150002
0,0.71875,0.625,0.587969,0.645156,0.864531,0.0149999
0,0.71875,0.65625,0.57918,0.642227,0.87332,0.015
0,0.71875,0.6875,0.570391,0.639297,0.882109,0.0150003
0,0.71875,0.71875,0.561601,0.636367,0.890899,0.0149998
0,0.71875,0.75,0.552812,0.633438,0.899688,0.015
0,0.71875,0.78125,0.544023,0.630508,0.908477,0.0149999
0,0.71875,0.8125,0.535234,0.627578,0.917265,0.0149998
0,0.71875,0.84375,0.526445,0.624649,0.926055,0.0150001
0,0.71875,0.875,0.517656,0.621719,0.934844,0.0149997
0,0.71875,0.90625,0.508867,0.618789,0.943633,0.0149998
0,0.71875,0.9375,0.500078,0.615859,0.952422,0.015
0,0.71875,0.96875,0.491289,0.61293,0.961211,0.0150001
0,0.71875,1,0.4825,0.61,0.97,0.0149999
0,0.75,0,0.795,0.735,0.72,0.0150002
0,0.75,0.03125,0.787187,0.732396,0.727812,0.0149998
0,0.75,0.0625,0.779374,0.729792,0.735625,0.0149993
0,0.75,0.09375,0.771562,0.727188,0.743437,0.0149997
0,0.75,0.125,0.76375,0.724583,0.75125,0.0150001
0,0.75,0.15625,0.755938,0.721979,0.759062,0.015
0,0.75,0.1875,0.748125,0.719375,0.766875,0.015
0,0.75,0.21875,0.740313,0.716771,0.774688,0.0150002
0,0.75,0.25,0.7325,0.714167,0.7825,0.0150001
0,0.75,0.28125,0.724687,0.711563,0.790312,0.0149994
0,0.75,0.3125,0.716875,0.708958,0.798125,0.0150003
0,0.75,0.34375,0.709063,0.706354,0.805937,0.0150002
0,0.75,0.375,0.70125,0.70375,0.81375,0.0150001
0,0.75,0.40625,0.693437,0.701146,0.821562,0.015
0,0.75,0.4375,0.685625,0.698541,0.829375,0.0150002
0,0.75,0.46875,0.677813,0.695937,0.837187,0.0150002
0,0.75,0.5,0.67,0.693333,0.845,0.0149997
0,0.75,0.53125,0.662188,0.690729,0.852813,0.0150002
0,0.75,0.5625,0.654375,0.688125,0.860625,0.0149996
0,0.75,0.59375,0.646563,0.685521,0.868437,0.0150005
0,0.75,0.625,0.63875,0.682917,0.87625,0.015
0,0.75,0.65625,0.630938,0.680312,0.884062,0.0150002
0,0.75,0.6875,0.623125,0.677708,0.891875,0.0150002
0,0.75,0.71875,0.615313,0.675104,0.899687,0.0150002
0,0.75,0.75,0.6075,0.6725,0.9075,0.0149999
0,0.75,0.78125,0.599687,0.669896,0.915312,0.0149995
0,0.75,0.8125,0.591875,0.667292,0.923125,0.015
0,0.75,0.84375,0.584063,0.664687,0.930938,0.0150004
0,0.75,0.875,0.57625,0.662083,0.93875,0.0150002
0,0.75,0.90625,0.568438,0.659479,0.946562,0.015
0,0.75,0.9375,0.560624,0.656875,0.954375,0.0149994
0,0.75,0.96875,0.552812,0.654271,0.962187,0.0149997
0,0.75,1,0.545,0.651667,0.97,0.0150002
0,0.78125,0,0.82625,0.76625,0.75125,0.0149997
0,0.78125,0.03125,0.819414,0.763971,0.758086,0.0150002
0,0.78125,0.0625,0.812578,0.761693,0.764922,0.015
0,0.78125,0.09375,0.805742,0.759414,0.771758,0.015
0,0.78125,0.125,0.798906,0.757136,0.778594,0.0149996
0,0.78125,0.15625,0.792071,0.754856,0.78543,0.0150009
0,0.78125,0.1875,0.785234,0.752578,0.792265,0.015
0,0.78125,0.21875,0.778399,0.7503,0.799101,0.0150002
0,0.78125,0.25,0.771562,0.748021,0.805938,0.0149995
0,0.78125,0.28125,0.764727,0.745742,0.812773,0.0150001
0,0.78125,0.3125,0.75789,0.743464,0.819609,0.0149996
0,0.78125,0.34375,0.751055,0.741184,0.826445,0.0150006
0,0.78125,0.375,0.744218,0.738906,0.833281,0.0149997
0,0.78125,0.40625,0.737383,0.736628,0.840117,0.015
0,0.78125,0.4375,0.730547,0.734349,0.846953,0.0150001
0,0.78125,0.46875,0.723711,0.73207,0.853789,0.0149996
0,0.78125,0.5,0.716875,0.729792,0.860625,0.0150001
0,0.78125,0.53125,0.710039,0.727513,0.867461,0.0149999
0,0.78125,0.5625,0.703203,0.725235,0.874297,0.0149997
0,0.78125,0.59375,0.696366,0.722956,0.881133,0.0149991
0,0.78125,0.625,0.689531,0.720677,0.887969,0.0149996
0,0.78125,0.65625,0.682696,0.718398,0.894804,0.0150004
0,0.78125,0.6875,0.675859,0.71612,0.90164,0.015
0,0.78125,0.71875,0.669023,0.713841,0.908476,0.0149998
0,0.78125,0.75,0.662188,0.711562,0.915313,0.0150005
0,0.78125,0.78125,0.655351,0.709284,0.922148,0.0149997
0,0.78125,0.8125,0.648515,0.707005,0.928984,0.0149996
0,0.78125,0.84375,0.64168,0.704726,0.93582,0.0150004
0,0.78125,0.875,0.634844,0.702448,0.942656,0.0149999
0,0.78125,0.90625,0.628008,0.700169,0.949492,0.0150006
0,0.78125,0.9375,0.621171,0.697891,0.956328,0.0149996
0,0.78125,0.96875,0.614336,0.695612,0.963164,0.0150002
0,0.78125,1,0.607501,0.693333,0.97,0.0150008
0,0.8125,0,0.8575,0.7975,0.7825,0.0150003
0,0.8125,0.03125,0.85164,0.795547,0.788359,0.0149996
0,0.8125,0.0625,0.845781,0.793594,0.794219,0.0149997
0,0.8125,0.09375,0.839922,0.79164,0.800078,0.0150002
0,0.8125,0.125,0.834063,0.789687,0.805937,0.0150002
0,0.8125,0.15625,0.828203,0.787735,0.811797,0.0149998
0,0.8125,0.1875,0.822343,0.785781,0.817656,0.0149996
0,0.8125,0.21875,0.816484,0.783828,0.823515,0.0149999
0,0.8125,0.25,0.810625,0.781875,0.829375,0.015
0,0.8125,0.28125,0.804766,0.779922,0.835234,0.0150006
0,0.8125,0.3125,0.798906,0.777969,0.841094,0.015
0,0.8125,0.34375,0.793047,0.776015,0.846953,0.0150002
0,0.8125,0.375,0.787188,0.774062,0.852812,0.0150005
0,0.8125,0.40625,0.781328,0.772109,0.858672,0.0150002
0,0.8125,0.4375,0.775469,0.770156,0.864531,0.0149998
0,0.8125,0.46875,0.76961,0.768203,0.87039,0.0150002
0,0.8125,0.5,0.76375,0.76625,0.87625,0.0149999
0,0.8125,0.53125,0.757891,0.764297,0.882109,0.0150005
0,0.8125,0.5625,0.752032,0.762344,0.887969,0.0150005
0,0.8125,0.59375,0.746172,0.76039,0.893828,0.0150005
0,0.8125,0.625,0.740313,0.758437,0.899687,0.0150001
0,0.8125,0.65625,0.734453,0.756484,0.905547,0.0150004
0,0.8125,0.6875,0.728594,0.754531,0.911406,0.0149999
0,0.8125,0.71875,0.722734,0.752578,0.917266,0.0149996
0,0.8125,0.75,0.716875,0.750625,0.923125,0.0149997
0,0.8125,0.78125,0.711015,0.748672,0.928984,0.0149997
0,0.8125,0.8125,0.705156,0.746719,0.934844,0.015
0,0.8125,0.84375,0.699297,0.744765,0.940703,0.0150003
0,0.8125,0.875,0.693437,0.742813,0.946562,0.0149997
0,0.8125,0.90625,0.687578,0.740859,0.952422,0.015
0,0.8125,0.9375,0.681718,0.738906,0.958281,0.0149997
0,0.8125,0.96875,0.675859,0.736953,0.964141,0.015
0,0.8125,1,0.67,0.735,0.97,0.015
0,0.84375,0,0.88875,0.82875,0.81375,0.0149996
0,0.84375,0.03125,0.883867,0.827122,0.818633,0.0150003
0,0.84375,0.0625,0.878985,0.825495,0.823516,0.0150005
0,0.84375,0.09375,0.874102,0.823867,0.828398,0.0150004
0,0.84375,0.125,0.869218,0.82224,0.833281,0.0149997
0,0.84375,0.15625,0.864336,0.820612,0.838164,0.0149999
0,0.84375,0.1875,0.859453,0.818984,0.843047,0.0150002
0,0.84375,0.21875,0.85457,0.817357,0.84793,0.0150002
0,0.84375,0.25,0.849688,0.815729,0.852813,0.0150005
0,0.84375,0.28125,0.844804,0.814102,0.857695,0.0149997
0,0.84375,0.3125,0.839922,0.812474,0.862578,0.0149999
0,0.84375,0.34375,0.835039,0.810846,0.867461,0.0149997
0,0.84375,0.375,0.830156,0.809219,0.872343,0.015
0,0.84375,0.40625,0.825273,0.807591,0.877226,0.0149996
0,0.84375,0.4375,0.82039,0.805964,0.882109,0.0149993
0,0.84375,0.46875,0.815508,0.804336,0.886992,0.0149999
0,0.84375,0.5,0.810625,0.802708,0.891875,0.0149999
0,0.84375,0.53125,0.805742,0.801081,0.896758,0.0149998
0,0.84375,0.5625,0.800859,0.799453,0.90164,0.0149997
0,0.84375,0.59375,0.795977,0.797826,0.906523,0.0150001
0,0.84375,0.625,0.791094,0.796198,0.911406,0.0149999
0,0.84375,0.65625,0.786211,0.79457,0.916289,0.0149996
0,0.84375,0.6875,0.781328,0.792943,0.921172,0.0149996
0,0.84375,0.71875,0.776446,0.791315,0.926055,0.0150003
0,0.84375,0.75,0.771563,0.789687,0.930938,0.0150004
0,0.84375,0.78125,0.76668,0.78806,0.93582,0.015
0,0.84375,0.8125,0.761797,0.786432,0.940703,0.0150002
0,0.84375,0.84375,0.756915,0.784804,0.945586,0.0150005
0,0.84375,0.875,0.752031,0.783177,0.950469,0.0149996
0,0.84375,0.90625,0.747149,0.781549,0.955351,0.0150001
0,0.84375,0.9375,0.742265,0.779922,0.960234,0.0149999
0,0.84375,0.96875,0.737383,0.778294,0.965117,0.0149998
0,0.84375,1,0.7325,0.776667,0.97,0.0150001
0,0.875,0,0.92,0.86,0.845,0.0149997
0,0.875,0.03125,0.916094,0.858698,0.848906,0.0150002
0,0.875,0.0625,0.912188,0.857396,0.852812,0.0150004
0,0.875,0.09375,0.908281,0.856094,0.856719,0.0149997
0,0.875,0.125,0.904376,0.854791,0.860625,0.0150006
0,0.875,0.15625,0.900469,0.853489,0.864531,0.0150004
0,0.875,0.1875,0.896562,0.852188,0.868437,0.0149997
0,0.875,0.21875,0.892656,0.850885,0.872344,0.015
0,0.875,0.25,0.88875,0.849583,0.87625,0.0150004
0,0.875,0.28125,0.884843,0.848281,0.880156,0.0149997
0,0.875,0.3125,0.880937,0.846979,0.884062,0.0149999
0,0.875,0.34375,0.877031,0.845677,0.887969,0.0150002
0,0.875,0.375,0.873125,0.844375,0.891875,0.015
0,0.875,0.40625,0.869218,0.843073,0.895781,0.0149993
0,0.875,0.4375,0.865312,0.841771,0.899687,0.0149998
0,0.875,0.46875,0.861406,0.840469,0.903594,0.0150002
0,0.875,0.5,0.8575,0.839167,0.9075,0.0149998
0,0.875,0.53125,0.853594,0.837865,0.911406,0.0149999
0,0.875,0.5625,0.849687,0.836563,0.915312,0.0149997
0,0.875,0.59375,0.845781,0.83526,0.919219,0.0150001
0,0.875,0.625,0.841875,0.833958,0.923125,0.0149999
0,0.875,0.65625,0.837969,0.832656,0.927031,0.015
0,0.875,0.6875,0.834063,0.831354,0.930938,0.0150003
0,0.875,0.71875,0.830156,0.830052,0.934844,0.0149999
0,0.875,0.75,0.82625,0.82875,0.93875,0.0149997
0,0.875,0.78125,0.822343,0.827448,0.942656,0.0149996
0,0.875,0.8125,0.818438,0.826146,0.946562,0.0150002
0,0.875,0.84375,0.814531,0.824844,0.950468,0.0149999
0,0.875,0.875,0.810625,0.823542,0.954375,0.0150001
0,0.875,0.90625,0.806719,0.822239,0.958281,0.015
0,0.875,0.9375,0.802812,0.820938,0.962187,0.0149999
0,0.875,0.96875,0.798906,0.819636,0.966094,0.0149999
0,0.875,1,0.795,0.818334,0.97,0.015
0,0.90625,0,0.95125,0.89125,0.87625,0.0150003
0,0.90625,0.03125,0.94832,0.890274,0.87918,0.0149994
0,0.90625,0.0625,0.94539,0.889297,0.882109,0.0149998
0,0.90625,0.09375,0.942461,0.88832,0.885039,0.0150002
0,0.90625,0.125,0.939531,0.887344,0.887969,0.0150002
0,0.90625,0.15625,0.936601,0.886367,0.890898,0.0149999
0,0.90625,0.1875,0.933671,0.885391,0.893828,0.0149996
0,0.90625,0.21875,0.930742,0.884414,0.896758,0.0149996
0,0.90625,0.25,0.927812,0.883438,0.899687,0.0149999
0,0.90625,0.28125,0.924882,0.882461,0.902617,0.0149996
0,0.90625,0.3125,0.921953,0.881484,0.905547,0.015
0,0.90625,0.34375,0.919024,0.880507,0.908476,0.0150002
0,0.90625,0.375,0.916094,0.879531,0.911406,0.015
0,0.90625,0.40625,0.913164,0.878555,0.914336,0.0150002
0,0.90625,0.4375,0.910234,0.877578,0.917266,0.0149996
0,0.90625,0.46875,0.907305,0.876602,0.920195,0.0149999
0,0.90625,0.5,0.904375,0.875625,0.923125,0.0150003
0,0.90625,0.53125,0.901446,0.874648,0.926054,0.0150003
0,0.90625,0.5625,0.898516,0.873672,0.928984,0.0150002
0,0.90625,0.59375,0.895586,0.872695,0.931914,0.0150001
0,0.90625,0.625,0.892656,0.871719,0.934844,0.0149999
0,0.90625,0.65625,0.889726,0.870742,0.937773,0.0149999
0,0.90625,0.6875,0.886798,0.869765,0.940703,0.0150008
0,0.90625,0.71875,0.883868,0.868789,0.943633,0.0150003
0,0.90625,0.75,0.880937,0.867813,0.946562,0.0149997
0,0.90625,0.78125,0.878008,0.866836,0.949492,0.0150006
0,0.90625,0.8125,0.875078,0.865859,0.952422,0.0150002
0,0.90625,0.84375,0.872148,0.864883,0.955352,0.0149997
0,0.90625,0.875,0.869219,0.863906,0.958281,0.0149998
0,0.90625,0.90625,0.866289,0.862929,0.961211,0.0150005
0,0.90625,0.9375,0.863359,0.861953,0.96414,0.015
0,0.90625,0.96875,0.86043,0.860977,0.96707,0.0150005
0,0.90625,1,0.857499,0.86,0.97,0.0149995
0,0.9375,0,0.9825,0.9225,0.9075,0.0149999
0,0.9375,0.03125,0.980546,0.921849,0.909453,0.0149993
0,0.9375,0.0625,0.978594,0.921198,0.911406,0.0149999
0,0.9375,0.09375,0.976641,0.920547,0.913359,0.0149999
0,0.9375,0.125,0.974687,0.919896,0.915313,0.0149999
0,0.9375,0.15625,0.972735,0.919245,0.917265,0.0150002
0,0.9375,0.1875,0.970781,0.918594,0.919219,0.0149998
0,0.9375,0.21875,0.968828,0.917943,0.921172,0.0150003
0,0.9375,0.25,0.966875,0.917292,0.923125,0.015
0,0.9375,0.28125,0.964922,0.91664,0.925078,0.0150003
0,0.9375,0.3125,0.962968,0.91599,0.927031,0.0149997
0,0.9375,0.34375,0.961015,0.915338,0.928984,0.0149998
0,0.9375,0.375,0.959063,0.914688,0.930937,0.015
0,0.9375,0.40625,0.957109,0.914036,0.93289,0.015
0,0.9375,0.4375,0.955156,0.913386,0.934843,0.0149997
0,0.9375,0.46875,0.953203,0.912734,0.936797,0.015
0,0.9375,0.5,0.95125,0.912083,0.93875,0.0150004
0,0.9375,0.53125,0.949297,0.911432,0.940703,0.0149997
0,0.9375,0.5625,0.947343,0.910782,0.942656,0.0149994
0,0.9375,0.59375,0.94539,0.91013,0.944609,0.0149997
0,0.9375,0.625,0.943437,0.909479,0.946563,0.0149999
0,0.9375,0.65625,0.941485,0.908828,0.948515,0.0150002
0,0.9375,0.6875,0.939532,0.908177,0.950468,0.0150005
0,0.9375,0.71875,0.937578,0.907526,0.952422,0.0150001
0,0.9375,0.75,0.935625,0.906875,0.954375,0.015
0,0.9375,0.78125,0.933671,0.906224,0.956328,0.0149996
0,0.9375,0.8125,0.931719,0.905573,0.958281,0.0149998
0,0.9375,0.84375,0.929766,0.904922,0.960234,0.015
0,0.9375,0.875,0.927812,0.904271,0.962187,0.015
0,0.9375,0.90625,0.92586,0.90362,0.96414,0.0150004
0,0.9375,0.9375,0.923906,0.902969,0.966094,0.015
0,0.9375,0.96875,0.921953,0.902318,0.968047,0.0150003
0,0.9375,1,0.92,0.901667,0.97,0.0149999
0,0.96875,0,1,0.958213,0.947768,0.00125003
0,0.96875,0.03125,1,0.957609,0.947822,0.00222659
0,0.96875,0.0625,1,0.957,0.947913,0.00320315
0,0.96875,0.09375,1,0.956386,0.948041,0.00417972
0,0.96875,0.125,1,0.955767,0.948208,0.00515628
0,0.96875,0.15625,1,0.955142,0.948416,0.00613284
0,0.96875,0.1875,1,0.954511,0.948666,0.0071094
0,0.96875,0.21875,1,0.953875,0.948961,0.00808597
0,0.96875,0.25,1,0.953232,0.949302,0.00906253
0,0.96875,0.28125,1,0.952582,0.949692,0.0100391
0,0.96875,0.3125,1,0.951926,0.950132,0.0110157
0,0.96875,0.34375,1,0.951262,0.950624,0.0119922
0,0.96875,0.375,1,0.95059,0.951172,0.0129688
0,0.96875,0.40625,1,0.94991,0.951777,0.0139453
0,0.96875,0.4375,1,0.949222,0.952444,0.0149219
0,0.96875,0.46875,0.999102,0.948867,0.953398,0.0150002
0,0.96875,0.5,0.998125,0.948542,0.954375,0.0150003
0,0.96875,0.53125,0.997148,0.948216,0.955351,0.0149993
0,0.96875,0.5625,0.996172,0.94789,0.956328,0.015
0,0.96875,0.59375,0.995195,0.947565,0.957304,0.0149994
0,0.96875,0.625,0.994219,0.94724,0.958281,0.0149999
0,0.96875,0.65625,0.993243,0.946914,0.959258,0.0150005
0,0.96875,0.6875,0.992265,0.946589,0.960234,0.0149998
0,0.96875,0.71875,0.991289,0.946263,0.961211,0.0150004
0,0.96875,0.75,0.990313,0.945937,0.962187,0.0150003
0,0.96875,0.78125,0.989336,0.945612,0.963164,0.0150003
0,0.96875,0.8125,0.988359,0.945287,0.96414,0.0149994
0,0.96875,0.84375,0.987383,0.944961,0.965117,0.0150003
0,0.96875,0.875,0.986406,0.944636,0.966093,0.0149998
0,0.96875,0.90625,0.985429,0.94431,0.96707,0.0149998
0,0.96875,0.9375,0.984453,0.943985,0.968047,0.0149997
0,0.96875,0.96875,0.983476,0.943659,0.969023,0.0149997
0,0.96875,1,0.9825,0.943333,0.97,0.0150002
0,1,0,1,0.985,0.97,0.00999993
0,1,0.03125,1,0.985,0.97,0.00999993
0,1,0.0625,1,0.985,0.97,0.00999993
0,1,0.09375,1,0.985,0.97,0.00999993
0,1,0.125,1,0.985,0.97,0.00999993
0,1,0.15625,1,0.985,0.97,0.00999993
0,1,0.1875,1,0.985,0.97,0.00999993
0,1,0.21875,1,0.985,0.97,0.00999993
0,1,0.25,1,0.985,0.97,0.00999993
0,1,0.28125,1,0.985,0.97,0.00999993
0,1,0.3125,1,0.985,0.97,0.00999993
0,1,0.34375,1,0.985,0.97,0.00999993
0,1,0.375,1,0.985,0.97,0.00999993
0,1,0.40625,1,0.985,0.97,0.00999993
0,1,0.4375,1,0.985,0.97,0.00999993
0,1,0.46875,1,0.985,0.97,0.00999993
0,1,0.5,1,0.985,0.97,0.00999993
0,1,0.53125,1,0.985,0.97,0.00999993
0,1,0.5625,1,0.985,0.97,0.00999993
0,1,0.59375,1,0.985,0.97,0.00999993
0,1,0.625,1,0.985,0.97,0.00999993
0,1,0.65625,1,0.985,0.97,0.00999993
0,1,0.6875,1,0.985,0.97,0.00999993
0,1,0.71875,1,0.985,0.97,0.00999993
0,1,0.75,1,0.985,0.97,0.00999993
0,1,0.78125,1,0.985,0.97,0.00999993
0,1,0.8125,1,0.985,0.97,0.00999993
0,1,0.84375,1,0.985,0.97,0.00999993
0,1,0.875,1,0.985,0.97,0.00999993
0,1,0.90625,1,0.985,0.97,0.00999993
0,1,0.9375,1,0.985,0.97,0.00999993
0,1,0.96875,1,0.985,0.97,0.00999993
0,1,1,1,0.985,0.97,0.00999993
1,0,0,0.0300381,0,0,3.81134e-05
1,0,0.03125,0.0300381,0,0,3.81134e-05
1,0,0.0625,0.0300381,0,0,3.81134e-05
1,0,0.09375,0.0300381,0,0,3.81134e-05
1,0,0.125,0.0300381,0,0,3.81134e-05
1,0,0.15625,0.0300381,0,0,3.81134e-05
1,0,0.1875,0.0300381,0,0,3.81134e-05
1,0,0.21875,0.0300381,0,0,3.81134e-05
1,0,0.25,0.0300381,0,0,3.81134e-05
1,0,0.28125,0.0300381,0,0,3.81134e-05
1,0,0.3125,0.0300381,0,0,3.81134e-05
1,0,0.34375,0.0300381,0,0,3.81134e-05
1,0,0.375,0.0300381,0,0,3.81134e-05
1,0,0.40625,0.0300381,0,0,3.81134e-05
1,0,0.4375,0.0300381,0,0,3.81134e-05
1,0,0.46875,0.0300381,0,0,3.81134e-05
1,0,0.5,0.0300381,0,0,3.81134e-05
1,0,0.53125,0.0300381,0,0,3.81134e-05
1,0,0.5625,0.0300381,0,0,3.81134e-05
1,0,0.59375,0.0300381,0,0,3.81134e-05
1,0,0.625,0.0300381,0,0,3.81134e-05
1,0,0.65625,0.0300381,0,0,3.81134e-05
1,0,0.6875,0.0300381,0,0,3.81134e-05
1,0,0.71875,0.0300381,0,0,3.81134e-05
1,0,0.75,0.0300381,0,0,3.81134e-05
1,0,0.78125,0.0300381,0,0,3.81134e-05
1,0,0.8125,0.0300381,0,0,3.81134e-05
1,0,0.84375,0.0300381,0,0,3.81134e-05
1,0,0.875,0.0300381,0,0,3.81134e-05
1,0,0.90625,0.0300381,0,0,3.81134e-05
1,0,0.9375,0.0300381,0,0,3.81134e-05
1,0,0.96875,0.0300381,0,0,3.81134e-05
1,0,1,0.0300381,0,0,3.81134e-05
1,0.03125,0,0.0741894,0.0152748,0.00375425,0.0129394
1,0.03125,0.03125,0.0732663,0.0149981,0.004713,0.0129929
1,0.03125,0.0625,0.0723475,0.014719,0.00567352,0.0130506
1,0.03125,0.09375,0.0714336,0.0144374,0.00663571,0.0131132
1,0.03125,0.125,0.0705245,0.0141532,0.00759936,0.0131807
1,0.03125,0.15625,0.0696204,0.0138666,0.00856444,0.0132532
1,0.03125,0.1875,0.0687215,0.0135775,0.00953072,0.0133309
1,0.03125,0.21875,0.0678281,0.0132858,0.0104981,0.013414
1,0.03125,0.25,0.0669404,0.0129916,0.0114665,0.0135029
1,0.03125,0.28125,0.0660584,0.012695,0.0124357,0.0135975
1,0.03125,0.3125,0.0651833,0.0123958,0.0134022,0.013699
1,0.03125,0.34375,0.0643156,0.0120943,0.0143635,0.0138078
1,0.03125,0.375,0.0634553,0.0117905,0.0153212,0.0139241
1,0.03125,0.40625,0.0626027,0.0114843,0.0162749,0.014048
1,0.03125,0.4375,0.0617581,0.0111756,0.0172245,0.01418
1,0.03125,0.46875,0.0609217,0.0108646,0.0181699,0.0143201
1,0.03125,0.5,0.0600938,0.0105512,0.0191107,0.0144688
1,0.03125,0.53125,0.0592747,0.0102354,0.0200468,0.0146263
1,0.03125,0.5625,0.058465,0.00991703,0.0209781,0.0147931
1,0.03125,0.59375,0.0576651,0.00959615,0.0219045,0.0149698
1,0.03125,0.625,0.0568749,0.00927288,0.0228256,0.0151562
1,0.03125,0.65625,0.0560955,0.00894689,0.0237413,0.0153533
1,0.03125,0.6875,0.0553367,0.00861702,0.02465,0.0155711
1,0.03125,0.71875,0.0545792,0.0082858,0.0255545,0.0157901
1,0.03125,0.75,0.0538159,0.00795423,0.0264553,0.0160034
1,0.03125,0.78125,0.0530465,0.00762244,0.0273526,0.0162105
1,0.03125,0.8125,0.052271,0.00729024,0.0282463,0.0164116
1,0.03125,0.84375,0.0514893,0.00695763,0.0291366,0.0166065
1,0.03125,0.875,0.0507014,0.00662459,0.0300234,0.0167951
1,0.03125,0.90625,0.0499071,0.0062911,0.0309066,0.0169774
1,0.03125,0.9375,0.0491059,0.0059571,0.0317887,0.0171527
1,0.03125,0.96875,0.0482967,0.0056222,0.0326966,0.0173202
1,0.03125,1,0.0474801,0.00528651,0.0336187,0.0174801
1,0.0625,0,0.105111,0.0455739,0.031516,0.0126105
1,0.0625,0.03125,0.103192,0.0450095,0.0334033,0.012645
1,0.0625,0.0625,0.101272,0.0444474,0.0353509,0.0126782
1,0.0625,0.09375,0.0993509,0.0438874,0.0373599,0.0127103
1,0.0625,0.125,0.0974289,0.0433292,0.0394309,0.0127414
1,0.0625,0.15625,0.0955054,0.0427732,0.0415372,0.0127711
1,0.0625,0.1875,0.0935804,0.0422195,0.0436315,0.0127991
1,0.0625,0.21875,0.0916537,0.041668,0.0457239,0.0128256
1,0.0625,0.25,0.0897254,0.0411187,0.0478146,0.0128504
1,0.0625,0.28125,0.0877949,0.0405717,0.049904,0.012873
1,0.0625,0.3125,0.0858627,0.040021,0.0519922,0.0128939
1,0.0625,0.34375,0.0839281,0.0394749,0.0540796,0.0129124
1,0.0625,0.375,0.0819886,0.0389369,0.0561672,0.0129261
1,0.0625,0.40625,0.0800586,0.0383989,0.0582493,0.0129493
1,0.0625,0.4375,0.0781424,0.0378587,0.0603244,0.0129861
1,0.0625,0.46875,0.0762403,0.0373167,0.0623925,0.0130372
1,0.0625,0.5,0.0743538,0.0367726,0.0644536,0.0131038
1,0.0625,0.53125,0.0724838,0.0362265,0.0665078,0.0131869
1,0.0625,0.5625,0.0706313,0.0356783,0.0685548,0.0132876
1,0.0625,0.59375,0.0687972,0.0351334,0.0705932,0.0134066
1,0.0625,0.625,0.0669832,0.0345867,0.0726242,0.0135457
1,0.0625,0.65625,0.0651919,0.0340304,0.0746499,0.0137075
1,0.0625,0.6875,0.0634245,0.0334648,0.0766704,0.0138933
1,0.0625,0.71875,0.0616833,0.0328895,0.0786853,0.0141051
1,0.0625,0.75,0.0599697,0.0323045,0.0806947,0.0143447
1,0.0625,0.78125,0.0582855,0.03171,0.0826985,0.0146136
1,0.0625,0.8125,0.0566328,0.0311058,0.0846964,0.014914
1,0.0625,0.84375,0.0550238,0.0304905,0.0866873,0.0152582
1,0.0625,0.875,0.0534227,0.0298689,0.0886753,0.0156102
1,0.0625,0.90625,0.0517869,0.0292467,0.090665,0.0159275
1,0.0625,0.9375,0.0501141,0.0286237,0.0926568,0.0162078
1,0.0625,0.96875,0.0484016,0.0280002,0.0946505,0.0164485
1,0.0625,1,0.046647,0.027376,0.0966463,0.016647
1,0.09375,0,0.136782,0.0774005,0.0627788,0.0130317
1,0.09375,0.03125,0.133898,0.0765279,0.0658648,0.0130781
1,0.09375,0.0625,0.131014,0.0756578,0.0689485,0.013123
1,0.09375,0.09375,0.128128,0.0747902,0.0720302,0.0131666
1,0.09375,0.125,0.12524,0.0739253,0.0751103,0.0132086
1,0.09375,0.15625,0.12235,0.0730631,0.0781893,0.0132486
1,0.09375,0.1875,0.119458,0.0722036,0.0812675,0.0132865
1,0.09375,0.21875,0.116564,0.0713469,0.0843451,0.0133219
1,0.09375,0.25,0.113667,0.070493,0.0874226,0.0133547
1,0.09375,0.28125,0.110767,0.0696419,0.0905002,0.0133846
1,0.09375,0.3125,0.107865,0.0687937,0.0935778,0.0134116
1,0.09375,0.34375,0.104959,0.0679482,0.0966561,0.0134351
1,0.09375,0.375,0.102049,0.0671056,0.099735,0.0134549
1,0.09375,0.40625,0.0991352,0.0662658,0.102815,0.0134711
1,0.09375,0.4375,0.0962171,0.0654289,0.105895,0.0134827
1,0.09375,0.46875,0.0932946,0.0645949,0.108976,0.0134899
1,0.09375,0.5,0.0903674,0.0637636,0.112059,0.0134924
1,0.09375,0.53125,0.0874352,0.0629351,0.115142,0.0134899
1,0.09375,0.5625,0.0844976,0.0621092,0.118226,0.013482
1,0.09375,0.59375,0.0815546,0.0612861,0.121311,0.0134686
1,0.09375,0.625,0.0786381,0.0604527,0.124387,0.0134818
1,0.09375,0.65625,0.0757532,0.0596083,0.127451,0.0135266
1,0.09375,0.6875,0.0729039,0.058752,0.130504,0.013607
1,0.09375,0.71875,0.0700937,0.0578837,0.133545,0.0137265
1,0.09375,0.75,0.0673265,0.0570031,0.136574,0.013889
1,0.09375,0.78125,0.0646069,0.05611,0.139591,0.0140991
1,0.09375,0.8125,0.0619398,0.0552038,0.142595,0.0143617
1,0.09375,0.84375,0.0593309,0.0542841,0.145585,0.0146825
1,0.09375,0.875,0.0567862,0.0533505,0.148562,0.0150674
1,0.09375,0.90625,0.0543219,0.0524015,0.151524,0.0155329
1,0.09375,0.9375,0.0518176,0.0514495,0.154482,0.0159583
1,0.09375,0.96875,0.0492258,0.0504989,0.157439,0.0162961
1,0.09375,1,0.0465377,0.0495497,0.160395,0.0165377
1,0.125,0,0.168341,0.108996,0.0943151,0.0133407
1,0.125,0.03125,0.164491,0.107809,0.0983779,0.0133975
1,0.125,0.0625,0.16064,0.106625,0.10244,0.0134527
1,0.125,0.09375,0.156787,0.105443,0.106501,0.0135062
1,0.125,0.125,0.152933,0.104264,0.110561,0.0135579
1,0.125,0.15625,0.149076,0.103089,0.114622,0.0136071
1,0.125,0.1875,0.145216,0.101917,0.118683,0.0136539
1,0.125,0.21875,0.141354,0.100747,0.122745,0.0136981
1,0.125,0.25,0.137489,0.0995809,0.126807,0.0137388
1,0.125,0.28125,0.13362,0.0984177,0.130871,0.0137762
1,0.125,0.3125,0.129747,0.0972577,0.134936,0.0138097
1,0.125,0.34375,0.12587,0.0961009,0.139002,0.013839
1,0.125,0.375,0.121989,0.094947,0.14307,0.0138638
1,0.125,0.40625,0.118102,0.0937965,0.147139,0.0138836
1,0.125,0.4375,0.114211,0.0926488,0.151211,0.0138985
1,0.125,0.46875,0.110314,0.0915043,0.155283,0.0139074
1,0.125,0.5,0.10641,0.0903629,0.159357,0.0139103
1,0.125,0.53125,0.102501,0.0892241,0.163432,0.013907
1,0.125,0.5625,0.0985842,0.0880884,0.167509,0.0138967
1,0.125,0.59375,0.0946607,0.0869554,0.171586,0.0138794
1,0.125,0.625,0.0907293,0.0858253,0.175665,0.0138543
1,0.125,0.65625,0.0867906,0.0846974,0.179744,0.0138218
1,0.125,0.6875,0.0828406,0.0835731,0.183825,0.0137781
1,0.125,0.71875,0.0789201,0.0824396,0.187896,0.0137639
1,0.125,0.75,0.0750577,0.08129,0.191949,0.0138077
1,0.125,0.78125,0.0712618,0.0801237,0.195985,0.0139181
1,0.125,0.8125,0.0675417,0.0789401,0.200003,0.0141042
1,0.125,0.84375,0.0639068,0.0777392,0.204003,0.0143755
1,0.125,0.875,0.0603687,0.0765205,0.207984,0.0147437
1,0.125,0.90625,0.0569405,0.0752834,0.211945,0.0152217
1,0.125,0.9375,0.0536284,0.0740282,0.215887,0.0158159
1,0.125,0.96875,0.0502084,0.0727719,0.219825,0.0163021
1,0.125,1,0.0466215,0.0715181,0.223762,0.0166215
1,0.15625,0,0.199828,0.140477,0.12575,0.0135777
1,0.15625,0.03125,0.19501,0.138971,0.13079,0.0136432
1,0.15625,0.0625,0.190192,0.137469,0.13583,0.0137074
1,0.15625,0.09375,0.185371,0.13597,0.14087,0.0137694
1,0.15625,0.125,0.180548,0.134474,0.145911,0.0138294
1,0.15625,0.15625,0.175723,0.132981,0.150952,0.0138873
1,0.15625,0.1875,0.170895,0.131492,0.155995,0.0139422
1,0.15625,0.21875,0.166064,0.130006,0.161039,0.0139938
1,0.15625,0.25,0.16123,0.128523,0.166085,0.0140422
1,0.15625,0.28125,0.156392,0.127044,0.171133,0.0140873
1,0.15625,0.3125,0.151549,0.125568,0.176183,0.0141274
1,0.15625,0.34375,0.146702,0.124095,0.181235,0.0141629
1,0.15625,0.375,0.14185,0.122625,0.186289,0.0141934
1,0.15625,0.40625,0.136992,0.121159,0.191345,0.0142184
1,0.15625,0.4375,0.132128,0.119696,0.196403,0.0142373
1,0.15625,0.46875,0.127258,0.118236,0.201463,0.0142497
1,0.15625,0.5,0.122381,0.116778,0.206525,0.0142557
1,0.15625,0.53125,0.117496,0.115325,0.211588,0.0142536
1,0.15625,0.5625,0.112604,0.113874,0.216652,0.0142444
1,0.15625,0.59375,0.107703,0.112425,0.221717,0.0142267
1,0.15625,0.625,0.102795,0.11098,0.226784,0.0142009
1,0.15625,0.65625,0.0978763,0.109537,0.23185,0.0141653
1,0.15625,0.6875,0.0929495,0.108096,0.236917,0.0141213
1,0.15625,0.71875,0.0880121,0.106658,0.241984,0.0140668
1,0.15625,0.75,0.0830629,0.105222,0.24705,0.0140004
1,0.15625,0.78125,0.0781587,0.103775,0.252103,0.013979
1,0.15625,0.8125,0.0733526,0.102306,0.257132,0.0140558
1,0.15625,0.84375,0.0686598,0.100816,0.262138,0.0142457
1,0.15625,0.875,0.0640978,0.099304,0.267119,0.0145666
1,0.15625,0.90625,0.059689,0.0977696,0.272075,0.0150405
1,0.15625,0.9375,0.0554686,0.0962115,0.277005,0.0157029
1,0.15625,0.96875,0.0512635,0.0946415,0.281921,0.0163807
1,0.15625,1,0.0468076,0.0930743,0.286835,0.0168076
1,0.1875,0,0.231265,0.171891,0.15713,0.0137654
1,0.1875,0.03125,0.225479,0.170066,0.163147,0.0138381
1,0.1875,0.0625,0.219691,0.168244,0.169164,0.0139095
1,0.1875,0.09375,0.213901,0.166425,0.175183,0.0139795
1,0.1875,0.125,0.20811,0.164609,0.181203,0.0140471
1,0.1875,0.15625,0.202316,0.162797,0.187225,0.0141124
1,0.1875,0.1875,0.196518,0.160989,0.193249,0.0141747
1,0.1875,0.21875,0.190718,0.159183,0.199275,0.0142336
1,0.1875,0.25,0.184914,0.157382,0.205303,0.0142892
1,0.1875,0.28125,0.179107,0.155583,0.211334,0.0143411
1,0.1875,0.3125,0.173294,0.153788,0.217367,0.0143875
1,0.1875,0.34375,0.167476,0.151997,0.223403,0.0144292
1,0.1875,0.375,0.161653,0.150209,0.229441,0.0144656
1,0.1875,0.40625,0.155825,0.148423,0.235481,0.0144964
1,0.1875,0.4375,0.149989,0.146642,0.241524,0.0145204
1,0.1875,0.46875,0.144146,0.144864,0.247568,0.0145371
1,0.1875,0.5,0.138297,0.143088,0.253615,0.0145472
1,0.1875,0.53125,0.132439,0.141316,0.259663,0.0145487
1,0.1875,0.5625,0.126574,0.139547,0.265712,0.0145425
1,0.1875,0.59375,0.120699,0.13778,0.271762,0.014527
1,0.1875,0.625,0.114815,0.136016,0.277812,0.0145025
1,0.1875,0.65625,0.108921,0.134255,0.283863,0.0144681
1,0.1875,0.6875,0.103018,0.132496,0.289913,0.0144242
1,0.1875,0.71875,0.0971039,0.130738,0.295963,0.0143695
1,0.1875,0.75,0.0911792,0.128983,0.302011,0.0143042
1,0.1875,0.78125,0.0852438,0.127229,0.308058,0.0142281
1,0.1875,0.8125,0.0793288,0.125471,0.314096,0.0141725
1,0.1875,0.84375,0.0735512,0.123687,0.320105,0.0142543
1,0.1875,0.875,0.0679391,0.121877,0.326084,0.0145016
1,0.1875,0.90625,0.0625259,0.120041,0.332034,0.0149478
1,0.1875,0.9375,0.0573485,0.118178,0.337952,0.0156298
1,0.1875,0.96875,0.0523562,0.116291,0.343845,0.0164968
1,0.1875,1,0.0470557,0.114407,0.349735,0.0170557
1,0.21875,0,0.262667,0.203265,0.188476,0.0139169
1,0.21875,0.03125,0.255911,0.201118,0.19547,0.0139965
1,0.21875,0.0625,0.249153,0.198974,0.202466,0.0140746
1,0.21875,0.09375,0.242394,0.196834,0.209463,0.0141513
1,0.21875,0.125,0.235632,0.194698,0.216462,0.0142253
1,0.21875,0.15625,0.228867,0.192565,0.223463,0.0142968
1,0.21875,0.1875,0.222101,0.190435,0.230467,0.0143664
1,0.21875,0.21875,0.215331,0.188309,0.237474,0.0144321
1,0.21875,0.25,0.208557,0.186187,0.244483,0.0144946
1,0.21875,0.28125,0.201778,0.184068,0.251495,0.0145518
1,0.21875,0.3125,0.194996,0.181953,0.25851,0.014605
1,0.21875,0.34375,0.188207,0.179841,0.265528,0.0146525
1,0.21875,0.375,0.181414,0.177732,0.272549,0.0146954
1,0.21875,0.40625,0.174614,0.175627,0.279572,0.0147313
1,0.21875,0.4375,0.167808,0.173525,0.286597,0.0147608
1,0.21875,0.46875,0.160993,0.171427,0.293625,0.0147823
1,0.21875,0.5,0.154172,0.169331,0.300655,0.0147973
1,0.21875,0.53125,0.147343,0.167239,0.307685,0.0148037
1,0.21875,0.5625,0.140504,0.165149,0.314717,0.014801
1,0.21875,0.59375,0.133657,0.163062,0.32175,0.0147895
1,0.21875,0.625,0.1268,0.160978,0.328783,0.0147685
1,0.21875,0.65625,0.119933,0.158896,0.335816,0.0147377
1,0.21875,0.6875,0.113055,0.156817,0.342847,0.0146957
1,0.21875,0.71875,0.106167,0.154739,0.349878,0.0146439
1,0.21875,0.75,0.0992689,0.152663,0.356906,0.0145814
1,0.21875,0.78125,0.0923594,0.150588,0.363932,0.0145078
1,0.21875,0.8125,0.0854381,0.148515,0.370955,0.0144225
1,0.21875,0.84375,0.0785567,0.146434,0.377966,0.014377
1,0.21875,0.875,0.0718725,0.144324,0.384943,0.0145287
1,0.21875,0.90625,0.0654318,0.142183,0.391884,0.014924
1,0.21875,0.9375,0.0592901,0.140011,0.39879,0.0156182
1,0.21875,0.96875,0.0534685,0.137809,0.405662,0.0166326
1,0.21875,1,0.0473472,0.135604,0.412526,0.0173472
1,0.25,0,0.294043,0.23461,0.2198,0.0140432
1,0.25,0.03125,0.286316,0.232141,0.227771,0.0141281
1,0.25,0.0625,0.278587,0.229676,0.235744,0.0142117
1,0.25,0.09375,0.270856,0.227214,0.24372,0.0142937
1,0.25,0.125,0.263124,0.224755,0.251697,0.0143741
1,0.25,0.15625,0.255389,0.222301,0.259678,0.0144517
1,0.25,0.1875,0.247652,0.219849,0.267661,0.0145266
1,0.25,0.21875,0.239911,0.217402,0.275648,0.0145984
1,0.25,0.25,0.232167,0.214957,0.283638,0.0146667
1,0.25,0.28125,0.224418,0.212517,0.291631,0.0147305
1,0.25,0.3125,0.216664,0.21008,0.299627,0.0147893
1,0.25,0.34375,0.208906,0.207646,0.307626,0.0148434
1,0.25,0.375,0.201141,0.205216,0.315628,0.0148911
1,0.25,0.40625,0.19337,0.202789,0.323632,0.0149328
1,0.25,0.4375,0.185593,0.200366,0.331639,0.014968
1,0.25,0.46875,0.177808,0.197946,0.339649,0.014995
1,0.25,0.5,0.170014,0.195529,0.34766,0.0150145
1,0.25,0.53125,0.162213,0.193115,0.355672,0.0150259
1,0.25,0.5625,0.154404,0.190704,0.363686,0.0150287
1,0.25,0.59375,0.146584,0.188296,0.3717,0.0150213
1,0.25,0.625,0.138755,0.18589,0.379713,0.0150052
1,0.25,0.65625,0.130916,0.183487,0.387726,0.0149787
1,0.25,0.6875,0.123067,0.181086,0.395738,0.0149417
1,0.25,0.71875,0.115207,0.178686,0.403749,0.0148948
1,0.25,0.75,0.107337,0.176288,0.411756,0.0148372
1,0.25,0.78125,0.0994559,0.173892,0.41976,0.0147684
1,0.25,0.8125,0.0915635,0.171496,0.427761,0.0146885
1,0.25,0.84375,0.083659,0.169102,0.435758,0.0145965
1,0.25,0.875,0.0758817,0.166689,0.44373,0.0146317
1,0.25,0.90625,0.068395,0.164241,0.451662,0.0149575
1,0.25,0.9375,0.0612709,0.161758,0.459554,0.0156459
1,0.25,0.96875,0.0545908,0.159241,0.467407,0.0167783
1,0.25,1,0.047667,0.156715,0.475245,0.017667
1,0.28125,0,0.325399,0.265937,0.251108,0.0141486
1,0.28125,0.03125,0.3167,0.263145,0.260057,0.0142386
1,0.28125,0.0625,0.307999,0.260357,0.269007,0.0143274
1,0.28125,0.09375,0.299297,0.257572,0.277961,0.0144144
1,0.28125,0.125,0.290594,0.254791,0.286917,0.0145001
1,0.28125,0.15625,0.281888,0.252013,0.295876,0.0145833
1,0.28125,0.1875,0.273179,0.24924,0.304839,0.0146635
1,0.28125,0.21875,0.264467,0.246469,0.313805,0.0147407
1,0.28125,0.25,0.255751,0.243703,0.322774,0.0148136
1,0.28125,0.28125,0.247032,0.24094,0.331747,0.0148833
1,0.28125,0.3125,0.238307,0.23818,0.340724,0.014948
1,0.28125,0.34375,0.229577,0.235424,0.349703,0.015007
1,0.28125,0.375,0.220842,0.232672,0.358685,0.0150606
1,0.28125,0.40625,0.2121,0.229923,0.367671,0.0151074
1,0.28125,0.4375,0.203351,0.227177,0.376659,0.0151479
1,0.28125,0.46875,0.194595,0.224435,0.385649,0.0151805
1,0.28125,0.5,0.185831,0.221696,0.39464,0.0152056
1,0.28125,0.53125,0.177058,0.21896,0.403633,0.0152225
1,0.28125,0.5625,0.168277,0.216227,0.412627,0.0152297
1,0.28125,0.59375,0.159486,0.213496,0.421621,0.015228
1,0.28125,0.625,0.150686,0.210768,0.430615,0.015217
1,0.28125,0.65625,0.141876,0.208042,0.439608,0.0151963
1,0.28125,0.6875,0.133056,0.205318,0.448599,0.0151651
1,0.28125,0.71875,0.124226,0.202596,0.457588,0.0151247
1,0.28125,0.75,0.115386,0.199875,0.466573,0.0150738
1,0.28125,0.78125,0.106536,0.197156,0.475556,0.0150127
1,0.28125,0.8125,0.0976757,0.194437,0.484533,0.0149414
1,0.28125,0.84375,0.0888069,0.191719,0.493506,0.0148616
1,0.28125,0.875,0.0799604,0.188997,0.502469,0.0148042
1,0.28125,0.90625,0.0714089,0.186242,0.511392,0.0150417
1,0.28125,0.9375,0.0632853,0.183447,0.520269,0.0157072
1,0.28125,0.96875,0.0557174,0.180614,0.529102,0.0169283
1,0.28125,1,0.0480084,0.177766,0.537916,0.0180084
1,0.3125,0,0.356739,0.29725,0.282406,0.0142391
1,0.3125,0.03125,0.347067,0.294135,0.292332,0.0143329
1,0.3125,0.0625,0.337395,0.291023,0.30226,0.0144266
1,0.3125,0.09375,0.327721,0.287915,0.312191,0.0145179
1,0.3125,0.125,0.318046,0.28481,0.322125,0.0146087
1,0.3125,0.15625,0.308368,0.28171,0.332063,0.0146959
1,0.3125,0.1875,0.298687,0.278613,0.342004,0.0147812
1,0.3125,0.21875,0.289004,0.27552,0.351949,0.0148632
1,0.3125,0.25,0.279317,0.27243,0.361898,0.0149415
1,0.3125,0.28125,0.269626,0.269344,0.37185,0.0150163
1,0.3125,0.3125,0.259929,0.266262,0.381806,0.0150854
1,0.3125,0.34375,0.250228,0.263183,0.391766,0.0151499
1,0.3125,0.375,0.240521,0.260107,0.401728,0.0152086
1,0.3125,0.40625,0.230807,0.257036,0.411693,0.0152605
1,0.3125,0.4375,0.221087,0.253967,0.421661,0.0153055
1,0.3125,0.46875,0.211359,0.250902,0.431631,0.0153438
1,0.3125,0.5,0.201624,0.24784,0.441603,0.0153741
1,0.3125,0.53125,0.19188,0.244781,0.451575,0.0153956
1,0.3125,0.5625,0.182128,0.241725,0.461549,0.0154095
1,0.3125,0.59375,0.172367,0.238671,0.471522,0.0154137
1,0.3125,0.625,0.162596,0.23562,0.481495,0.015408
1,0.3125,0.65625,0.152816,0.232571,0.491467,0.0153942
1,0.3125,0.6875,0.143026,0.229524,0.501437,0.0153695
1,0.3125,0.71875,0.133226,0.226479,0.511404,0.0153356
1,0.3125,0.75,0.123417,0.223435,0.521367,0.015292
1,0.3125,0.78125,0.113599,0.220392,0.531326,0.0152392
1,0.3125,0.8125,0.103773,0.21735,0.541281,0.0151792
1,0.3125,0.84375,0.0939393,0.214308,0.55123,0.0151111
1,0.3125,0.875,0.0840953,0.211267,0.561172,0.0150328
1,0.3125,0.90625,0.0744651,0.208202,0.571085,0.0151682
1,0.3125,0.9375,0.0653268,0.205095,0.580948,0.0157955
1,0.3125,0.96875,0.0568427,0.201946,0.590763,0.0170771
1,0.3125,1,0.0483664,0.198775,0.60055,0.0183664
1,0.34375,0,0.388066,0.328552,0.313696,0.0143164
1,0.34375,0.03125,0.377422,0.325113,0.324598,0.0144146
1,0.34375,0.0625,0.366777,0.321678,0.335504,0.0145118
1,0.34375,0.09375,0.356131,0.318247,0.346412,0.0146075
1,0.34375,0.125,0.345483,0.314818,0.357325,0.014702
1,0.34375,0.15625,0.334833,0.311394,0.368241,0.0147943
1,0.34375,0.1875,0.324181,0.307974,0.37916,0.0148837
1,0.34375,0.21875,0.313525,0.304557,0.390084,0.01497
1,0.34375,0.25,0.302866,0.301143,0.401012,0.0150536
1,0.34375,0.28125,0.292202,0.297734,0.411943,0.0151316
1,0.34375,0.3125,0.281535,0.294328,0.422878,0.0152064
1,0.34375,0.34375,0.270861,0.290926,0.433817,0.0152754
1,0.34375,0.375,0.260182,0.287528,0.444759,0.0153387
1,0.34375,0.40625,0.249497,0.284133,0.455703,0.0153954
1,0.34375,0.4375,0.238805,0.280741,0.466651,0.0154457
1,0.34375,0.46875,0.228106,0.277352,0.4776,0.0154888
1,0.34375,0.5,0.2174,0.273967,0.488551,0.0155248
1,0.34375,0.53125,0.206684,0.270585,0.499503,0.0155516
1,0.34375,0.5625,0.195961,0.267205,0.510456,0.0155705
1,0.34375,0.59375,0.185229,0.263828,0.521408,0.0155801
1,0.34375,0.625,0.174488,0.260454,0.53236,0.0155815
1,0.34375,0.65625,0.163737,0.257081,0.54331,0.0155731
1,0.34375,0.6875,0.152977,0.253711,0.554257,0.0155554
1,0.34375,0.71875,0.14221,0.250342,0.565202,0.0155302
1,0.34375,0.75,0.131433,0.246974,0.576143,0.0154954
1,0.34375,0.78125,0.120648,0.243607,0.587079,0.015453
1,0.34375,0.8125,0.109857,0.240241,0.59801,0.0154043
1,0.34375,0.84375,0.0990593,0.236875,0.608935,0.0153484
1,0.34375,0.875,0.0882601,0.233509,0.619852,0.0152914
1,0.34375,0.90625,0.0775619,0.230132,0.630752,0.0153353
1,0.34375,0.9375,0.0673941,0.226712,0.641601,0.0159097
1,0.34375,0.96875,0.0579731,0.223246,0.652397,0.0172309
1,0.34375,1,0.0487405,0.219752,0.66316,0.0187405
1,0.375,0,0.419384,0.359846,0.34498,0.0143843
1,0.375,0.03125,0.407767,0.356084,0.356859,0.0144861
1,0.375,0.0625,0.39615,0.352324,0.368742,0.014587
1,0.375,0.09375,0.38453,0.348569,0.380628,0.014686
1,0.375,0.125,0.372909,0.344817,0.392517,0.0147843
1,0.375,0.15625,0.361287,0.341069,0.404411,0.0148807
1,0.375,0.1875,0.349661,0.337325,0.416309,0.0149736
1,0.375,0.21875,0.338033,0.333584,0.428212,0.0150644
1,0.375,0.25,0.326401,0.329847,0.440117,0.0151513
1,0.375,0.28125,0.314766,0.326114,0.452028,0.0152344
1,0.375,0.3125,0.303126,0.322384,0.463942,0.0153135
1,0.375,0.34375,0.29148,0.318658,0.475859,0.0153864
1,0.375,0.375,0.279829,0.314936,0.48778,0.0154544
1,0.375,0.40625,0.268172,0.311217,0.499704,0.0155159
1,0.375,0.4375,0.256509,0.307502,0.51163,0.0155714
1,0.375,0.46875,0.244838,0.30379,0.523559,0.0156189
1,0.375,0.5,0.233159,0.300081,0.535488,0.0156592
1,0.375,0.53125,0.221473,0.296375,0.54742,0.0156913
1,0.375,0.5625,0.209778,0.292671,0.559351,0.0157158
1,0.375,0.59375,0.198075,0.288971,0.571281,0.0157315
1,0.375,0.625,0.186364,0.285273,0.583211,0.0157385
1,0.375,0.65625,0.174644,0.281576,0.59514,0.0157377
1,0.375,0.6875,0.162916,0.277882,0.607065,0.0157281
1,0.375,0.71875,0.151178,0.274189,0.618987,0.0157095
1,0.375,0.75,0.139435,0.270497,0.630905,0.0156852
1,0.375,0.78125,0.127684,0.266806,0.642818,0.0156531
1,0.375,0.8125,0.115929,0.263116,0.654725,0.0156164
1,0.375,0.84375,0.104172,0.259425,0.666626,0.0155779
1,0.375,0.875,0.0924132,0.255735,0.678518,0.0155382
1,0.375,0.90625,0.0806901,0.252041,0.6904,0.0155338
1,0.375,0.9375,0.0694839,0.248306,0.702234,0.0160464
1,0.375,0.96875,0.0591251,0.244522,0.714011,0.0174064
1,0.375,1,0.0491265,0.240705,0.725749,0.0191265
1,0.40625,0,0.450694,0.391134,0.376258,0.0144442
1,0.40625,0.03125,0.438104,0.387047,0.389114,0.0145489
1,0.40625,0.0625,0.425512,0.382964,0.401974,0.0146525
1,0.40625,0.09375,0.41292,0.378884,0.414838,0.0147555
1,0.40625,0.125,0.400325,0.374808,0.427705,0.0148567
1,0.40625,0.15625,0.387729,0.370736,0.440577,0.0149561
1,0.40625,0.1875,0.375132,0.366668,0.453453,0.0150538
1,0.40625,0.21875,0.362531,0.362603,0.466333,0.0151477
1,0.40625,0.25,0.349926,0.358542,0.479217,0.0152383
1,0.40625,0.28125,0.337318,0.354485,0.492106,0.0153254
1,0.40625,0.3125,0.324705,0.350431,0.504999,0.0154083
1,0.40625,0.34375,0.312088,0.346382,0.517895,0.0154859
1,0.40625,0.375,0.299464,0.342335,0.530794,0.0155576
1,0.40625,0.40625,0.286835,0.338292,0.543697,0.0156242
1,0.40625,0.4375,0.274199,0.334253,0.556602,0.015683
1,0.40625,0.46875,0.261556,0.330217,0.569509,0.0157356
1,0.40625,0.5,0.248906,0.326184,0.582418,0.0157807
1,0.40625,0.53125,0.236248,0.322154,0.595327,0.015818
1,0.40625,0.5625,0.223582,0.318127,0.608236,0.015848
1,0.40625,0.59375,0.210908,0.314102,0.621146,0.0158693
1,0.40625,0.625,0.198226,0.31008,0.634053,0.0158822
1,0.40625,0.65625,0.185537,0.306059,0.646959,0.0158886
1,0.40625,0.6875,0.172839,0.302041,0.659862,0.0158859
1,0.40625,0.71875,0.160135,0.298024,0.672761,0.0158769
1,0.40625,0.75,0.147424,0.294008,0.685656,0.0158616
1,0.40625,0.78125,0.134709,0.289993,0.698546,0.0158415
1,0.40625,0.8125,0.12199,0.285978,0.711429,0.0158182
1,0.40625,0.84375,0.109273,0.281963,0.724305,0.0157961
1,0.40625,0.875,0.0965572,0.277947,0.737174,0.015776
1,0.40625,0.90625,0.0838527,0.273931,0.750033,0.0157668
1,0.40625,0.9375,0.0715946,0.269882,0.762852,0.016204
1,0.40625,0.96875,0.0602905,0.26578,0.77561,0.0175952
1,0.40625,1,0.0495231,0.26164,0.788324,0.0195231
1,0.4375,0,0.481997,0.422417,0.407533,0.0144973
1,0.4375,0.03125,0.468433,0.418006,0.421366,0.0146044
1,0.4375,0.0625,0.454868,0.413598,0.435203,0.0147113
1,0.4375,0.09375,0.441301,0.409194,0.449044,0.0148171
1,0.4375,0.125,0.427734,0.404794,0.462889,0.0149219
1,0.4375,0.15625,0.414164,0.400398,0.476738,0.0150235
1,0.4375,0.1875,0.400593,0.396005,0.490592,0.0151245
1,0.4375,0.21875,0.387019,0.391616,0.50445,0.0152219
1,0.4375,0.25,0.373442,0.387231,0.518313,0.0153168
1,0.4375,0.28125,0.35986,0.382849,0.532179,0.0154069
1,0.4375,0.3125,0.346275,0.378472,0.54605,0.0154938
1,0.4375,0.34375,0.332683,0.374098,0.559924,0.0155741
1,0.4375,0.375,0.319088,0.369727,0.573803,0.0156502
1,0.4375,0.40625,0.305486,0.36536,0.587684,0.0157208
1,0.4375,0.4375,0.291878,0.360997,0.601567,0.015784
1,0.4375,0.46875,0.278263,0.356637,0.615452,0.0158409
1,0.4375,0.5,0.26464,0.352279,0.629339,0.0158904
1,0.4375,0.53125,0.251012,0.347925,0.643227,0.0159337
1,0.4375,0.5625,0.237374,0.343574,0.657115,0.0159675
1,0.4375,0.59375,0.223729,0.339225,0.671002,0.0159951
1,0.4375,0.625,0.210077,0.334878,0.684887,0.0160142
1,0.4375,0.65625,0.196418,0.330533,0.698771,0.0160271
1,0.4375,0.6875,0.18275,0.326191,0.712651,0.0160313
1,0.4375,0.71875,0.169078,0.321849,0.726528,0.0160309
1,0.4375,0.75,0.155401,0.317509,0.740399,0.0160261
1,0.4375,0.78125,0.14172,0.313169,0.754265,0.0160172
1,0.4375,0.8125,0.12804,0.30883,0.768124,0.0160083
1,0.4375,0.84375,0.114362,0.30449,0.781976,0.0160028
1,0.4375,0.875,0.100693,0.300149,0.79582,0.0160055
1,0.4375,0.90625,0.0870389,0.295808,0.809654,0.0160232
1,0.4375,0.9375,0.0737229,0.291444,0.823458,0.0163791
1,0.4375,0.96875,0.0614622,0.287024,0.837197,0.0177904
1,0.4375,1,0.0499274,0.282561,0.850888,0.0199274
1,0.46875,0,0.513295,0.453696,0.438805,0.0145446
1,0.46875,0.03125,0.498756,0.44896,0.453615,0.0146545
1,0.46875,0.0625,0.484217,0.444228,0.468428,0.0147634
1,0.46875,0.09375,0.469678,0.439499,0.483247,0.0148728
1,0.46875,0.125,0.455136,0.434775,0.498069,0.0149796
1,0.46875,0.15625,0.440593,0.430054,0.512896,0.0150852
1,0.46875,0.1875,0.426048,0.425337,0.527727,0.015189
1,0.46875,0.21875,0.4115,0.420623,0.542563,0.0152891
1,0.46875,0.25,0.396949,0.415914,0.557404,0.0153867
1,0.46875,0.28125,0.382395,0.411208,0.572249,0.0154806
1,0.46875,0.3125,0.367835,0.406506,0.587097,0.0155694
1,0.46875,0.34375,0.353273,0.401808,0.60195,0.0156557
1,0.46875,0.375,0.338704,0.397113,0.616806,0.0157348
1,0.46875,0.40625,0.324129,0.392422,0.631665,0.0158086
1,0.46875,0.4375,0.309548,0.387734,0.646527,0.0158762
1,0.46875,0.46875,0.294961,0.383049,0.661391,0.0159371
1,0.46875,0.5,0.280366,0.378368,0.676256,0.0159911
1,0.46875,0.53125,0.265765,0.373689,0.691121,0.0160382
1,0.46875,0.5625,0.251155,0.369014,0.705987,0.0160772
1,0.46875,0.59375,0.23654,0.36434,0.720851,0.0161099
1,0.46875,0.625,0.221917,0.359669,0.735715,0.0161358
1,0.46875,0.65625,0.207287,0.355,0.750575,0.0161539
1,0.46875,0.6875,0.192652,0.350333,0.765433,0.0161676
1,0.46875,0.71875,0.178011,0.345667,0.780286,0.0161754
1,0.46875,0.75,0.163368,0.341001,0.795134,0.0161806
1,0.46875,0.78125,0.148722,0.336337,0.809977,0.0161833
1,0.46875,0.8125,0.134079,0.331673,0.824812,0.0161885
1,0.46875,0.84375,0.119443,0.327008,0.83964,0.0162008
1,0.46875,0.875,0.10482,0.322343,0.854459,0.0162266
1,0.46875,0.90625,0.0902201,0.317676,0.869269,0.0162747
1,0.46875,0.9375,0.0758667,0.312995,0.884055,0.0165699
1,0.46875,0.96875,0.0626431,0.308256,0.898775,0.0179946
1,0.46875,1,0.0503412,0.30347,0.913442,0.0203412
1,0.5,0,0.544587,0.484971,0.470074,0.0145874
1,0.5,0.03125,0.529074,0.47991,0.485861,0.0146989
1,0.5,0.0625,0.51356,0.474854,0.501651,0.0148104
1,0.5,0.09375,0.498047,0.469801,0.517447,0.0149216
1,0.5,0.125,0.482531,0.464751,0.533246,0.0150315
1,0.5,0.15625,0.467015,0.459706,0.549051,0.0151404
1,0.5,0.1875,0.451496,0.454665,0.56486,0.0152458
1,0.5,0.21875,0.435975,0.449627,0.580673,0.0153496
1,0.5,0.25,0.42045,0.444593,0.596492,0.0154501
1,0.5,0.28125,0.404922,0.439562,0.612314,0.0155472
1,0.5,0.3125,0.38939,0.434536,0.628141,0.0156397
1,0.5,0.34375,0.373852,0.429513,0.643972,0.015727
1,0.5,0.375,0.358311,0.424494,0.659806,0.0158105
1,0.5,0.40625,0.342763,0.419478,0.675643,0.0158877
1,0.5,0.4375,0.32721,0.414466,0.691483,0.0159596
1,0.5,0.46875,0.311649,0.409457,0.707324,0.0160243
1,0.5,0.5,0.296083,0.404451,0.723167,0.0160827
1,0.5,0.53125,0.280509,0.399448,0.739011,0.0161343
1,0.5,0.5625,0.26493,0.394447,0.754854,0.0161798
1,0.5,0.59375,0.249342,0.38945,0.770696,0.0162169
1,0.5,0.625,0.233748,0.384454,0.786537,0.0162481
1,0.5,0.65625,0.218149,0.37946,0.802375,0.0162736
1,0.5,0.6875,0.202543,0.374468,0.818209,0.0162932
1,0.5,0.71875,0.186935,0.369478,0.834039,0.0163096
1,0.5,0.75,0.171324,0.364488,0.849864,0.0163244
1,0.5,0.78125,0.155716,0.359498,0.865683,0.0163406
1,0.5,0.8125,0.140111,0.354509,0.881495,0.016361
1,0.5,0.84375,0.124517,0.349519,0.897298,0.0163919
1,0.5,0.875,0.108939,0.344529,0.913093,0.0164386
1,0.5,0.90625,0.0933926,0.339537,0.928877,0.0165176
1,0.5,0.9375,0.078028,0.334536,0.944643,0.016778
1,0.5,0.96875,0.0638341,0.329478,0.960344,0.0182091
1,0.5,1,0.0507657,0.324369,0.975988,0.0207657
1,0.53125,0,0.575875,0.516244,0.501341,0.0146248
1,0.53125,0.03125,0.561327,0.511492,0.516132,0.0147257
1,0.53125,0.0625,0.54678,0.506743,0.530926,0.0148269
1,0.53125,0.09375,0.532231,0.501997,0.545724,0.0149263
1,0.53125,0.125,0.517683,0.497254,0.560526,0.0150265
1,0.53125,0.15625,0.503132,0.492514,0.575331,0.015124
1,0.53125,0.1875,0.488581,0.487777,0.59014,0.0152215
1,0.53125,0.21875,0.474028,0.483042,0.604952,0.0153174
1,0.53125,0.25,0.459473,0.478311,0.619769,0.0154105
1,0.53125,0.28125,0.444915,0.473583,0.634588,0.0155008
1,0.53125,0.3125,0.430356,0.468858,0.649412,0.01559
1,0.53125,0.34375,0.415792,0.464136,0.664239,0.0156746
1,0.53125,0.375,0.401225,0.459416,0.679069,0.0157566
1,0.53125,0.40625,0.386656,0.454699,0.693901,0.0158354
1,0.53125,0.4375,0.372081,0.449985,0.708736,0.0159094
1,0.53125,0.46875,0.357503,0.445274,0.723574,0.0159798
1,0.53125,0.5,0.34292,0.440565,0.738413,0.0160454
1,0.53125,0.53125,0.328332,0.43586,0.753254,0.0161053
1,0.53125,0.5625,0.313738,0.431156,0.768096,0.0161602
1,0.53125,0.59375,0.29914,0.426455,0.782938,0.0162101
1,0.53125,0.625,0.284537,0.421755,0.79778,0.0162559
1,0.53125,0.65625,0.269928,0.417059,0.812621,0.0162953
1,0.53125,0.6875,0.255315,0.412363,0.827462,0.0163306
1,0.53125,0.71875,0.240696,0.40767,0.8423,0.0163605
1,0.53125,0.75,0.226076,0.402977,0.857137,0.0163888
1,0.53125,0.78125,0.211451,0.398286,0.87197,0.0164123
1,0.53125,0.8125,0.196824,0.393596,0.8868,0.0164331
1,0.53125,0.84375,0.182199,0.388906,0.901625,0.0164567
1,0.53125,0.875,0.167573,0.384217,0.916446,0.016479
1,0.53125,0.90625,0.152953,0.379528,0.931261,0.0165075
1,0.53125,0.9375,0.138341,0.374839,0.946069,0.0165437
1,0.53125,0.96875,0.123743,0.37015,0.960871,0.0165942
1,0.53125,1,0.109168,0.365458,0.975666,0.0166681
1,0.5625,0,0.60716,0.547514,0.532606,0.0146598
1,0.5625,0.03125,0.593579,0.543072,0.546404,0.0147507
1,0.5625,0.0625,0.579997,0.538633,0.560204,0.0148404
1,0.5625,0.09375,0.566415,0.534196,0.574007,0.014931
1,0.5625,0.125,0.552832,0.529762,0.587813,0.0150198
1,0.5625,0.15625,0.53925,0.525329,0.601621,0.0151093
1,0.5625,0.1875,0.525666,0.5209,0.615433,0.0151972
1,0.5625,0.21875,0.512081,0.516472,0.629248,0.0152842
1,0.5625,0.25,0.498495,0.512046,0.643065,0.0153701
1,0.5625,0.28125,0.484908,0.507623,0.656886,0.0154547
1,0.5625,0.3125,0.471318,0.503203,0.670709,0.0155364
1,0.5625,0.34375,0.457727,0.498784,0.684535,0.0156176
1,0.5625,0.375,0.444133,0.494368,0.698364,0.0156958
1,0.5625,0.40625,0.430537,0.489954,0.712196,0.0157717
1,0.5625,0.4375,0.416938,0.485543,0.726029,0.0158444
1,0.5625,0.46875,0.403337,0.481133,0.739865,0.0159147
1,0.5625,0.5,0.389733,0.476725,0.753703,0.0159826
1,0.5625,0.53125,0.376125,0.47232,0.767543,0.0160464
1,0.5625,0.5625,0.362513,0.467917,0.781384,0.0161065
1,0.5625,0.59375,0.348897,0.463516,0.795226,0.016163
1,0.5625,0.625,0.335279,0.459116,0.809069,0.0162167
1,0.5625,0.65625,0.321657,0.454719,0.822912,0.0162661
1,0.5625,0.6875,0.30803,0.450323,0.836755,0.0163108
1,0.5625,0.71875,0.294399,0.445929,0.850598,0.016352
1,0.5625,0.75,0.280766,0.441536,0.864441,0.0163908
1,0.5625,0.78125,0.267129,0.437145,0.878282,0.0164259
1,0.5625,0.8125,0.253488,0.432755,0.892122,0.0164568
1,0.5625,0.84375,0.239846,0.428366,0.905961,0.0164864
1,0.5625,0.875,0.226202,0.423978,0.919796,0.016514
1,0.5625,0.90625,0.212556,0.419591,0.933629,0.0165405
1,0.5625,0.9375,0.198909,0.415204,0.947459,0.0165648
1,0.5625,0.96875,0.185265,0.410818,0.961285,0.016593
1,0.5625,1,0.171624,0.406432,0.975108,0.0166236
1,0.59375,0,0.638442,0.578782,0.56387,0.0146918
1,0.59375,0.03125,0.625827,0.574652,0.576676,0.0147721
1,0.59375,0.0625,0.613212,0.570525,0.589483,0.0148526
1,0.59375,0.09375,0.600598,0.566398,0.602294,0.0149342
1,0.59375,0.125,0.587982,0.562275,0.615106,0.0150133
1,0.59375,0.15625,0.575367,0.558152,0.627921,0.0150936
1,0.59375,0.1875,0.562751,0.554031,0.640737,0.0151728
1,0.59375,0.21875,0.550135,0.549912,0.653557,0.0152522
1,0.59375,0.25,0.537517,0.545796,0.666379,0.0153291
1,0.59375,0.28125,0.524899,0.54168,0.679203,0.0154064
1,0.59375,0.3125,0.512279,0.537567,0.692029,0.0154824
1,0.59375,0.34375,0.499659,0.533455,0.704857,0.015557
1,0.59375,0.375,0.487037,0.529345,0.717688,0.0156307
1,0.59375,0.40625,0.474413,0.525237,0.730521,0.0157019
1,0.59375,0.4375,0.461787,0.521131,0.743356,0.0157718
1,0.59375,0.46875,0.44916,0.517026,0.756193,0.0158398
1,0.59375,0.5,0.436531,0.512923,0.769031,0.0159056
1,0.59375,0.53125,0.423899,0.508822,0.781872,0.0159696
1,0.59375,0.5625,0.411265,0.504723,0.794714,0.0160306
1,0.59375,0.59375,0.398629,0.500624,0.807557,0.0160896
1,0.59375,0.625,0.38599,0.496528,0.820401,0.0161459
1,0.59375,0.65625,0.373348,0.492433,0.833247,0.0161997
1,0.59375,0.6875,0.360704,0.48834,0.846093,0.0162509
1,0.59375,0.71875,0.348057,0.484248,0.858939,0.0162994
1,0.59375,0.75,0.335406,0.480158,0.871786,0.0163437
1,0.59375,0.78125,0.322753,0.476069,0.884633,0.0163863
1,0.59375,0.8125,0.310098,0.471981,0.897479,0.0164257
1,0.59375,0.84375,0.29744,0.467894,0.910325,0.0164639
1,0.59375,0.875,0.28478,0.463808,0.923171,0.0164985
1,0.59375,0.90625,0.272117,0.459724,0.936015,0.0165311
1,0.59375,0.9375,0.259453,0.45564,0.948858,0.0165625
1,0.59375,0.96875,0.246786,0.451557,0.961699,0.0165903
1,0.59375,1,0.23412,0.447474,0.974538,0.0166197
1,0.625,0,0.66972,0.610049,0.595132,0.0147204
1,0.625,0.03125,0.658073,0.606232,0.606948,0.0147921
1,0.625,0.0625,0.646426,0.602417,0.618765,0.014864
1,0.625,0.09375,0.634779,0.598603,0.630584,0.0149357
1,0.625,0.125,0.623132,0.594791,0.642405,0.0150074
1,0.625,0.15625,0.611485,0.59098,0.654227,0.0150784
1,0.625,0.1875,0.599837,0.587171,0.666052,0.0151497
1,0.625,0.21875,0.588189,0.583362,0.677878,0.0152206
1,0.625,0.25,0.576541,0.579556,0.689706,0.0152906
1,0.625,0.28125,0.564892,0.57575,0.701536,0.0153604
1,0.625,0.3125,0.553242,0.571946,0.713367,0.0154299
1,0.625,0.34375,0.541591,0.568144,0.725201,0.0154968
1,0.625,0.375,0.529939,0.564343,0.737036,0.015564
1,0.625,0.40625,0.518287,0.560543,0.748873,0.0156308
1,0.625,0.4375,0.506633,0.556745,0.760712,0.0156952
1,0.625,0.46875,0.494979,0.552947,0.772552,0.0157601
1,0.625,0.5,0.483322,0.549152,0.784394,0.0158223
1,0.625,0.53125,0.471665,0.545357,0.796237,0.0158835
1,0.625,0.5625,0.460005,0.541564,0.808082,0.0159425
1,0.625,0.59375,0.448345,0.537772,0.819929,0.0160011
1,0.625,0.625,0.436682,0.533982,0.831776,0.0160567
1,0.625,0.65625,0.425017,0.530193,0.843624,0.0161107
1,0.625,0.6875,0.413351,0.526405,0.855473,0.0161639
1,0.625,0.71875,0.401683,0.522618,0.867324,0.0162144
1,0.625,0.75,0.390013,0.518833,0.879174,0.0162632
1,0.625,0.78125,0.378342,0.515048,0.891026,0.0163104
1,0.625,0.8125,0.366668,0.511264,0.902878,0.0163554
1,0.625,0.84375,0.354991,0.507483,0.91473,0.0163968
1,0.625,0.875,0.343312,0.503701,0.926582,0.0164374
1,0.625,0.90625,0.331632,0.499921,0.938434,0.0164756
1,0.625,0.9375,0.31995,0.496142,0.950286,0.0165123
1,0.625,0.96875,0.308266,0.492363,0.962137,0.016547
1,0.625,1,0.296581,0.488585,0.973987,0.0165807
1,0.65625,0,0.700997,0.641313,0.626393,0.0147473
1,0.65625,0.03125,0.690319,0.637811,0.63722,0.014811
1,0.65625,0.0625,0.67964,0.63431,0.648048,0.0148742
1,0.65625,0.09375,0.668961,0.63081,0.658877,0.0149377
1,0.65625,0.125,0.658282,0.627311,0.669708,0.0150006
1,0.65625,0.15625,0.647603,0.623813,0.680541,0.0150643
1,0.65625,0.1875,0.636924,0.620317,0.691374,0.0151268
1,0.65625,0.21875,0.626245,0.616821,0.702208,0.0151899
1,0.65625,0.25,0.615566,0.613326,0.713045,0.0152532
1,0.65625,0.28125,0.604885,0.609833,0.723883,0.0153142
1,0.65625,0.3125,0.594205,0.60634,0.734722,0.0153768
1,0.65625,0.34375,0.583524,0.602848,0.745562,0.0154379
1,0.65625,0.375,0.572843,0.599358,0.756405,0.0154989
1,0.65625,0.40625,0.562161,0.595868,0.767248,0.0155592
1,0.65625,0.4375,0.551478,0.59238,0.778092,0.0156186
1,0.65625,0.46875,0.540794,0.588893,0.788938,0.0156773
1,0.65625,0.5,0.53011,0.585407,0.799786,0.0157348
1,0.65625,0.53125,0.519424,0.581922,0.810634,0.0157914
1,0.65625,0.5625,0.508739,0.578437,0.821484,0.0158484
1,0.65625,0.59375,0.498052,0.574954,0.832336,0.0159033
1,0.65625,0.625,0.487363,0.571472,0.843187,0.0159569
1,0.65625,0.65625,0.476675,0.56799,0.85404,0.0160109
1,0.65625,0.6875,0.465983,0.56451,0.864895,0.0160611
1,0.65625,0.71875,0.455292,0.561031,0.87575,0.0161125
1,0.65625,0.75,0.444598,0.557553,0.886606,0.0161603
1,0.65625,0.78125,0.433903,0.554076,0.897462,0.0162078
1,0.65625,0.8125,0.423207,0.550599,0.90832,0.0162541
1,0.65625,0.84375,0.41251,0.547124,0.919177,0.0162986
1,0.65625,0.875,0.401811,0.543649,0.930036,0.0163418
1,0.65625,0.90625,0.39111,0.540176,0.940894,0.0163832
1,0.65625,0.9375,0.380409,0.536703,0.951753,0.0164241
1,0.65625,0.96875,0.369703,0.533231,0.962611,0.0164607
1,0.65625,1,0.359,0.52976,0.973471,0.0164999
1,0.6875,0,0.732272,0.672577,0.657653,0.0147718
1,0.6875,0.03125,0.722562,0.66939,0.667492,0.0148273
1,0.6875,0.0625,0.712852,0.666204,0.677332,0.0148829
1,0.6875,0.09375,0.703141,0.663019,0.687174,0.0149381
1,0.6875,0.125,0.693432,0.659834,0.697016,0.0149944
1,0.6875,0.15625,0.683723,0.65665,0.706859,0.015051
1,0.6875,0.1875,0.674012,0.653468,0.716703,0.0151058
1,0.6875,0.21875,0.664302,0.650286,0.726548,0.0151615
1,0.6875,0.25,0.654591,0.647105,0.736394,0.0152159
1,0.6875,0.28125,0.644881,0.643924,0.746242,0.0152714
1,0.6875,0.3125,0.63517,0.640745,0.75609,0.0153266
1,0.6875,0.34375,0.62546,0.637566,0.765939,0.0153815
1,0.6875,0.375,0.615747,0.634388,0.77579,0.0154349
1,0.6875,0.40625,0.606036,0.631211,0.785641,0.0154892
1,0.6875,0.4375,0.596324,0.628034,0.795494,0.0155429
1,0.6875,0.46875,0.586612,0.624858,0.805348,0.015596
1,0.6875,0.5,0.576899,0.621683,0.815203,0.015649
1,0.6875,0.53125,0.567185,0.618509,0.825059,0.0157002
1,0.6875,0.5625,0.55747,0.615336,0.834916,0.0157515
1,0.6875,0.59375,0.547755,0.612164,0.844774,0.0158021
1,0.6875,0.625,0.53804,0.608992,0.854632,0.0158521
1,0.6875,0.65625,0.528323,0.605821,0.864492,0.0159013
1,0.6875,0.6875,0.518606,0.602651,0.874353,0.0159503
1,0.6875,0.71875,0.508889,0.599481,0.884214,0.0159982
1,0.6875,0.75,0.49917,0.596313,0.894076,0.0160454
1,0.6875,0.78125,0.489451,0.593145,0.903939,0.0160916
1,0.6875,0.8125,0.47973,0.589978,0.913803,0.0161361
1,0.6875,0.84375,0.470009,0.586811,0.923667,0.0161805
1,0.6875,0.875,0.460286,0.583645,0.933532,0.0162236
1,0.6875,0.90625,0.450562,0.58048,0.943397,0.0162654
1,0.6875,0.9375,0.440837,0.577316,0.953263,0.0163062
1,0.6875,0.96875,0.431112,0.574153,0.963129,0.016346
1,0.6875,1,0.421385,0.57099,0.972996,0.0163852
1,0.71875,0,0.763544,0.70384,0.688912,0.0147941
1,0.71875,0.03125,0.754804,0.700969,0.697765,0.014843
1,0.71875,0.0625,0.746063,0.698099,0.706618,0.0148908
1,0.71875,0.09375,0.737323,0.695229,0.715472,0.0149398
1,0.71875,0.125,0.728581,0.692361,0.724326,0.0149875
1,0.71875,0.15625,0.719842,0.689492,0.733181,0.0150371
1,0.71875,0.1875,0.711101,0.686624,0.742037,0.0150853
1,0.71875,0.21875,0.70236,0.683757,0.750894,0.0151334
1,0.71875,0.25,0.693619,0.680891,0.759752,0.0151816
1,0.71875,0.28125,0.684878,0.678025,0.76861,0.0152299
1,0.71875,0.3125,0.676137,0.675159,0.77747,0.0152781
1,0.71875,0.34375,0.667396,0.672295,0.786329,0.015326
1,0.71875,0.375,0.658655,0.66943,0.795191,0.0153734
1,0.71875,0.40625,0.649913,0.666567,0.804052,0.0154212
1,0.71875,0.4375,0.641172,0.663704,0.812915,0.0154684
1,0.71875,0.46875,0.63243,0.660841,0.821779,0.0155157
1,0.71875,0.5,0.623688,0.657979,0.830642,0.0155627
1,0.71875,0.53125,0.614945,0.655119,0.839507,0.0156087
1,0.71875,0.5625,0.606202,0.652258,0.848373,0.015655
1,0.71875,0.59375,0.597459,0.649398,0.857239,0.0157011
1,0.71875,0.625,0.588715,0.646538,0.866107,0.0157465
1,0.71875,0.65625,0.57997,0.643679,0.874975,0.0157908
1,0.71875,0.6875,0.571226,0.640821,0.883844,0.0158351
1,0.71875,0.71875,0.562481,0.637964,0.892713,0.015879
1,0.71875,0.75,0.553734,0.635107,0.901583,0.0159219
1,0.71875,0.78125,0.544989,0.63225,0.910454,0.0159658
1,0.71875,0.8125,0.536243,0.629393,0.919325,0.0160087
1,0.71875,0.84375,0.527496,0.626538,0.928197,0.0160502
1,0.71875,0.875,0.518746,0.623683,0.93707,0.0160903
1,0.71875,0.90625,0.509998,0.620829,0.945943,0.0161308
1,0.71875,0.9375,0.501249,0.617975,0.954817,0.0161707
1,0.71875,0.96875,0.492499,0.615122,0.963691,0.0162095
1,0.71875,1,0.483749,0.612269,0.972566,0.0162487
1,0.75,0,0.794816,0.735101,0.720171,0.0148159
1,0.75,0.03125,0.787045,0.732547,0.728037,0.014858
1,0.75,0.0625,0.779274,0.729994,0.735904,0.0148986
1,0.75,0.09375,0.771503,0.727441,0.743772,0.0149409
1,0.75,0.125,0.763733,0.724888,0.75164,0.0149826
1,0.75,0.15625,0.755961,0.722336,0.759508,0.0150239
1,0.75,0.1875,0.74819,0.719785,0.767377,0.0150653
1,0.75,0.21875,0.74042,0.717233,0.775247,0.0151076
1,0.75,0.25,0.732649,0.714683,0.783117,0.0151487
1,0.75,0.28125,0.724878,0.712132,0.790988,0.0151902
1,0.75,0.3125,0.717107,0.709582,0.79886,0.0152322
1,0.75,0.34375,0.709336,0.707033,0.806732,0.0152738
1,0.75,0.375,0.701565,0.704484,0.814604,0.0153152
1,0.75,0.40625,0.693794,0.701935,0.822478,0.0153565
1,0.75,0.4375,0.686022,0.699387,0.830352,0.0153974
1,0.75,0.46875,0.678252,0.696839,0.838226,0.0154392
1,0.75,0.5,0.670479,0.694292,0.846101,0.015479
1,0.75,0.53125,0.662707,0.691745,0.853977,0.0155197
1,0.75,0.5625,0.654936,0.689198,0.861853,0.0155614
1,0.75,0.59375,0.647163,0.686652,0.86973,0.0156007
1,0.75,0.625,0.639391,0.684107,0.877607,0.0156412
1,0.75,0.65625,0.631618,0.681562,0.885485,0.0156807
1,0.75,0.6875,0.623845,0.679017,0.893363,0.0157198
1,0.75,0.71875,0.616072,0.676473,0.901243,0.0157593
1,0.75,0.75,0.608298,0.673929,0.909122,0.0157979
1,0.75,0.78125,0.600524,0.671385,0.917002,0.0158367
1,0.75,0.8125,0.59275,0.668842,0.924883,0.0158755
1,0.75,0.84375,0.584976,0.666299,0.932764,0.0159138
1,0.75,0.875,0.577201,0.663757,0.940646,0.0159515
1,0.75,0.90625,0.569425,0.661215,0.948528,0.0159876
1,0.75,0.9375,0.561651,0.658673,0.956411,0.0160263
1,0.75,0.96875,0.553875,0.656133,0.964294,0.0160621
1,0.75,1,0.546097,0.653592,0.972178,0.0160974
1,0.78125,0,0.826085,0.766362,0.751429,0.0148347
1,0.78125,0.03125,0.819284,0.764125,0.75831,0.0148702
1,0.78125,0.0625,0.812484,0.761889,0.765192,0.0149058
1,0.78125,0.09375,0.805683,0.759654,0.772074,0.014941
1,0.78125,0.125,0.798883,0.757418,0.778956,0.0149765
1,0.78125,0.15625,0.792082,0.755183,0.785839,0.0150118
1,0.78125,0.1875,0.785281,0.752948,0.792721,0.0150471
1,0.78125,0.21875,0.778482,0.750714,0.799605,0.0150831
1,0.78125,0.25,0.771681,0.74848,0.806489,0.0151187
1,0.78125,0.28125,0.76488,0.746246,0.813374,0.0151535
1,0.78125,0.3125,0.758079,0.744013,0.820258,0.0151888
1,0.78125,0.34375,0.751278,0.74178,0.827143,0.0152235
1,0.78125,0.375,0.744478,0.739547,0.834029,0.0152591
1,0.78125,0.40625,0.737677,0.737314,0.840915,0.0152946
1,0.78125,0.4375,0.730876,0.735082,0.847802,0.0153291
1,0.78125,0.46875,0.724075,0.73285,0.854689,0.0153642
1,0.78125,0.5,0.717274,0.730618,0.861576,0.0153995
1,0.78125,0.53125,0.710473,0.728387,0.868464,0.0154341
1,0.78125,0.5625,0.703672,0.726155,0.875352,0.015469
1,0.78125,0.59375,0.696871,0.723925,0.882241,0.0155041
1,0.78125,0.625,0.690071,0.721694,0.88913,0.0155394
1,0.78125,0.65625,0.683269,0.719464,0.896019,0.0155734
1,0.78125,0.6875,0.676467,0.717234,0.902909,0.0156078
1,0.78125,0.71875,0.669665,0.715004,0.909799,0.0156417
1,0.78125,0.75,0.662864,0.712775,0.91669,0.0156761
1,0.78125,0.78125,0.656061,0.710546,0.923581,0.0157094
1,0.78125,0.8125,0.649259,0.708317,0.930473,0.0157436
1,0.78125,0.84375,0.642457,0.706089,0.937364,0.0157772
1,0.78125,0.875,0.635654,0.703861,0.944257,0.0158105
1,0.78125,0.90625,0.628851,0.701633,0.95115,0.0158431
1,0.78125,0.9375,0.622047,0.699406,0.958042,0.0158755
1,0.78125,0.96875,0.615244,0.697179,0.964936,0.0159085
1,0.78125,1,0.608441,0.694952,0.97183,0.0159411
1,0.8125,0,0.857354,0.797621,0.782686,0.0148543
1,0.8125,0.03125,0.851524,0.795703,0.788583,0.0148835
1,0.8125,0.0625,0.845693,0.793785,0.79448,0.0149121
1,0.8125,0.09375,0.839863,0.791868,0.800377,0.0149409
1,0.8125,0.125,0.834033,0.78995,0.806274,0.0149702
1,0.8125,0.15625,0.828204,0.788032,0.812172,0.0150008
1,0.8125,0.1875,0.822373,0.786116,0.81807,0.0150291
1,0.8125,0.21875,0.816544,0.784199,0.823969,0.0150594
1,0.8125,0.25,0.810713,0.782282,0.829867,0.0150884
1,0.8125,0.28125,0.804882,0.780366,0.835766,0.0151168
1,0.8125,0.3125,0.799054,0.778449,0.841665,0.0151476
1,0.8125,0.34375,0.793223,0.776533,0.847564,0.0151763
1,0.8125,0.375,0.787393,0.774618,0.853464,0.0152056
1,0.8125,0.40625,0.781564,0.772702,0.859364,0.0152358
1,0.8125,0.4375,0.775733,0.770787,0.865265,0.0152642
1,0.8125,0.46875,0.769903,0.768871,0.871165,0.0152941
1,0.8125,0.5,0.764074,0.766956,0.877066,0.0153239
1,0.8125,0.53125,0.758244,0.765041,0.882967,0.0153534
1,0.8125,0.5625,0.752414,0.763126,0.888868,0.0153826
1,0.8125,0.59375,0.746583,0.761212,0.89477,0.015411
1,0.8125,0.625,0.740753,0.759298,0.900672,0.0154406
1,0.8125,0.65625,0.734923,0.757384,0.906574,0.0154699
1,0.8125,0.6875,0.729092,0.75547,0.912477,0.0154983
1,0.8125,0.71875,0.723262,0.753556,0.91838,0.0155278
1,0.8125,0.75,0.717431,0.751643,0.924283,0.015556
1,0.8125,0.78125,0.7116,0.74973,0.930187,0.0155841
1,0.8125,0.8125,0.70577,0.747817,0.93609,0.0156137
1,0.8125,0.84375,0.69994,0.745904,0.941995,0.0156428
1,0.8125,0.875,0.694108,0.743992,0.947899,0.0156704
1,0.8125,0.90625,0.688277,0.74208,0.953803,0.0156984
1,0.8125,0.9375,0.682446,0.740167,0.959708,0.0157275
1,0.8125,0.96875,0.676614,0.738256,0.965613,0.0157548
1,0.8125,1,0.670783,0.736344,0.971519,0.0157834
1,0.84375,0,0.888621,0.82888,0.813943,0.0148712
1,0.84375,0.03125,0.88376,0.827281,0.818856,0.0148932
1,0.84375,0.0625,0.878902,0.825682,0.823769,0.0149176
1,0.84375,0.09375,0.874043,0.824082,0.828682,0.0149416
1,0.84375,0.125,0.869184,0.822483,0.833595,0.0149656
1,0.84375,0.15625,0.864326,0.820884,0.838508,0.0149904
1,0.84375,0.1875,0.859466,0.819286,0.843422,0.0150125
1,0.84375,0.21875,0.854606,0.817687,0.848336,0.015036
1,0.84375,0.25,0.849748,0.816088,0.85325,0.0150605
1,0.84375,0.28125,0.844889,0.81449,0.858164,0.0150847
1,0.84375,0.3125,0.84003,0.812892,0.863078,0.0151084
1,0.84375,0.34375,0.835171,0.811293,0.867993,0.0151324
1,0.84375,0.375,0.830312,0.809695,0.872908,0.0151562
1,0.84375,0.40625,0.825453,0.808098,0.877822,0.0151796
1,0.84375,0.4375,0.820594,0.8065,0.882737,0.0152035
1,0.84375,0.46875,0.815735,0.804902,0.887653,0.0152268
1,0.84375,0.5,0.810875,0.803305,0.892568,0.0152504
1,0.84375,0.53125,0.806017,0.801707,0.897484,0.0152748
1,0.84375,0.5625,0.801157,0.800111,0.902399,0.0152975
1,0.84375,0.59375,0.796298,0.798513,0.907315,0.0153219
1,0.84375,0.625,0.79144,0.796916,0.912232,0.0153463
1,0.84375,0.65625,0.786581,0.795319,0.917148,0.0153697
1,0.84375,0.6875,0.781722,0.793722,0.922065,0.0153936
1,0.84375,0.71875,0.776862,0.792126,0.926981,0.0154169
1,0.84375,0.75,0.772003,0.79053,0.931898,0.0154406
1,0.84375,0.78125,0.767143,0.788934,0.936815,0.0154635
1,0.84375,0.8125,0.762284,0.787338,0.941733,0.0154875
1,0.84375,0.84375,0.757425,0.785741,0.94665,0.0155112
1,0.84375,0.875,0.752566,0.784145,0.951568,0.0155346
1,0.84375,0.90625,0.747707,0.78255,0.956486,0.0155582
1,0.84375,0.9375,0.742846,0.780954,0.961404,0.0155808
1,0.84375,0.96875,0.737987,0.779359,0.966322,0.0156046
1,0.84375,1,0.733127,0.777764,0.971241,0.0156271
1,0.875,0,0.919886,0.860139,0.8452,0.0148864
1,0.875,0.03125,0.915999,0.858859,0.849129,0.0149048
1,0.875,0.0625,0.912111,0.857578,0.853058,0.0149235
1,0.875,0.09375,0.908223,0.856298,0.856988,0.0149418
1,0.875,0.125,0.904334,0.855018,0.860917,0.0149595
1,0.875,0.15625,0.900448,0.853738,0.864847,0.0149789
1,0.875,0.1875,0.89656,0.852458,0.868777,0.0149972
1,0.875,0.21875,0.892672,0.851178,0.872707,0.0150158
1,0.875,0.25,0.888784,0.849898,0.876637,0.0150341
1,0.875,0.28125,0.884897,0.848618,0.880567,0.0150533
1,0.875,0.3125,0.881009,0.847339,0.884497,0.0150715
1,0.875,0.34375,0.877121,0.846059,0.888428,0.0150894
1,0.875,0.375,0.873233,0.84478,0.892358,0.0151078
1,0.875,0.40625,0.869346,0.8435,0.896289,0.0151271
1,0.875,0.4375,0.865458,0.842221,0.90022,0.0151455
1,0.875,0.46875,0.86157,0.840942,0.90415,0.0151634
1,0.875,0.5,0.857682,0.839662,0.908081,0.0151823
1,0.875,0.53125,0.853794,0.838384,0.912012,0.0152004
1,0.875,0.5625,0.849906,0.837105,0.915944,0.0152189
1,0.875,0.59375,0.846019,0.835826,0.919875,0.0152376
1,0.875,0.625,0.842132,0.834546,0.923806,0.0152572
1,0.875,0.65625,0.838243,0.833268,0.927738,0.0152748
1,0.875,0.6875,0.834356,0.831989,0.931669,0.0152931
1,0.875,0.71875,0.830468,0.830711,0.935601,0.0153117
1,0.875,0.75,0.826581,0.829432,0.939533,0.0153306
1,0.875,0.78125,0.822692,0.828154,0.943465,0.0153486
1,0.875,0.8125,0.818804,0.826876,0.947396,0.0153669
1,0.875,0.84375,0.814917,0.825597,0.951329,0.0153856
1,0.875,0.875,0.811029,0.824319,0.955261,0.0154037
1,0.875,0.90625,0.807141,0.823041,0.959193,0.0154224
1,0.875,0.9375,0.803253,0.821763,0.963126,0.0154401
1,0.875,0.96875,0.799364,0.820485,0.967059,0.0154582
1,0.875,1,0.795478,0.819207,0.970992,0.015478
1,0.90625,0,0.951152,0.891397,0.876455,0.0149016
1,0.90625,0.03125,0.948235,0.890436,0.879402,0.0149143
1,0.90625,0.0625,0.945319,0.889475,0.882348,0.0149284
1,0.90625,0.09375,0.942403,0.888514,0.885295,0.0149418
1,0.90625,0.125,0.939486,0.887554,0.888241,0.014955
1,0.90625,0.15625,0.93657,0.886593,0.891188,0.014968
1,0.90625,0.1875,0.933653,0.885633,0.894135,0.0149815
1,0.90625,0.21875,0.930737,0.884672,0.897081,0.014995
1,0.90625,0.25,0.927822,0.883712,0.900028,0.0150092
1,0.90625,0.28125,0.924905,0.882751,0.902975,0.0150224
1,0.90625,0.3125,0.921989,0.881791,0.905922,0.0150362
1,0.90625,0.34375,0.919073,0.88083,0.908869,0.0150497
1,0.90625,0.375,0.916156,0.87987,0.911816,0.0150627
1,0.90625,0.40625,0.913241,0.878909,0.914763,0.0150767
1,0.90625,0.4375,0.910325,0.877949,0.91771,0.0150902
1,0.90625,0.46875,0.907408,0.876989,0.920657,0.0151035
1,0.90625,0.5,0.904492,0.876029,0.923605,0.0151171
1,0.90625,0.53125,0.901576,0.875069,0.926552,0.0151309
1,0.90625,0.5625,0.898659,0.874109,0.929499,0.0151438
1,0.90625,0.59375,0.895744,0.873148,0.932446,0.0151583
1,0.90625,0.625,0.892826,0.872189,0.935394,0.0151702
1,0.90625,0.65625,0.889911,0.871228,0.938341,0.0151847
1,0.90625,0.6875,0.886995,0.870269,0.941289,0.0151982
1,0.90625,0.71875,0.88408,0.869308,0.944236,0.0152125
1,0.90625,0.75,0.881162,0.868349,0.947184,0.0152242
1,0.90625,0.78125,0.878246,0.867389,0.950132,0.0152385
1,0.90625,0.8125,0.87533,0.866429,0.95308,0.0152524
1,0.90625,0.84375,0.872414,0.86547,0.956028,0.0152659
1,0.90625,0.875,0.869498,0.86451,0.958975,0.0152788
1,0.90625,0.90625,0.866581,0.86355,0.961924,0.0152922
1,0.90625,0.9375,0.863665,0.862591,0.964872,0.0153057
1,0.90625,0.96875,0.860749,0.861631,0.96782,0.0153196
1,0.90625,1,0.857833,0.860672,0.970768,0.0153331
1,0.9375,0,0.982415,0.922654,0.907711,0.0149154
1,0.9375,0.03125,0.980471,0.922014,0.909675,0.0149242
1,0.9375,0.0625,0.978528,0.921372,0.911639,0.014934
1,0.9375,0.09375,0.976582,0.920732,0.913603,0.0149416
1,0.9375,0.125,0.974638,0.920091,0.915567,0.0149508
1,0.9375,0.15625,0.972694,0.91945,0.917531,0.0149592
1,0.9375,0.1875,0.97075,0.918809,0.919495,0.0149683
1,0.9375,0.21875,0.968804,0.918168,0.921459,0.0149762
1,0.9375,0.25,0.966861,0.917528,0.923423,0.0149856
1,0.9375,0.28125,0.964916,0.916887,0.925387,0.0149937
1,0.9375,0.3125,0.962971,0.916247,0.92735,0.0150018
1,0.9375,0.34375,0.961028,0.915606,0.929315,0.015012
1,0.9375,0.375,0.959083,0.914965,0.931279,0.0150203
1,0.9375,0.40625,0.957139,0.914324,0.933243,0.0150295
1,0.9375,0.4375,0.955194,0.913683,0.935208,0.0150381
1,0.9375,0.46875,0.95325,0.913043,0.937172,0.0150467
1,0.9375,0.5,0.951306,0.912402,0.939136,0.0150556
1,0.9375,0.53125,0.949361,0.911762,0.9411,0.0150638
1,0.9375,0.5625,0.947417,0.911121,0.943064,0.0150731
1,0.9375,0.59375,0.945472,0.910481,0.945029,0.0150815
1,0.9375,0.625,0.943527,0.90984,0.946993,0.0150899
1,0.9375,0.65625,0.941584,0.909199,0.948958,0.0150992
1,0.9375,0.6875,0.939639,0.908559,0.950922,0.0151081
1,0.9375,0.71875,0.937695,0.907918,0.952886,0.015117
1,0.9375,0.75,0.93575,0.907278,0.954851,0.0151255
1,0.9375,0.78125,0.933806,0.906638,0.956815,0.0151338
1,0.9375,0.8125,0.931862,0.905997,0.95878,0.0151429
1,0.9375,0.84375,0.929918,0.905357,0.960744,0.0151522
1,0.9375,0.875,0.927973,0.904716,0.962709,0.0151603
1,0.9375,0.90625,0.926028,0.904076,0.964673,0.0151684
1,0.9375,0.9375,0.924084,0.903435,0.966638,0.0151779
1,0.9375,0.96875,0.92214,0.902795,0.968602,0.0151865
1,0.9375,1,0.920195,0.902155,0.970567,0.0151951
1,0.96875,0,1,0.95835,0.947937,0.00125003
1,0.96875,0.03125,1,0.957752,0.948,0.00222659
1,0.96875,0.0625,1,0.957149,0.948099,0.00320315
1,0.96875,0.09375,1,0.956542,0.948235,0.00417972
1,0.96875,0.125,1,0.955929,0.94841,0.00515628
1,0.96875,0.15625,1,0.95531,0.948626,0.00613284
1,0.96875,0.1875,1,0.954686,0.948885,0.0071094
1,0.96875,0.21875,1,0.954056,0.949188,0.00808597
1,0.96875,0.25,1,0.953419,0.949538,0.00906253
1,0.96875,0.28125,1,0.952776,0.949935,0.0100391
1,0.96875,0.3125,1,0.952126,0.950384,0.0110157
1,0.96875,0.34375,1,0.951469,0.950885,0.0119922
1,0.96875,0.375,1,0.950803,0.951441,0.0129688
1,0.96875,0.40625,1,0.95013,0.952055,0.0139453
1,0.96875,0.4375,1,0.949448,0.95273,0.0149219
1,0.96875,0.46875,0.999094,0.949103,0.953693,0.0149923
1,0.96875,0.5,0.998121,0.948783,0.954675,0.0149961
1,0.96875,0.53125,0.99715,0.948461,0.955657,0.0150016
1,0.96875,0.5625,0.996177,0.948141,0.956638,0.0150054
1,0.96875,0.59375,0.995204,0.947821,0.95762,0.0150091
1,0.96875,0.625,0.994232,0.9475,0.958603,0.0150136
1,0.96875,0.65625,0.99326,0.947179,0.959584,0.0150179
1,0.96875,0.6875,0.992288,0.946859,0.960566,0.0150228
1,0.96875,0.71875,0.991315,0.946538,0.961548,0.0150264
1,0.96875,0.75,0.990343,0.946218,0.96253,0.0150307
1,0.96875,0.78125,0.989371,0.945898,0.963512,0.0150351
1,0.96875,0.8125,0.988399,0.945577,0.964494,0.0150394
1,0.96875,0.84375,0.987427,0.945256,0.965475,0.0150438
1,0.96875,0.875,0.986454,0.944936,0.966458,0.0150482
1,0.96875,0.90625,0.985482,0.944616,0.96744,0.0150519
1,0.96875,0.9375,0.984509,0.944295,0.968422,0.0150562
1,0.96875,0.96875,0.983537,0.943975,0.969404,0.0150602
1,0.96875,1,0.982565,0.943654,0.970385,0.0150645
1,1,0,1,0.99,0.979999,7.7486e-07
1,1,0.03125,1,0.99,0.979999,7.7486e-07
1,1,0.0625,1,0.99,0.979999,7.7486e-07
1,1,0.09375,1,0.99,0.979999,7.7486e-07
1,1,0.125,1,0.99,0.979999,7.7486e-07
1,1,0.15625,1,0.99,0.979999,7.7486e-07
1,1,0.1875,1,0.99,0.979999,7.7486e-07
1,1,0.21875,1,0.99,0.979999,7.7486e-07
1,1,0.25,1,0.99,0.979999,7.7486e-07
1,1,0.28125,1,0.99,0.979999,7.7486e-07
1,1,0.3125,1,0.99,0.979999,7.7486e-07
1,1,0.34375,1,0.99,0.979999,7.7486e-07
1,1,0.375,1,0.99,0.979999,7.7486e-07
1,1,0.40625,1,0.99,0.979999,7.7486e-07
1,1,0.4375,1,0.99,0.979999,7.7486e-07
1,1,0.46875,1,0.99,0.979999,7.7486e-07
1,1,0.5,1,0.99,0.979999,7.7486e-07
1,1,0.53125,1,0.99,0.979999,7.7486e-07
1,1,0.5625,1,0.99,0.979999,7.7486e-07
1,1,0.59375,1,0.99,0.979999,7.7486e-07
1,1,0.625,1,0.99,0.979999,7.7486e-07
1,1,0.65625,1,0.99,0.979999,7.7486e-07
1,1,0.6875,1,0.99,0.979999,7.7486e-07
1,1,0.71875,1,0.99,0.979999,7.7486e-07
1,1,0.75,1,0.99,0.979999,7.7486e-07
1,1,0.78125,1,0.99,0.979999,7.7486e-07
1,1,0.8125,1,0.99,0.979999,7.7486e-07
1,1,0.84375,1,0.99,0.979999,7.7486e-07
1,1,0.875,1,0.99,0.979999,7.7486e-07
1,1,0.90625,1,0.99,0.979999,7.7486e-07
1,1,0.9375,1,0.99,0.979999,7.7486e-07
1,1,0.96875,1,0.99,0.979999,7.7486e-07
1,1,1,1,0.99,0.979999,7.7486e-07
2,0,0,0.0671708,0.00945508,0.00636459,0.0371708
2,0,0.03125,0.0671708,0.00945508,0.00636459,0.0371708
2,0,0.0625,0.0671708,0.00945508,0.00636459,0.0371708
2,0,0.09375,0.0671708,0.00945508,0.00636459,0.0371708
2,0,0.125,0.0671708,0.00945508,0.00636459,0.0371708
2,0,0.15625,0.0671708,0.00945508,0.00636459,0.0371708
2,0,0.1875,0.0671708,0.00945508,0.00636459,0.0371708
2,0,0.21875,0.0671708,0.00945508,0.00636459,0.0371708
2,0,0.25,0.0671708,0.00945508,0.00636459,0.0371708
2,0,0.28125,0.0671708,0.00945508,0.00636459,0.0371708
2,0,0.3125,0.0671708,0.00945508,0.00636459,0.0371708
2,0,0.34375,0.0671708,0.00945508,0.00636459,0.0371708
2,0,0.375,0.0671708,0.00945508,0.00636459,0.0371708
2,0,0.40625,0.0671708,0.00945508,0.00636459,0.0371708
2,0,0.4375,0.0671708,0.00945508,0.00636459,0.0371708
2,0,0.46875,0.0671708,0.00945508,0.00636459,0.0371708
2,0,0.5,0.0671708,0.00945508,0.00636459,0.0371708
2,0,0.53125,0.0671708,0.00945508,0.00636459,0.0371708
2,0,0.5625,0.0671708,0.00945508,0.00636459,0.0371708
2,0,0.59375,0.0671708,0.00945508,0.00636459,0.0371708
2,0,0.625,0.0671708,0.00945508,0.00636459,0.0371708
2,0,0.65625,0.0671708,0.00945508,0.00636459,0.0371708
2,0,0.6875,0.0671708,0.00945508,0.00636459,0.0371708
2,0,0.71875,0.0671708,0.00945508,0.00636459,0.0371708
2,0,0.75,0.0671708,0.00945508,0.00636459,0.0371708
2,0,0.78125,0.0671708,0.00945508,0.00636459,0.0371708
2,0,0.8125,0.0671708,0.00945508,0.00636459,0.0371708
2,0,0.84375,0.0671708,0.00945508,0.00636459,0.0371708
2,0,0.875,0.0671708,0.00945508,0.00636459,0.0371708
2,0,0.90625,0.0671708,0.00945508,0.00636459,0.0371708
2,0,0.9375,0.0671708,0.00945508,0.00636459,0.0371708
2,0,0.96875,0.0671708,0.00945508,0.00636459,0.0371708
2,0,1,0.0671708,0.00945508,0.00636459,0.0371708
2,0.03125,0,0.0612822,0.0212704,0.0112637,3.22387e-05
2,0.03125,0.03125,0.0602565,0.0209137,0.012219,1.69873e-05
2,0.03125,0.0625,0.0592324,0.0205589,0.0131733,6.44326e-05
2,0.03125,0.09375,0.0582104,0.0202058,0.0141266,0.000109933
2,0.03125,0.125,0.0571903,0.0198544,0.0150791,0.000153407
2,0.03125,0.15625,0.0561721,0.0195048,0.016031,0.000195056
2,0.03125,0.1875,0.055156,0.0191569,0.0169823,0.000234634
2,0.03125,0.21875,0.0541418,0.0188106,0.0179332,0.000272229
2,0.03125,0.25,0.0531299,0.0184659,0.0188838,0.000307642
2,0.03125,0.28125,0.0521199,0.0181231,0.0198344,0.000341006
2,0.03125,0.3125,0.0511115,0.0177813,0.0207844,0.000372916
2,0.03125,0.34375,0.0501038,0.0174404,0.0217338,0.000403985
2,0.03125,0.375,0.0490976,0.0171007,0.0226828,0.000433668
2,0.03125,0.40625,0.0480927,0.0167621,0.0236315,0.000462003
2,0.03125,0.4375,0.0470892,0.0164245,0.02458,0.000488937
2,0.03125,0.46875,0.0460871,0.016088,0.0255284,0.000514477
2,0.03125,0.5,0.0450864,0.0157525,0.0264768,0.00053861
2,0.03125,0.53125,0.0440871,0.0154181,0.0274253,0.000561327
2,0.03125,0.5625,0.0430894,0.0150847,0.028374,0.000582434
2,0.03125,0.59375,0.0420933,0.0147524,0.0293231,0.00060197
2,0.03125,0.625,0.0410987,0.0144211,0.0302725,0.000620037
2,0.03125,0.65625,0.0401009,0.0140907,0.0312225,0.000641335
2,0.03125,0.6875,0.0391145,0.0137622,0.0321744,0.000651084
2,0.03125,0.71875,0.0381346,0.0134338,0.0331259,0.000654463
2,0.03125,0.75,0.0371543,0.0131051,0.0340758,0.000658225
2,0.03125,0.78125,0.0361734,0.0127761,0.0350242,0.000662513
2,0.03125,0.8125,0.0351924,0.0124468,0.0359709,0.000669718
2,0.03125,0.84375,0.0342111,0.0121172,0.0369159,0.000701275
2,0.03125,0.875,0.0332297,0.0117873,0.0378591,0.00073465
2,0.03125,0.90625,0.0322482,0.0114572,0.0388004,0.000769928
2,0.03125,0.9375,0.0312667,0.0111268,0.0397416,0.000805307
2,0.03125,0.96875,0.0302869,0.010797,0.0407009,0.000822503
2,0.03125,1,0.0293081,0.0104675,0.0416518,0.000848155
2,0.0625,0,0.0931204,0.0530772,0.0430649,0.000620447
2,0.0625,0.03125,0.0910808,0.0523462,0.0449415,0.000533931
2,0.0625,0.0625,0.0890402,0.0516143,0.0468166,0.000446416
2,0.0625,0.09375,0.0869984,0.0508812,0.0486902,0.00035774
2,0.0625,0.125,0.0849558,0.0501469,0.0505621,0.000268348
2,0.0625,0.15625,0.0829123,0.0494116,0.0524322,0.000177927
2,0.0625,0.1875,0.0808679,0.0486751,0.0543004,8.6613e-05
2,0.0625,0.21875,0.0788227,0.0479376,0.0561667,5.46128e-06
2,0.0625,0.25,0.0767766,0.0471989,0.0580309,9.83551e-05
2,0.0625,0.28125,0.07473,0.0464591,0.0598931,0.000191905
2,0.0625,0.3125,0.0726827,0.0457181,0.061753,0.000286005
2,0.0625,0.34375,0.0706349,0.044976,0.063611,0.000380732
2,0.0625,0.375,0.0685856,0.0442318,0.0654656,0.000476904
2,0.0625,0.40625,0.0665407,0.0434912,0.0673228,0.000568725
2,0.0625,0.4375,0.0645016,0.0427552,0.069184,0.000659712
2,0.0625,0.46875,0.0624684,0.0420241,0.0710496,0.000747316
2,0.0625,0.5,0.0604413,0.041298,0.0729195,0.000830464
2,0.0625,0.53125,0.0584204,0.0405769,0.0747942,0.000908934
2,0.0625,0.5625,0.0564058,0.0398534,0.0766738,0.000982501
2,0.0625,0.59375,0.0543991,0.0391464,0.07856,0.00104936
2,0.0625,0.625,0.0523987,0.0384525,0.0804518,0.00111068
2,0.0625,0.65625,0.0504031,0.0377633,0.0823473,0.0011683
2,0.0625,0.6875,0.0484124,0.0370789,0.084247,0.00122175
2,0.0625,0.71875,0.0464267,0.036399,0.0861508,0.00127112
2,0.0625,0.75,0.044446,0.0357238,0.088059,0.00131605
2,0.0625,0.78125,0.0424702,0.0350532,0.0899718,0.00135634
2,0.0625,0.8125,0.0404995,0.0343873,0.0918894,0.00139185
2,0.0625,0.84375,0.0385376,0.0337268,0.0938132,0.00142116
2,0.0625,0.875,0.0366117,0.0330684,0.0957392,0.00144833
2,0.0625,0.90625,0.034686,0.0324082,0.0976628,0.00147787
2,0.0625,0.9375,0.0327609,0.0317463,0.0995841,0.0015097
2,0.0625,0.96875,0.0308363,0.0310826,0.101503,0.00154405
2,0.0625,1,0.028913,0.0304172,0.103419,0.00158072
2,0.09375,0,0.124149,0.0841266,0.0741206,0.000399284
2,0.09375,0.03125,0.121117,0.083054,0.0769569,0.000296779
2,0.09375,0.0625,0.118083,0.0819798,0.0797909,0.000192799
2,0.09375,0.09375,0.115049,0.0809038,0.0826224,8.78051e-05
2,0.09375,0.125,0.112013,0.0798264,0.0854513,1.82465e-05
2,0.09375,0.15625,0.108976,0.0787474,0.0882774,0.000125565
2,0.09375,0.1875,0.105938,0.0776667,0.0911006,0.000233747
2,0.09375,0.21875,0.102899,0.0765844,0.0939208,0.000342898
2,0.09375,0.25,0.0998597,0.0755007,0.0967382,0.000452809
2,0.09375,0.28125,0.0968193,0.0744153,0.0995524,0.000564806
2,0.09375,0.3125,0.0937788,0.0733283,0.102364,0.000683375
2,0.09375,0.34375,0.0907376,0.0722396,0.105172,0.000804968
2,0.09375,0.375,0.0876962,0.0711492,0.107977,0.000929527
2,0.09375,0.40625,0.084655,0.0700571,0.110779,0.00105707
2,0.09375,0.4375,0.0816136,0.0689634,0.113578,0.00118766
2,0.09375,0.46875,0.0785726,0.067868,0.116374,0.00132097
2,0.09375,0.5,0.0755321,0.0667707,0.119168,0.00145706
2,0.09375,0.53125,0.0724922,0.0656718,0.121959,0.00159586
2,0.09375,0.5625,0.0694533,0.0645709,0.124747,0.00173708
2,0.09375,0.59375,0.0664155,0.0634684,0.127533,0.00188057
2,0.09375,0.625,0.0633881,0.0623733,0.130328,0.00201599
2,0.09375,0.65625,0.0603719,0.0612871,0.133132,0.0021417
2,0.09375,0.6875,0.0573673,0.0602095,0.135946,0.0022573
2,0.09375,0.71875,0.0543739,0.059141,0.138771,0.00236224
2,0.09375,0.75,0.0513923,0.0580818,0.141606,0.00245602
2,0.09375,0.78125,0.0484221,0.0570321,0.144454,0.00253813
2,0.09375,0.8125,0.0454632,0.0559922,0.147314,0.00260814
2,0.09375,0.84375,0.0425158,0.0549623,0.150186,0.00266562
2,0.09375,0.875,0.0395704,0.0539427,0.153071,0.00271006
2,0.09375,0.90625,0.0367047,0.0529346,0.155971,0.00274022
2,0.09375,0.9375,0.0338771,0.0519284,0.158874,0.00276645
2,0.09375,0.96875,0.0310524,0.0509207,0.161778,0.00279243
2,0.09375,1,0.0282308,0.0499115,0.164682,0.00281788
2,0.125,0,0.155258,0.115246,0.105243,0.000258118
2,0.125,0.03125,0.151239,0.113837,0.109044,0.000145435
2,0.125,0.0625,0.147219,0.112426,0.112842,3.11434e-05
2,0.125,0.09375,0.143197,0.111013,0.116637,8.44896e-05
2,0.125,0.125,0.139174,0.109598,0.120429,0.000201285
2,0.125,0.15625,0.135149,0.108181,0.124217,0.000319272
2,0.125,0.1875,0.131124,0.106762,0.128002,0.000438303
2,0.125,0.21875,0.127098,0.105341,0.131783,0.000561014
2,0.125,0.25,0.123071,0.103918,0.13556,0.000690028
2,0.125,0.28125,0.119044,0.102494,0.139334,0.000822648
2,0.125,0.3125,0.115016,0.101067,0.143104,0.000958875
2,0.125,0.34375,0.110988,0.0996381,0.14687,0.00109874
2,0.125,0.375,0.10696,0.0982072,0.150633,0.00124212
2,0.125,0.40625,0.102933,0.0967743,0.154392,0.00138886
2,0.125,0.4375,0.098906,0.0953392,0.158149,0.00153892
2,0.125,0.46875,0.0948797,0.093902,0.161902,0.00169213
2,0.125,0.5,0.0908543,0.0924629,0.165652,0.0018483
2,0.125,0.53125,0.0868303,0.0910213,0.169399,0.00200708
2,0.125,0.5625,0.0828075,0.0895777,0.173144,0.00216843
2,0.125,0.59375,0.0787865,0.0881316,0.176887,0.00233202
2,0.125,0.625,0.0747674,0.0866834,0.180627,0.00249757
2,0.125,0.65625,0.0707506,0.0852328,0.184366,0.00266476
2,0.125,0.6875,0.0667355,0.0837792,0.188104,0.00283398
2,0.125,0.71875,0.0627312,0.0823323,0.19185,0.00299414
2,0.125,0.75,0.0587425,0.0808983,0.195612,0.00313835
2,0.125,0.78125,0.0547694,0.0794776,0.199391,0.00326554
2,0.125,0.8125,0.050812,0.0780702,0.203187,0.00337546
2,0.125,0.84375,0.0468693,0.0766768,0.207002,0.00346719
2,0.125,0.875,0.0429413,0.0752978,0.210835,0.00354038
2,0.125,0.90625,0.0390183,0.0739335,0.214687,0.00359453
2,0.125,0.9375,0.0352386,0.0725841,0.218558,0.00362973
2,0.125,0.96875,0.0314979,0.0712347,0.222432,0.00366147
2,0.125,1,0.0277611,0.0698831,0.226308,0.00369246
2,0.15625,0,0.18641,0.146404,0.136402,0.000160307
2,0.15625,0.03125,0.181408,0.144661,0.141172,4.05312e-05
2,0.15625,0.0625,0.176404,0.142917,0.145937,8.08537e-05
2,0.15625,0.09375,0.171398,0.14117,0.150699,0.000203848
2,0.15625,0.125,0.16639,0.139421,0.155457,0.000328302
2,0.15625,0.15625,0.161382,0.137669,0.160212,0.000453562
2,0.15625,0.1875,0.156373,0.135916,0.164962,0.000585243
2,0.15625,0.21875,0.151363,0.13416,0.169707,0.000722244
2,0.15625,0.25,0.146352,0.132402,0.174449,0.000863388
2,0.15625,0.28125,0.141341,0.130641,0.179187,0.00100841
2,0.15625,0.3125,0.13633,0.128879,0.183921,0.00115757
2,0.15625,0.34375,0.131318,0.127114,0.18865,0.00131069
2,0.15625,0.375,0.126307,0.125347,0.193376,0.0014676
2,0.15625,0.40625,0.121297,0.123577,0.198098,0.00162821
2,0.15625,0.4375,0.116287,0.121805,0.202817,0.00179206
2,0.15625,0.46875,0.111279,0.120031,0.207533,0.00195931
2,0.15625,0.5,0.106271,0.118254,0.212246,0.00212933
2,0.15625,0.53125,0.101265,0.116474,0.216956,0.00230207
2,0.15625,0.5625,0.0962613,0.114693,0.221663,0.00247727
2,0.15625,0.59375,0.0912592,0.112908,0.226369,0.00265418
2,0.15625,0.625,0.0862598,0.111121,0.231073,0.00283279
2,0.15625,0.65625,0.081262,0.109332,0.235776,0.00301267
2,0.15625,0.6875,0.0762671,0.10754,0.240479,0.00319327
2,0.15625,0.71875,0.0712746,0.105745,0.24518,0.00337423
2,0.15625,0.75,0.0662843,0.103947,0.249882,0.00355551
2,0.15625,0.78125,0.0613056,0.102159,0.254597,0.00372374
2,0.15625,0.8125,0.0563456,0.100387,0.259334,0.0038693
2,0.15625,0.84375,0.0514031,0.0986335,0.264095,0.00399128
2,0.15625,0.875,0.046477,0.0968985,0.26888,0.00408906
2,0.15625,0.90625,0.0415664,0.0951825,0.273689,0.00416231
2,0.15625,0.9375,0.03672,0.0934862,0.278524,0.00421011
2,0.15625,0.96875,0.0320563,0.0918004,0.283374,0.00424299
2,0.15625,1,0.0273978,0.0901111,0.288225,0.00427485
2,0.1875,0,0.217589,0.177586,0.167585,8.89301e-05
2,0.1875,0.03125,0.211604,0.175512,0.173324,3.63588e-05
2,0.1875,0.0625,0.205618,0.173435,0.17906,0.000163317
2,0.1875,0.09375,0.19963,0.171356,0.184791,0.000291437
2,0.1875,0.125,0.193641,0.169275,0.190518,0.000421256
2,0.1875,0.15625,0.187651,0.167192,0.19624,0.000556484
2,0.1875,0.1875,0.18166,0.165105,0.201959,0.000697747
2,0.1875,0.21875,0.175668,0.163017,0.207672,0.00084345
2,0.1875,0.25,0.169675,0.160926,0.213381,0.000993714
2,0.1875,0.28125,0.163682,0.158833,0.219086,0.00114836
2,0.1875,0.3125,0.157689,0.156737,0.224786,0.00130735
2,0.1875,0.34375,0.151696,0.154638,0.230483,0.00147037
2,0.1875,0.375,0.145703,0.152537,0.236175,0.0016375
2,0.1875,0.40625,0.139712,0.150434,0.241864,0.00180824
2,0.1875,0.4375,0.133721,0.148327,0.247549,0.00198258
2,0.1875,0.46875,0.127732,0.146219,0.253231,0.00215995
2,0.1875,0.5,0.121744,0.144107,0.25891,0.00234014
2,0.1875,0.53125,0.115757,0.141993,0.264586,0.00252295
2,0.1875,0.5625,0.109773,0.139876,0.270261,0.00270784
2,0.1875,0.59375,0.10379,0.137757,0.275934,0.00289422
2,0.1875,0.625,0.0978105,0.135634,0.281605,0.00308207
2,0.1875,0.65625,0.0918323,0.133509,0.287276,0.00327051
2,0.1875,0.6875,0.0858567,0.131382,0.292947,0.00345919
2,0.1875,0.71875,0.0798828,0.129252,0.298618,0.00364739
2,0.1875,0.75,0.0739105,0.127119,0.30429,0.00383475
2,0.1875,0.78125,0.0679397,0.124983,0.309964,0.00402066
2,0.1875,0.8125,0.0619732,0.122851,0.315645,0.00419849
2,0.1875,0.84375,0.0560259,0.12074,0.321355,0.00434804
2,0.1875,0.875,0.0500953,0.118652,0.327095,0.00446796
2,0.1875,0.90625,0.0441809,0.116587,0.332864,0.00455803
2,0.1875,0.9375,0.0382765,0.114546,0.338663,0.00461784
2,0.1875,0.96875,0.032651,0.112524,0.344489,0.00465178
2,0.1875,1,0.0270632,0.110502,0.350318,0.00468239
2,0.21875,0,0.248784,0.208783,0.198783,3.38852e-05
2,0.21875,0.03125,0.241819,0.206379,0.205494,9.52482e-05
2,0.21875,0.0625,0.234852,0.203972,0.2122,0.00022611
2,0.21875,0.09375,0.227884,0.201563,0.218902,0.000358313
2,0.21875,0.125,0.220914,0.199151,0.2256,0.000494078
2,0.21875,0.15625,0.213943,0.196737,0.232293,0.000637159
2,0.21875,0.1875,0.206971,0.19432,0.23898,0.000785187
2,0.21875,0.21875,0.199998,0.1919,0.245664,0.000938043
2,0.21875,0.25,0.193025,0.189478,0.252342,0.00109547
2,0.21875,0.28125,0.186051,0.187053,0.259016,0.00125748
2,0.21875,0.3125,0.179078,0.184625,0.265685,0.00142393
2,0.21875,0.34375,0.172104,0.182195,0.27235,0.00159493
2,0.21875,0.375,0.165132,0.179762,0.279011,0.00176981
2,0.21875,0.40625,0.158159,0.177326,0.285669,0.00194845
2,0.21875,0.4375,0.151189,0.174888,0.292323,0.00213048
2,0.21875,0.46875,0.144219,0.172446,0.298973,0.00231576
2,0.21875,0.5,0.137251,0.170002,0.305621,0.00250378
2,0.21875,0.53125,0.130285,0.167555,0.312267,0.00269407
2,0.21875,0.5625,0.12332,0.165106,0.318911,0.00288618
2,0.21875,0.59375,0.116358,0.162653,0.325553,0.00307959
2,0.21875,0.625,0.109397,0.160198,0.332195,0.00327381
2,0.21875,0.65625,0.102439,0.15774,0.338836,0.00346836
2,0.21875,0.6875,0.0954814,0.155279,0.345478,0.00366253
2,0.21875,0.71875,0.0885251,0.152816,0.352121,0.00385576
2,0.21875,0.75,0.0815695,0.15035,0.358765,0.0040473
2,0.21875,0.78125,0.0746133,0.147882,0.365412,0.00423676
2,0.21875,0.8125,0.0676547,0.145411,0.372061,0.00442335
2,0.21875,0.84375,0.0606988,0.142946,0.378722,0.00459805
2,0.21875,0.875,0.0537589,0.140507,0.385418,0.00473869
2,0.21875,0.90625,0.0468322,0.138095,0.392148,0.00484422
2,0.21875,0.9375,0.039909,0.135711,0.398914,0.00491431
2,0.21875,0.96875,0.0332505,0.133354,0.405713,0.00495109
2,0.21875,1,0.0267305,0.130999,0.41252,0.00497973
2,0.25,0,0.279991,0.239991,0.229991,9.08971e-06
2,0.25,0.03125,0.272046,0.237258,0.237674,0.000141621
2,0.25,0.0625,0.264099,0.234522,0.245353,0.000275612
2,0.25,0.09375,0.256151,0.231783,0.253027,0.00041154
2,0.25,0.125,0.248201,0.229041,0.260696,0.000553608
2,0.25,0.15625,0.240251,0.226297,0.268361,0.000701964
2,0.25,0.1875,0.232299,0.22355,0.27602,0.000855416
2,0.25,0.21875,0.224346,0.220801,0.283674,0.00101361
2,0.25,0.25,0.216393,0.218048,0.291323,0.00117689
2,0.25,0.28125,0.20844,0.215293,0.298968,0.00134483
2,0.25,0.3125,0.200486,0.212535,0.306608,0.00151744
2,0.25,0.34375,0.192534,0.209774,0.314243,0.00169444
2,0.25,0.375,0.184581,0.20701,0.321874,0.00187555
2,0.25,0.40625,0.17663,0.204244,0.329502,0.0020605
2,0.25,0.4375,0.168679,0.201474,0.337126,0.00224888
2,0.25,0.46875,0.16073,0.198702,0.344747,0.00244018
2,0.25,0.5,0.152783,0.195927,0.352366,0.00263423
2,0.25,0.53125,0.144837,0.193149,0.359982,0.00283027
2,0.25,0.5625,0.136893,0.190368,0.367597,0.00302792
2,0.25,0.59375,0.12895,0.187584,0.375211,0.00322661
2,0.25,0.625,0.121009,0.184797,0.382824,0.00342569
2,0.25,0.65625,0.113069,0.182008,0.390438,0.00362465
2,0.25,0.6875,0.10513,0.179216,0.398052,0.0038228
2,0.25,0.71875,0.0971907,0.176421,0.405668,0.00401938
2,0.25,0.75,0.0892502,0.173624,0.413286,0.00421372
2,0.25,0.78125,0.0813072,0.170824,0.420907,0.00440535
2,0.25,0.8125,0.0733588,0.168023,0.428532,0.0045931
2,0.25,0.84375,0.0654022,0.165219,0.43616,0.00477716
2,0.25,0.875,0.0574481,0.162431,0.443813,0.00493729
2,0.25,0.90625,0.0495041,0.159674,0.451505,0.00505736
2,0.25,0.9375,0.0415649,0.156949,0.459238,0.00513735
2,0.25,0.96875,0.0338426,0.154256,0.46701,0.00517765
2,0.25,1,0.0263865,0.151571,0.474796,0.00520423
2,0.28125,0,0.311206,0.271207,0.261207,4.43161e-05
2,0.28125,0.03125,0.302282,0.268145,0.269864,0.000179201
2,0.28125,0.0625,0.293356,0.26508,0.278515,0.000315934
2,0.28125,0.09375,0.284428,0.262013,0.287162,0.000454903
2,0.28125,0.125,0.2755,0.258943,0.295804,0.000602335
2,0.28125,0.15625,0.26657,0.255869,0.30444,0.000754923
2,0.28125,0.1875,0.257638,0.252794,0.313072,0.000912726
2,0.28125,0.21875,0.248707,0.249715,0.321698,0.0010756
2,0.28125,0.25,0.239774,0.246633,0.330319,0.00124365
2,0.28125,0.28125,0.230842,0.243548,0.338935,0.00141644
2,0.28125,0.3125,0.22191,0.24046,0.347547,0.00159383
2,0.28125,0.34375,0.212977,0.23737,0.356154,0.00177598
2,0.28125,0.375,0.204046,0.234276,0.364757,0.00196221
2,0.28125,0.40625,0.195115,0.23118,0.373356,0.002152
2,0.28125,0.4375,0.186186,0.228081,0.381951,0.00234541
2,0.28125,0.46875,0.177258,0.224978,0.390544,0.00254166
2,0.28125,0.5,0.168331,0.221873,0.399135,0.00274044
2,0.28125,0.53125,0.159406,0.218765,0.407723,0.00294119
2,0.28125,0.5625,0.150482,0.215653,0.41631,0.00314322
2,0.28125,0.59375,0.14156,0.212539,0.424896,0.00334582
2,0.28125,0.625,0.132638,0.209423,0.433482,0.0035488
2,0.28125,0.65625,0.123717,0.206303,0.442069,0.00375104
2,0.28125,0.6875,0.114796,0.203181,0.450657,0.00395188
2,0.28125,0.71875,0.105873,0.200056,0.459247,0.00415096
2,0.28125,0.75,0.0969476,0.196929,0.46784,0.00434729
2,0.28125,0.78125,0.0880158,0.193799,0.476436,0.00454018
2,0.28125,0.8125,0.0790763,0.190668,0.485037,0.00472859
2,0.28125,0.84375,0.0701239,0.187534,0.493642,0.00491229
2,0.28125,0.875,0.0611567,0.184403,0.502258,0.00508612
2,0.28125,0.90625,0.0521905,0.181303,0.510913,0.00522006
2,0.28125,0.9375,0.0432203,0.178238,0.519613,0.00530916
2,0.28125,0.96875,0.0344216,0.175211,0.528357,0.00535399
2,0.28125,1,0.0260262,0.172196,0.537122,0.00537825
2,0.3125,0,0.342427,0.302428,0.292429,7.28369e-05
2,0.3125,0.03125,0.332524,0.299039,0.302059,0.000210226
2,0.3125,0.0625,0.32262,0.295646,0.311684,0.000348777
2,0.3125,0.09375,0.312713,0.29225,0.321305,0.000492096
2,0.3125,0.125,0.302806,0.288851,0.330919,0.000643045
2,0.3125,0.15625,0.292897,0.28545,0.340529,0.00079909
2,0.3125,0.1875,0.282987,0.282045,0.350133,0.000960439
2,0.3125,0.21875,0.273076,0.278638,0.359732,0.00112724
2,0.3125,0.25,0.263165,0.275228,0.369326,0.00129914
2,0.3125,0.28125,0.253254,0.271814,0.378915,0.00147608
2,0.3125,0.3125,0.243343,0.268397,0.388498,0.00165775
2,0.3125,0.34375,0.233432,0.264978,0.398078,0.00184387
2,0.3125,0.375,0.223522,0.261555,0.407653,0.00203422
2,0.3125,0.40625,0.213613,0.25813,0.417225,0.00222832
2,0.3125,0.4375,0.203704,0.254701,0.426793,0.0024257
2,0.3125,0.46875,0.193798,0.25127,0.436358,0.00262594
2,0.3125,0.5,0.183892,0.247835,0.445921,0.00282863
2,0.3125,0.53125,0.173987,0.244397,0.455482,0.00303319
2,0.3125,0.5625,0.164085,0.240957,0.465043,0.00323859
2,0.3125,0.59375,0.154182,0.237513,0.474602,0.00344458
2,0.3125,0.625,0.14428,0.234067,0.484162,0.00365028
2,0.3125,0.65625,0.134379,0.230618,0.493723,0.00385508
2,0.3125,0.6875,0.124474,0.227167,0.503285,0.0040583
2,0.3125,0.71875,0.114568,0.223712,0.51285,0.00425905
2,0.3125,0.75,0.104655,0.220256,0.522419,0.00445646
2,0.3125,0.78125,0.0947354,0.216798,0.53199,0.00465018
2,0.3125,0.8125,0.0848036,0.213337,0.541567,0.00483894
2,0.3125,0.84375,0.0748539,0.209876,0.55115,0.00502205
2,0.3125,0.875,0.0648777,0.206412,0.560738,0.00519925
2,0.3125,0.90625,0.0548855,0.202969,0.570356,0.00534678
2,0.3125,0.9375,0.0448786,0.199566,0.580024,0.00544488
2,0.3125,0.96875,0.0349844,0.196203,0.58974,0.00549436
2,0.3125,1,0.0256498,0.19286,0.599483,0.00551683
2,0.34375,0,0.373653,0.333655,0.323655,9.74536e-05
2,0.34375,0.03125,0.362771,0.329937,0.33426,0.000236362
2,0.34375,0.0625,0.351888,0.326217,0.344859,0.000377238
2,0.34375,0.09375,0.341004,0.322493,0.355453,0.000523716
2,0.34375,0.125,0.330118,0.318767,0.366041,0.000677258
2,0.34375,0.15625,0.319231,0.315037,0.376625,0.000836372
2,0.34375,0.1875,0.308342,0.311304,0.387202,0.00100103
2,0.34375,0.21875,0.297453,0.307569,0.397774,0.00117096
2,0.34375,0.25,0.286564,0.30383,0.408341,0.00134611
2,0.34375,0.28125,0.275674,0.300088,0.418903,0.00152645
2,0.34375,0.3125,0.264785,0.296343,0.42946,0.00171164
2,0.34375,0.34375,0.253895,0.292595,0.440013,0.00190121
2,0.34375,0.375,0.243007,0.288845,0.450561,0.00209507
2,0.34375,0.40625,0.232119,0.285091,0.461106,0.00229272
2,0.34375,0.4375,0.221232,0.281333,0.471647,0.00249353
2,0.34375,0.46875,0.210346,0.277573,0.482185,0.00269732
2,0.34375,0.5,0.199463,0.27381,0.492722,0.00290301
2,0.34375,0.53125,0.188579,0.270043,0.503257,0.00311047
2,0.34375,0.5625,0.177697,0.266274,0.513791,0.00331885
2,0.34375,0.59375,0.166815,0.262502,0.524324,0.00352734
2,0.34375,0.625,0.155933,0.258727,0.534858,0.00373542
2,0.34375,0.65625,0.145049,0.254949,0.545394,0.00394243
2,0.34375,0.6875,0.134163,0.251169,0.555931,0.00414723
2,0.34375,0.71875,0.123273,0.247386,0.566471,0.00434923
2,0.34375,0.75,0.112374,0.243601,0.577015,0.0045476
2,0.34375,0.78125,0.101465,0.239815,0.587563,0.00474173
2,0.34375,0.8125,0.0905397,0.236026,0.598116,0.00493044
2,0.34375,0.84375,0.0795911,0.232236,0.608676,0.00511289
2,0.34375,0.875,0.0686104,0.228445,0.619243,0.00528854
2,0.34375,0.90625,0.0575902,0.224662,0.629827,0.00544679
2,0.34375,0.9375,0.0465396,0.220921,0.640462,0.00555378
2,0.34375,0.96875,0.0355382,0.217224,0.65115,0.0056079
2,0.34375,1,0.0252562,0.213554,0.661871,0.00562871
2,0.375,0,0.404882,0.364884,0.354885,0.000118256
2,0.375,0.03125,0.393023,0.360839,0.366464,0.000258267
2,0.375,0.0625,0.381162,0.356791,0.378037,0.000400633
2,0.375,0.09375,0.369299,0.35274,0.389606,0.000550538
2,0.375,0.125,0.357434,0.348686,0.401168,0.000706732
2,0.375,0.15625,0.345569,0.344629,0.412725,0.00086838
2,0.375,0.1875,0.333703,0.340569,0.424277,0.00103563
2,0.375,0.21875,0.321836,0.336505,0.435823,0.00120831
2,0.375,0.25,0.309968,0.332439,0.447364,0.00138643
2,0.375,0.28125,0.2981,0.328369,0.458899,0.00156966
2,0.375,0.3125,0.286233,0.324296,0.47043,0.00175783
2,0.375,0.34375,0.274365,0.32022,0.481956,0.00195053
2,0.375,0.375,0.262498,0.316141,0.493478,0.00214729
2,0.375,0.40625,0.250632,0.312059,0.504996,0.00234789
2,0.375,0.4375,0.238767,0.307974,0.516511,0.00255162
2,0.375,0.46875,0.226903,0.303885,0.528023,0.00275803
2,0.375,0.5,0.21504,0.299794,0.539533,0.00296658
2,0.375,0.53125,0.203178,0.295699,0.551042,0.00317651
2,0.375,0.5625,0.191317,0.291602,0.56255,0.00338721
2,0.375,0.59375,0.179455,0.287501,0.574058,0.00359809
2,0.375,0.625,0.167593,0.283398,0.585567,0.00380808
2,0.375,0.65625,0.155728,0.279292,0.597077,0.00401664
2,0.375,0.6875,0.14386,0.275184,0.60859,0.00422263
2,0.375,0.71875,0.131985,0.271073,0.620106,0.00442553
2,0.375,0.75,0.120101,0.26696,0.631626,0.00462449
2,0.375,0.78125,0.108203,0.262846,0.64315,0.0048188
2,0.375,0.8125,0.0962828,0.25873,0.65468,0.00500709
2,0.375,0.84375,0.0843358,0.254612,0.666217,0.00518888
2,0.375,0.875,0.0723465,0.250493,0.677762,0.00536346
2,0.375,0.90625,0.0602992,0.246377,0.689317,0.00552684
2,0.375,0.9375,0.048202,0.242299,0.70092,0.00564229
2,0.375,0.96875,0.0360959,0.238268,0.71258,0.00570118
2,0.375,1,0.024848,0.234269,0.724279,0.00573097
2,0.40625,0,0.436114,0.396117,0.386117,0.000135839
2,0.40625,0.03125,0.423277,0.391745,0.398671,0.00027737
2,0.40625,0.0625,0.410438,0.38737,0.411219,0.000421584
2,0.40625,0.09375,0.397597,0.382991,0.423762,0.000573993
2,0.40625,0.125,0.384755,0.37861,0.436299,0.000732064
2,0.40625,0.15625,0.371912,0.374225,0.448831,0.000896007
2,0.40625,0.1875,0.359067,0.369838,0.461356,0.00106576
2,0.40625,0.21875,0.346222,0.365447,0.473876,0.00124076
2,0.40625,0.25,0.333376,0.361053,0.486391,0.00142136
2,0.40625,0.28125,0.320531,0.356656,0.498901,0.00160718
2,0.40625,0.3125,0.307685,0.352255,0.511405,0.0017978
2,0.40625,0.34375,0.29484,0.347851,0.523905,0.00199312
2,0.40625,0.375,0.281995,0.343445,0.536402,0.00219226
2,0.40625,0.40625,0.269151,0.339034,0.548894,0.00239551
2,0.40625,0.4375,0.256308,0.334621,0.561383,0.00260174
2,0.40625,0.46875,0.243465,0.330205,0.573869,0.00281066
2,0.40625,0.5,0.230624,0.325785,0.586354,0.00302142
2,0.40625,0.53125,0.217784,0.321363,0.598837,0.00323361
2,0.40625,0.5625,0.204943,0.316938,0.611319,0.00344622
2,0.40625,0.59375,0.192102,0.312509,0.623802,0.00365883
2,0.40625,0.625,0.17926,0.308078,0.636286,0.00387031
2,0.40625,0.65625,0.166414,0.303645,0.648772,0.00408006
2,0.40625,0.6875,0.153564,0.299209,0.66126,0.0042873
2,0.40625,0.71875,0.140705,0.29477,0.673751,0.00449115
2,0.40625,0.75,0.127835,0.29033,0.686247,0.00469029
2,0.40625,0.78125,0.114946,0.285888,0.698748,0.00488472
2,0.40625,0.8125,0.102033,0.281444,0.711255,0.00507265
2,0.40625,0.84375,0.0890872,0.277,0.72377,0.00525373
2,0.40625,0.875,0.0760887,0.272554,0.736292,0.00542706
2,0.40625,0.90625,0.0630182,0.268109,0.748823,0.00559157
2,0.40625,0.9375,0.0498698,0.263693,0.761394,0.00571537
2,0.40625,0.96875,0.0366579,0.25933,0.774026,0.0060374
2,0.40625,1,0.0244237,0.255002,0.786702,0.00583085
2,0.4375,0,0.467348,0.427351,0.417352,0.000151664
2,0.4375,0.03125,0.453534,0.422652,0.430881,0.000294358
2,0.4375,0.0625,0.439717,0.41795,0.444404,0.000439823
2,0.4375,0.09375,0.425899,0.413245,0.457921,0.000594348
2,0.4375,0.125,0.412079,0.408537,0.471433,0.000754386
2,0.4375,0.15625,0.398257,0.403825,0.484939,0.000920266
2,0.4375,0.1875,0.384435,0.39911,0.498439,0.00109211
2,0.4375,0.21875,0.370612,0.394392,0.511934,0.0012691
2,0.4375,0.25,0.356789,0.389671,0.525423,0.00145179
2,0.4375,0.28125,0.342965,0.384946,0.538907,0.0016396
2,0.4375,0.3125,0.329142,0.380218,0.552386,0.00183278
2,0.4375,0.34375,0.315318,0.375488,0.56586,0.00203031
2,0.4375,0.375,0.301495,0.370753,0.579331,0.0022319
2,0.4375,0.40625,0.287674,0.366015,0.592797,0.00243723
2,0.4375,0.4375,0.273853,0.361275,0.606261,0.00264555
2,0.4375,0.46875,0.260032,0.356531,0.619722,0.00285661
2,0.4375,0.5,0.246213,0.351784,0.633181,0.00306934
2,0.4375,0.53125,0.232394,0.347034,0.646639,0.00328308
2,0.4375,0.5625,0.218574,0.342281,0.660096,0.00349772
2,0.4375,0.59375,0.204754,0.337525,0.673554,0.0037117
2,0.4375,0.625,0.190931,0.332766,0.687013,0.00392473
2,0.4375,0.65625,0.177105,0.328005,0.700474,0.00413567
2,0.4375,0.6875,0.163272,0.323242,0.713938,0.00434363
2,0.4375,0.71875,0.14943,0.318476,0.727405,0.00454766
2,0.4375,0.75,0.135573,0.313709,0.740878,0.00474739
2,0.4375,0.78125,0.121696,0.308939,0.754356,0.00494134
2,0.4375,0.8125,0.10779,0.304169,0.76784,0.0051291
2,0.4375,0.84375,0.0938428,0.299397,0.781331,0.00530916
2,0.4375,0.875,0.0798362,0.294625,0.794831,0.00548136
2,0.4375,0.90625,0.0657423,0.289853,0.80834,0.00564444
2,0.4375,0.9375,0.0515388,0.285102,0.82188,0.00580492
2,0.4375,0.96875,0.0372164,0.280405,0.835484,0.00645545
2,0.4375,1,0.0239834,0.27575,0.849137,0.00601664
2,0.46875,0,0.498585,0.458588,0.448588,0.000164896
2,0.46875,0.03125,0.483793,0.453562,0.463092,0.000308543
2,0.46875,0.0625,0.468998,0.448533,0.47759,0.000456661
2,0.46875,0.09375,0.454203,0.443501,0.492083,0.000612348
2,0.46875,0.125,0.439404,0.438466,0.50657,0.000774145
2,0.46875,0.15625,0.424606,0.433427,0.52105,0.000941753
2,0.46875,0.1875,0.409806,0.428385,0.535526,0.00111502
2,0.46875,0.21875,0.395005,0.42334,0.549995,0.0012942
2,0.46875,0.25,0.380204,0.418292,0.564459,0.00147879
2,0.46875,0.28125,0.365403,0.41324,0.578917,0.00166881
2,0.46875,0.3125,0.350602,0.408185,0.593371,0.00186372
2,0.46875,0.34375,0.335801,0.403127,0.60782,0.00206321
2,0.46875,0.375,0.321001,0.398065,0.622264,0.00226682
2,0.46875,0.40625,0.306201,0.393001,0.636706,0.00247395
2,0.46875,0.4375,0.291402,0.387933,0.651144,0.0026843
2,0.46875,0.46875,0.276604,0.382862,0.66558,0.00289696
2,0.46875,0.5,0.261806,0.377787,0.680014,0.0031113
2,0.46875,0.53125,0.247008,0.37271,0.694447,0.00332689
2,0.46875,0.5625,0.23221,0.36763,0.708879,0.00354278
2,0.46875,0.59375,0.21741,0.362547,0.723312,0.00375855
2,0.46875,0.625,0.202608,0.357461,0.737746,0.00397235
2,0.46875,0.65625,0.1878,0.352372,0.752183,0.00418407
2,0.46875,0.6875,0.172986,0.347281,0.766623,0.00439256
2,0.46875,0.71875,0.158159,0.342189,0.781067,0.00459725
2,0.46875,0.75,0.143318,0.337094,0.795515,0.00479728
2,0.46875,0.78125,0.128451,0.331998,0.80997,0.00499111
2,0.46875,0.8125,0.113552,0.326901,0.824431,0.00517827
2,0.46875,0.84375,0.0986052,0.321803,0.8389,0.00535768
2,0.46875,0.875,0.083589,0.316704,0.853378,0.00552863
2,0.46875,0.90625,0.0684707,0.311606,0.867865,0.0056901
2,0.46875,0.9375,0.0532108,0.306521,0.882376,0.00608607
2,0.46875,0.96875,0.0377737,0.301493,0.896952,0.00687475
2,0.46875,1,0.0235296,0.296509,0.911581,0.00647042
2,0.5,0,0.529823,0.489825,0.479826,0.000176787
2,0.5,0.03125,0.514053,0.484473,0.495305,0.000321925
2,0.5,0.0625,0.498281,0.479118,0.510779,0.000471115
2,0.5,0.09375,0.482507,0.473759,0.526247,0.000628293
2,0.5,0.125,0.466733,0.468397,0.541708,0.00079155
2,0.5,0.15625,0.450957,0.463032,0.557164,0.000960529
2,0.5,0.1875,0.435179,0.457663,0.572614,0.00113559
2,0.5,0.21875,0.419401,0.452291,0.588058,0.00131673
2,0.5,0.25,0.403622,0.446916,0.603497,0.00150257
2,0.5,0.28125,0.387844,0.441537,0.61893,0.00169456
2,0.5,0.3125,0.372064,0.436155,0.634359,0.00189096
2,0.5,0.34375,0.356286,0.43077,0.649782,0.0020926
2,0.5,0.375,0.340508,0.425381,0.665202,0.0022977
2,0.5,0.40625,0.32473,0.41999,0.680618,0.00250661
2,0.5,0.4375,0.308954,0.414594,0.696032,0.00271845
2,0.5,0.46875,0.293178,0.409196,0.711442,0.00293273
2,0.5,0.5,0.277402,0.403795,0.726851,0.00314885
2,0.5,0.53125,0.261626,0.398391,0.742259,0.00336581
2,0.5,0.5625,0.24585,0.392983,0.757667,0.00358284
2,0.5,0.59375,0.230071,0.387573,0.773076,0.00379926
2,0.5,0.625,0.214288,0.38216,0.788486,0.00401437
2,0.5,0.65625,0.198501,0.376745,0.803898,0.00422692
2,0.5,0.6875,0.182704,0.371327,0.819314,0.00443619
2,0.5,0.71875,0.166894,0.365907,0.834734,0.00464106
2,0.5,0.75,0.151066,0.360486,0.850159,0.00484097
2,0.5,0.78125,0.135212,0.355063,0.86559,0.00503474
2,0.5,0.8125,0.11932,0.349639,0.881029,0.00522149
2,0.5,0.84375,0.103372,0.344215,0.896475,0.0054
2,0.5,0.875,0.0873473,0.33879,0.91193,0.0055697
2,0.5,0.90625,0.0712033,0.333365,0.927395,0.00572991
2,0.5,0.9375,0.0548871,0.327949,0.942879,0.00636292
2,0.5,0.96875,0.0383348,0.322589,0.958427,0.00729021
2,0.5,1,0.0230641,0.317277,0.974033,0.00693594
2,0.53125,0,0.561062,0.521065,0.511066,0.000187516
2,0.53125,0.03125,0.546285,0.516054,0.525585,0.000316143
2,0.53125,0.0625,0.531507,0.511041,0.540099,0.00044769
2,0.53125,0.09375,0.516727,0.506026,0.554609,0.000585914
2,0.53125,0.125,0.501946,0.501007,0.569115,0.000729024
2,0.53125,0.15625,0.487163,0.495987,0.583616,0.000876546
2,0.53125,0.1875,0.472381,0.490963,0.598112,0.00102895
2,0.53125,0.21875,0.457597,0.485937,0.612603,0.00118577
2,0.53125,0.25,0.442812,0.480909,0.62709,0.00134712
2,0.53125,0.28125,0.428027,0.475878,0.641573,0.001513
2,0.53125,0.3125,0.413243,0.470843,0.656052,0.00168276
2,0.53125,0.34375,0.398458,0.465807,0.670526,0.00185674
2,0.53125,0.375,0.383673,0.460768,0.684997,0.00203419
2,0.53125,0.40625,0.368888,0.455727,0.699464,0.00221521
2,0.53125,0.4375,0.354104,0.450683,0.713929,0.00239909
2,0.53125,0.46875,0.339321,0.445636,0.728391,0.00258559
2,0.53125,0.5,0.324538,0.440586,0.742851,0.00277442
2,0.53125,0.53125,0.309756,0.435534,0.757309,0.00296479
2,0.53125,0.5625,0.294972,0.43048,0.771765,0.00315654
2,0.53125,0.59375,0.280189,0.425424,0.786222,0.00334883
2,0.53125,0.625,0.265406,0.420365,0.800677,0.00354183
2,0.53125,0.65625,0.250621,0.415304,0.815133,0.00373387
2,0.53125,0.6875,0.235832,0.41024,0.82959,0.00392514
2,0.53125,0.71875,0.22104,0.405175,0.844049,0.00411493
2,0.53125,0.75,0.206244,0.400108,0.85851,0.00430226
2,0.53125,0.78125,0.191438,0.395039,0.872974,0.00448698
2,0.53125,0.8125,0.17662,0.389969,0.887441,0.00466794
2,0.53125,0.84375,0.161789,0.384897,0.901913,0.00484478
2,0.53125,0.875,0.146934,0.379825,0.916389,0.00501686
2,0.53125,0.90625,0.13205,0.374751,0.930871,0.00518358
2,0.53125,0.9375,0.117124,0.369677,0.945359,0.00534433
2,0.53125,0.96875,0.102145,0.364602,0.959854,0.00549799
2,0.53125,1,0.0870858,0.359528,0.974356,0.0056445
2,0.5625,0,0.592302,0.552305,0.542306,0.00019753
2,0.5625,0.03125,0.578517,0.547635,0.555863,0.000311136
2,0.5625,0.0625,0.56473,0.542963,0.569417,0.000426948
2,0.5625,0.09375,0.550942,0.538288,0.582967,0.000548303
2,0.5625,0.125,0.537153,0.533612,0.596514,0.000673592
2,0.5625,0.15625,0.523364,0.528933,0.610057,0.000802398
2,0.5625,0.1875,0.509573,0.524253,0.623596,0.000934899
2,0.5625,0.21875,0.495781,0.51957,0.637132,0.00107104
2,0.5625,0.25,0.48199,0.514886,0.650664,0.00121087
2,0.5625,0.28125,0.468197,0.510199,0.664193,0.00135422
2,0.5625,0.3125,0.454404,0.50551,0.677718,0.00150084
2,0.5625,0.34375,0.440612,0.50082,0.69124,0.00165087
2,0.5625,0.375,0.426819,0.496127,0.704758,0.00180411
2,0.5625,0.40625,0.413026,0.491432,0.718274,0.00196004
2,0.5625,0.4375,0.399233,0.486735,0.731787,0.00211883
2,0.5625,0.46875,0.385441,0.482036,0.745298,0.00228024
2,0.5625,0.5,0.371649,0.477335,0.758806,0.00244367
2,0.5625,0.53125,0.357858,0.472632,0.772312,0.00260943
2,0.5625,0.5625,0.344066,0.467928,0.785817,0.00277638
2,0.5625,0.59375,0.330275,0.463221,0.799321,0.00294501
2,0.5625,0.625,0.316484,0.458512,0.812823,0.00311482
2,0.5625,0.65625,0.302692,0.453802,0.826324,0.00328517
2,0.5625,0.6875,0.288901,0.449089,0.839826,0.0034557
2,0.5625,0.71875,0.275107,0.444375,0.853327,0.00362623
2,0.5625,0.75,0.261313,0.439659,0.866829,0.00379622
2,0.5625,0.78125,0.247517,0.434941,0.880331,0.0039655
2,0.5625,0.8125,0.233716,0.430223,0.893836,0.00413287
2,0.5625,0.84375,0.21991,0.425502,0.907342,0.00429904
2,0.5625,0.875,0.206099,0.42078,0.92085,0.00446278
2,0.5625,0.90625,0.192279,0.416057,0.93436,0.00462401
2,0.5625,0.9375,0.178445,0.411334,0.947874,0.0047819
2,0.5625,0.96875,0.164598,0.406609,0.961392,0.00493616
2,0.5625,1,0.150729,0.401883,0.974913,0.0050866
2,0.59375,0,0.623544,0.583547,0.573547,0.000206172
2,0.59375,0.03125,0.610748,0.579215,0.586141,0.000306666
2,0.59375,0.0625,0.597951,0.574882,0.598733,0.000408232
2,0.59375,0.09375,0.585154,0.570547,0.611321,0.000514686
2,0.59375,0.125,0.572356,0.56621,0.623907,0.000624359
2,0.59375,0.15625,0.559556,0.561872,0.63649,0.000736475
2,0.59375,0.1875,0.546757,0.557533,0.64907,0.000851691
2,0.59375,0.21875,0.533956,0.553192,0.661647,0.000969768
2,0.59375,0.25,0.521155,0.548849,0.674222,0.00109076
2,0.59375,0.28125,0.508353,0.544505,0.686793,0.00121439
2,0.59375,0.3125,0.495552,0.540158,0.699362,0.00134093
2,0.59375,0.34375,0.48275,0.535811,0.711928,0.00146997
2,0.59375,0.375,0.469948,0.531462,0.724492,0.00160164
2,0.59375,0.40625,0.457146,0.527111,0.737053,0.00173563
2,0.59375,0.4375,0.444343,0.522759,0.749612,0.00187248
2,0.59375,0.46875,0.431541,0.518405,0.762169,0.00201118
2,0.59375,0.5,0.418739,0.514049,0.774723,0.00215203
2,0.59375,0.53125,0.405937,0.509693,0.787276,0.0022946
2,0.59375,0.5625,0.393135,0.505334,0.799826,0.00243944
2,0.59375,0.59375,0.380334,0.500973,0.812375,0.00258553
2,0.59375,0.625,0.367533,0.496612,0.824923,0.00273287
2,0.59375,0.65625,0.354732,0.492248,0.83747,0.00288153
2,0.59375,0.6875,0.341931,0.487883,0.850016,0.00303108
2,0.59375,0.71875,0.32913,0.483517,0.862561,0.00318122
2,0.59375,0.75,0.316328,0.47915,0.875106,0.00333166
2,0.59375,0.78125,0.303527,0.47478,0.88765,0.0034824
2,0.59375,0.8125,0.290723,0.47041,0.900195,0.00363314
2,0.59375,0.84375,0.27792,0.466038,0.91274,0.00378358
2,0.59375,0.875,0.265113,0.461665,0.925286,0.00393289
2,0.59375,0.90625,0.252304,0.457291,0.937833,0.00408155
2,0.59375,0.9375,0.239492,0.452916,0.950381,0.00422877
2,0.59375,0.96875,0.226674,0.448539,0.96293,0.00437456
2,0.59375,1,0.213852,0.444162,0.975482,0.00451833
2,0.625,0,0.654786,0.614789,0.604789,0.000213921
2,0.625,0.03125,0.642979,0.610794,0.616419,0.000302315
2,0.625,0.0625,0.631171,0.606799,0.628046,0.000391483
2,0.625,0.09375,0.619362,0.602802,0.639672,0.000484526
2,0.625,0.125,0.607553,0.598804,0.651295,0.000579834
2,0.625,0.15625,0.595743,0.594805,0.662916,0.000677824
2,0.625,0.1875,0.583933,0.590805,0.674535,0.000777543
2,0.625,0.21875,0.572122,0.586803,0.686151,0.000879884
2,0.625,0.25,0.560311,0.582801,0.697766,0.000983894
2,0.625,0.28125,0.548499,0.578797,0.709378,0.00109035
2,0.625,0.3125,0.536687,0.574791,0.720988,0.00119948
2,0.625,0.34375,0.524875,0.570785,0.732596,0.00131005
2,0.625,0.375,0.513062,0.566777,0.744202,0.001423
2,0.625,0.40625,0.501249,0.562768,0.755806,0.00153774
2,0.625,0.4375,0.489436,0.558758,0.767408,0.00165486
2,0.625,0.46875,0.477624,0.554746,0.779007,0.00177383
2,0.625,0.5,0.465811,0.550734,0.790606,0.0018943
2,0.625,0.53125,0.453998,0.54672,0.802202,0.00201672
2,0.625,0.5625,0.442185,0.542705,0.813797,0.0021404
2,0.625,0.59375,0.430373,0.538688,0.825391,0.00226563
2,0.625,0.625,0.418559,0.534671,0.836982,0.00239283
2,0.625,0.65625,0.406747,0.530652,0.848573,0.0025208
2,0.625,0.6875,0.394935,0.526632,0.860162,0.00265014
2,0.625,0.71875,0.383123,0.522611,0.871751,0.0027802
2,0.625,0.75,0.37131,0.518589,0.883339,0.00291145
2,0.625,0.78125,0.359499,0.514565,0.894925,0.00304329
2,0.625,0.8125,0.347687,0.51054,0.906512,0.0031752
2,0.625,0.84375,0.335874,0.506515,0.918099,0.0033077
2,0.625,0.875,0.324061,0.502488,0.929684,0.0034408
2,0.625,0.90625,0.312248,0.49846,0.941271,0.00357312
2,0.625,0.9375,0.300433,0.494431,0.952857,0.00370568
2,0.625,0.96875,0.288618,0.490401,0.964444,0.00383776
2,0.625,1,0.2768,0.48637,0.976031,0.00396889
2,0.65625,0,0.686029,0.646031,0.636032,0.000221193
2,0.65625,0.03125,0.675209,0.642373,0.646696,0.000298381
2,0.65625,0.0625,0.664389,0.638715,0.657359,0.000376463
2,0.65625,0.09375,0.653568,0.635055,0.668019,0.000457108
2,0.65625,0.125,0.642747,0.631395,0.678679,0.000539958
2,0.65625,0.15625,0.631926,0.627733,0.689336,0.000624478
2,0.65625,0.1875,0.621103,0.624071,0.699992,0.000710845
2,0.65625,0.21875,0.61028,0.620407,0.710646,0.000799
2,0.65625,0.25,0.599458,0.616743,0.721299,0.000888884
2,0.65625,0.28125,0.588634,0.613077,0.73195,0.00098002
2,0.65625,0.3125,0.577811,0.609411,0.742599,0.00107324
2,0.65625,0.34375,0.566987,0.605744,0.753246,0.00116819
2,0.65625,0.375,0.556163,0.602075,0.763892,0.00126451
2,0.65625,0.40625,0.545339,0.598406,0.774536,0.00136256
2,0.65625,0.4375,0.534514,0.594736,0.785178,0.00146234
2,0.65625,0.46875,0.52369,0.591065,0.79582,0.00156319
2,0.65625,0.5,0.512864,0.587394,0.806459,0.00166595
2,0.65625,0.53125,0.50204,0.583721,0.817097,0.00177002
2,0.65625,0.5625,0.491216,0.580047,0.827734,0.00187564
2,0.65625,0.59375,0.480391,0.576372,0.838369,0.00198233
2,0.65625,0.625,0.469566,0.572696,0.849003,0.00209039
2,0.65625,0.65625,0.458742,0.56902,0.859636,0.00219995
2,0.65625,0.6875,0.447917,0.565342,0.870268,0.00231034
2,0.65625,0.71875,0.437093,0.561663,0.880899,0.00242168
2,0.65625,0.75,0.426268,0.557984,0.891529,0.00253361
2,0.65625,0.78125,0.415444,0.554303,0.902157,0.00264752
2,0.65625,0.8125,0.40462,0.550622,0.912786,0.00276101
2,0.65625,0.84375,0.393796,0.54694,0.923413,0.00287586
2,0.65625,0.875,0.382972,0.543257,0.93404,0.00299078
2,0.65625,0.90625,0.372147,0.539573,0.944667,0.00310689
2,0.65625,0.9375,0.361324,0.535888,0.955293,0.00322264
2,0.65625,0.96875,0.350498,0.532203,0.965919,0.00333911
2,0.65625,1,0.339673,0.528516,0.976545,0.00345522
2,0.6875,0,0.717272,0.677275,0.667275,0.000228047
2,0.6875,0.03125,0.707439,0.673952,0.676973,0.000295162
2,0.6875,0.0625,0.697606,0.670629,0.686669,0.000362813
2,0.6875,0.09375,0.687771,0.667306,0.696365,0.000432134
2,0.6875,0.125,0.677938,0.663981,0.706059,0.000503719
2,0.6875,0.15625,0.668104,0.660656,0.715751,0.000576735
2,0.6875,0.1875,0.658268,0.65733,0.725443,0.000651121
2,0.6875,0.21875,0.648433,0.654004,0.735133,0.000726402
2,0.6875,0.25,0.638597,0.650676,0.744822,0.000803232
2,0.6875,0.28125,0.628762,0.647349,0.75451,0.000881016
2,0.6875,0.3125,0.618925,0.64402,0.764196,0.000960529
2,0.6875,0.34375,0.609089,0.64069,0.773881,0.00104117
2,0.6875,0.375,0.599252,0.63736,0.783564,0.00112313
2,0.6875,0.40625,0.589415,0.634029,0.793247,0.00120658
2,0.6875,0.4375,0.579578,0.630697,0.802928,0.00129086
2,0.6875,0.46875,0.569741,0.627365,0.812608,0.00137615
2,0.6875,0.5,0.559904,0.624032,0.822287,0.00146312
2,0.6875,0.53125,0.550067,0.620698,0.831965,0.00155091
2,0.6875,0.5625,0.540229,0.617364,0.841641,0.0016402
2,0.6875,0.59375,0.530392,0.614029,0.851317,0.00173038
2,0.6875,0.625,0.520554,0.610693,0.860991,0.00182146
2,0.6875,0.65625,0.510717,0.607356,0.870664,0.00191391
2,0.6875,0.6875,0.500879,0.604019,0.880336,0.00200748
2,0.6875,0.71875,0.491042,0.600681,0.890008,0.00210154
2,0.6875,0.75,0.481205,0.597342,0.899678,0.00219691
2,0.6875,0.78125,0.471367,0.594003,0.909348,0.00229293
2,0.6875,0.8125,0.46153,0.590662,0.919017,0.00238955
2,0.6875,0.84375,0.451693,0.587322,0.928685,0.00248694
2,0.6875,0.875,0.441855,0.58398,0.938352,0.00258553
2,0.6875,0.90625,0.432017,0.580638,0.948019,0.0026843
2,0.6875,0.9375,0.422181,0.577295,0.957685,0.0027836
2,0.6875,0.96875,0.412344,0.573952,0.967351,0.00288349
2,0.6875,1,0.402507,0.570607,0.977016,0.00298363
2,0.71875,0,0.748516,0.708518,0.698519,0.000233829
2,0.71875,0.03125,0.739669,0.705531,0.707249,0.000291884
2,0.71875,0.0625,0.730821,0.702543,0.715979,0.000350475
2,0.71875,0.09375,0.721973,0.699554,0.724708,0.000409544
2,0.71875,0.125,0.713125,0.696565,0.733435,0.000470936
2,0.71875,0.15625,0.704277,0.693575,0.742162,0.000533402
2,0.71875,0.1875,0.695428,0.690585,0.750888,0.000596702
2,0.71875,0.21875,0.686579,0.687594,0.759613,0.000660837
2,0.71875,0.25,0.67773,0.684603,0.768336,0.000726163
2,0.71875,0.28125,0.668881,0.681611,0.777059,0.000792146
2,0.71875,0.3125,0.660031,0.678619,0.785781,0.00085932
2,0.71875,0.34375,0.651181,0.675626,0.794502,0.000927687
2,0.71875,0.375,0.642331,0.672632,0.803222,0.000996828
2,0.71875,0.40625,0.633481,0.669638,0.811941,0.00106645
2,0.71875,0.4375,0.62463,0.666644,0.820659,0.00113773
2,0.71875,0.46875,0.61578,0.663648,0.829377,0.00120932
2,0.71875,0.5,0.606929,0.660653,0.838093,0.00128222
2,0.71875,0.53125,0.598078,0.657657,0.846808,0.00135565
2,0.71875,0.5625,0.589227,0.65466,0.855523,0.00143057
2,0.71875,0.59375,0.580377,0.651663,0.864236,0.00150609
2,0.71875,0.625,0.571526,0.648665,0.872949,0.0015825
2,0.71875,0.65625,0.562674,0.645667,0.88166,0.00165987
2,0.71875,0.6875,0.553823,0.642668,0.890372,0.00173748
2,0.71875,0.71875,0.544973,0.639669,0.899082,0.00181639
2,0.71875,0.75,0.536121,0.636669,0.907792,0.00189579
2,0.71875,0.78125,0.52727,0.633668,0.9165,0.00197637
2,0.71875,0.8125,0.518419,0.630667,0.925208,0.00205749
2,0.71875,0.84375,0.509568,0.627666,0.933916,0.00213909
2,0.71875,0.875,0.500717,0.624664,0.942622,0.00222147
2,0.71875,0.90625,0.491865,0.621661,0.951328,0.00230473
2,0.71875,0.9375,0.483015,0.618658,0.960034,0.00238806
2,0.71875,0.96875,0.474163,0.615655,0.968739,0.00247234
2,0.71875,1,0.465313,0.61265,0.977443,0.00255698
2,0.75,0,0.779761,0.739763,0.729764,0.000239134
2,0.75,0.03125,0.771899,0.737109,0.737526,0.000288844
2,0.75,0.0625,0.764036,0.734455,0.745287,0.00033927
2,0.75,0.09375,0.756174,0.731801,0.753049,0.000388801
2,0.75,0.125,0.748311,0.729146,0.760809,0.000440776
2,0.75,0.15625,0.740448,0.726491,0.768569,0.000493824
2,0.75,0.1875,0.732584,0.723835,0.776328,0.00054729
2,0.75,0.21875,0.724721,0.721179,0.784086,0.000601411
2,0.75,0.25,0.716857,0.718523,0.791844,0.000656247
2,0.75,0.28125,0.708993,0.715866,0.799601,0.00071162
2,0.75,0.3125,0.70113,0.713209,0.807357,0.000767946
2,0.75,0.34375,0.693265,0.710551,0.815112,0.000825167
2,0.75,0.375,0.685401,0.707894,0.822867,0.000882626
2,0.75,0.40625,0.677536,0.705235,0.830622,0.00094074
2,0.75,0.4375,0.669672,0.702577,0.838375,0.00100011
2,0.75,0.46875,0.661807,0.699917,0.846128,0.00105983
2,0.75,0.5,0.653942,0.697258,0.85388,0.00112045
2,0.75,0.53125,0.646077,0.694598,0.861631,0.00118142
2,0.75,0.5625,0.638212,0.691938,0.869382,0.00124335
2,0.75,0.59375,0.630347,0.689277,0.877132,0.0013057
2,0.75,0.625,0.622482,0.686616,0.884881,0.00136882
2,0.75,0.65625,0.614616,0.683955,0.89263,0.00143284
2,0.75,0.6875,0.606751,0.681293,0.900378,0.00149727
2,0.75,0.71875,0.598885,0.678631,0.908125,0.00156206
2,0.75,0.75,0.591019,0.675968,0.915872,0.00162768
2,0.75,0.78125,0.583154,0.673305,0.923618,0.00169426
2,0.75,0.8125,0.575289,0.670642,0.931364,0.00176102
2,0.75,0.84375,0.567423,0.667978,0.939109,0.00182873
2,0.75,0.875,0.559558,0.665314,0.946853,0.0018968
2,0.75,0.90625,0.551692,0.66265,0.954597,0.00196511
2,0.75,0.9375,0.543828,0.659984,0.962341,0.00203389
2,0.75,0.96875,0.535961,0.657319,0.970084,0.00210363
2,0.75,1,0.528095,0.654654,0.977826,0.00217384
2,0.78125,0,0.811005,0.771008,0.761009,0.000244558
2,0.78125,0.03125,0.804128,0.768687,0.767802,0.000286281
2,0.78125,0.0625,0.79725,0.766367,0.774596,0.000328183
2,0.78125,0.09375,0.790372,0.764046,0.781388,0.000370145
2,0.78125,0.125,0.783494,0.761725,0.788181,0.00041312
2,0.78125,0.15625,0.776615,0.759403,0.794972,0.000457287
2,0.78125,0.1875,0.769737,0.757082,0.801764,0.00050205
2,0.78125,0.21875,0.762858,0.75476,0.808555,0.000546992
2,0.78125,0.25,0.75598,0.752437,0.815345,0.000592589
2,0.78125,0.28125,0.7491,0.750115,0.822135,0.000638664
2,0.78125,0.3125,0.742221,0.747792,0.828924,0.000685036
2,0.78125,0.34375,0.735342,0.745469,0.835713,0.000732362
2,0.78125,0.375,0.728462,0.743146,0.842501,0.000779808
2,0.78125,0.40625,0.721583,0.740822,0.849289,0.000827968
2,0.78125,0.4375,0.714703,0.738498,0.856077,0.000876427
2,0.78125,0.46875,0.707823,0.736175,0.862864,0.000925303
2,0.78125,0.5,0.700944,0.73385,0.86965,0.000974834
2,0.78125,0.53125,0.694064,0.731525,0.876436,0.00102478
2,0.78125,0.5625,0.687184,0.7292,0.883221,0.00107545
2,0.78125,0.59375,0.680304,0.726875,0.890006,0.00112641
2,0.78125,0.625,0.673425,0.724549,0.896791,0.00117755
2,0.78125,0.65625,0.666544,0.722223,0.903575,0.00122988
2,0.78125,0.6875,0.659664,0.719897,0.910358,0.00128227
2,0.78125,0.71875,0.652783,0.717571,0.917141,0.00133532
2,0.78125,0.75,0.645903,0.715244,0.923924,0.00138843
2,0.78125,0.78125,0.639022,0.712917,0.930706,0.00144237
2,0.78125,0.8125,0.632142,0.71059,0.937488,0.00149643
2,0.78125,0.84375,0.625261,0.708263,0.944269,0.00155139
2,0.78125,0.875,0.618381,0.705935,0.95105,0.00160652
2,0.78125,0.90625,0.6115,0.703607,0.95783,0.00166231
2,0.78125,0.9375,0.60462,0.701279,0.96461,0.00171834
2,0.78125,0.96875,0.597738,0.69895,0.971389,0.00177473
2,0.78125,1,0.590858,0.696621,0.978168,0.00183159
2,0.8125,0,0.842251,0.802253,0.792253,0.000249028
2,0.8125,0.03125,0.836357,0.800265,0.798078,0.000283301
2,0.8125,0.0625,0.830463,0.798278,0.803902,0.000318706
2,0.8125,0.09375,0.824568,0.79629,0.809726,0.000353456
2,0.8125,0.125,0.818674,0.794302,0.815549,0.000388384
2,0.8125,0.15625,0.81278,0.792313,0.821373,0.000424087
2,0.8125,0.1875,0.806886,0.790325,0.827195,0.000460863
2,0.8125,0.21875,0.800991,0.788336,0.833018,0.000497401
2,0.8125,0.25,0.795097,0.786348,0.838841,0.000534475
2,0.8125,0.28125,0.789201,0.784358,0.844663,0.000571728
2,0.8125,0.3125,0.783307,0.782369,0.850484,0.000609636
2,0.8125,0.34375,0.777411,0.78038,0.856305,0.000647843
2,0.8125,0.375,0.771517,0.77839,0.862126,0.000686347
2,0.8125,0.40625,0.765621,0.7764,0.867947,0.000725091
2,0.8125,0.4375,0.759726,0.77441,0.873767,0.000764191
2,0.8125,0.46875,0.753831,0.77242,0.879587,0.000803649
2,0.8125,0.5,0.747936,0.770429,0.885406,0.000843704
2,0.8125,0.53125,0.742041,0.768439,0.891226,0.000883758
2,0.8125,0.5625,0.736145,0.766448,0.897044,0.000924349
2,0.8125,0.59375,0.730249,0.764457,0.902863,0.000965416
2,0.8125,0.625,0.724354,0.762467,0.908681,0.00100636
2,0.8125,0.65625,0.718458,0.760475,0.914499,0.00104797
2,0.8125,0.6875,0.712562,0.758484,0.920317,0.00108957
2,0.8125,0.71875,0.706667,0.756492,0.926133,0.00113225
2,0.8125,0.75,0.70077,0.7545,0.93195,0.00117457
2,0.8125,0.78125,0.694874,0.752508,0.937767,0.00121731
2,0.8125,0.8125,0.688979,0.750516,0.943583,0.00126052
2,0.8125,0.84375,0.683083,0.748523,0.949399,0.00130397
2,0.8125,0.875,0.677187,0.746531,0.955215,0.00134784
2,0.8125,0.90625,0.67129,0.744538,0.96103,0.00139207
2,0.8125,0.9375,0.665395,0.742544,0.966845,0.00143653
2,0.8125,0.96875,0.659498,0.740552,0.972659,0.00148124
2,0.8125,1,0.653602,0.738558,0.978474,0.00152618
2,0.84375,0,0.873497,0.833498,0.823499,0.000253439
2,0.84375,0.03125,0.868585,0.831843,0.828354,0.00028193
2,0.84375,0.0625,0.863675,0.830188,0.833208,0.000309587
2,0.84375,0.09375,0.858765,0.828532,0.838063,0.000337005
2,0.84375,0.125,0.853854,0.826876,0.842917,0.000364959
2,0.84375,0.15625,0.848943,0.825221,0.847771,0.000393212
2,0.84375,0.1875,0.844031,0.823565,0.852625,0.000422359
2,0.84375,0.21875,0.83912,0.821909,0.857478,0.000451744
2,0.84375,0.25,0.83421,0.820253,0.862331,0.000481188
2,0.84375,0.28125,0.829299,0.818596,0.867185,0.000510693
2,0.84375,0.3125,0.824388,0.81694,0.872038,0.000540614
2,0.84375,0.34375,0.819476,0.815284,0.87689,0.000570953
2,0.84375,0.375,0.814565,0.813627,0.881743,0.000601113
2,0.84375,0.40625,0.809653,0.81197,0.886595,0.000631869
2,0.84375,0.4375,0.804742,0.810314,0.891447,0.000662506
2,0.84375,0.46875,0.79983,0.808657,0.896299,0.00069356
2,0.84375,0.5,0.794918,0.806999,0.90115,0.000724792
2,0.84375,0.53125,0.790007,0.805342,0.906001,0.000756443
2,0.84375,0.5625,0.785095,0.803685,0.910852,0.000788152
2,0.84375,0.59375,0.780183,0.802028,0.915704,0.000819802
2,0.84375,0.625,0.775272,0.80037,0.920554,0.000851929
2,0.84375,0.65625,0.77036,0.798712,0.925405,0.000884473
2,0.84375,0.6875,0.765448,0.797054,0.930255,0.000916719
2,0.84375,0.71875,0.760537,0.795396,0.935105,0.000949681
2,0.84375,0.75,0.755625,0.793738,0.939955,0.000982761
2,0.84375,0.78125,0.750713,0.79208,0.944804,0.0010159
2,0.84375,0.8125,0.7458,0.790422,0.949654,0.00104934
2,0.84375,0.84375,0.740888,0.788763,0.954503,0.00108308
2,0.84375,0.875,0.735976,0.787104,0.959352,0.00111693
2,0.84375,0.90625,0.731064,0.785446,0.964201,0.00115079
2,0.84375,0.9375,0.726152,0.783787,0.969049,0.00118512
2,0.84375,0.96875,0.72124,0.782128,0.973898,0.00121969
2,0.84375,1,0.716327,0.780469,0.978746,0.00125426
2,0.875,0,0.904742,0.864744,0.854745,0.000258267
2,0.875,0.03125,0.900814,0.863421,0.858629,0.000279486
2,0.875,0.0625,0.896887,0.862097,0.862514,0.000300944
2,0.875,0.09375,0.892959,0.860774,0.866398,0.00032258
2,0.875,0.125,0.889031,0.85945,0.870282,0.000344157
2,0.875,0.15625,0.885103,0.858126,0.874167,0.000365555
2,0.875,0.1875,0.881175,0.856802,0.87805,0.000387311
2,0.875,0.21875,0.877248,0.855478,0.881934,0.000409544
2,0.875,0.25,0.873319,0.854154,0.885818,0.000432074
2,0.875,0.28125,0.869392,0.85283,0.889702,0.000454664
2,0.875,0.3125,0.865463,0.851506,0.893585,0.000477672
2,0.875,0.34375,0.861535,0.850182,0.897468,0.000500321
2,0.875,0.375,0.857607,0.848858,0.901352,0.000523269
2,0.875,0.40625,0.853679,0.847533,0.905235,0.000546575
2,0.875,0.4375,0.849751,0.846209,0.909118,0.00056982
2,0.875,0.46875,0.845822,0.844885,0.913,0.000593603
2,0.875,0.5,0.841894,0.84356,0.916883,0.000616968
2,0.875,0.53125,0.837965,0.842235,0.920765,0.00064081
2,0.875,0.5625,0.834037,0.840911,0.924648,0.000664413
2,0.875,0.59375,0.830109,0.839586,0.92853,0.000688493
2,0.875,0.625,0.826181,0.838261,0.932412,0.000712693
2,0.875,0.65625,0.822252,0.836936,0.936295,0.000736475
2,0.875,0.6875,0.818323,0.835611,0.940177,0.000760913
2,0.875,0.71875,0.814395,0.834286,0.944058,0.00078553
2,0.875,0.75,0.810467,0.83296,0.94794,0.000810087
2,0.875,0.78125,0.806538,0.831636,0.951822,0.000834763
2,0.875,0.8125,0.802609,0.83031,0.955703,0.000859916
2,0.875,0.84375,0.79868,0.828985,0.959584,0.000885189
2,0.875,0.875,0.794752,0.827659,0.963465,0.000909865
2,0.875,0.90625,0.790823,0.826334,0.967346,0.000935376
2,0.875,0.9375,0.786893,0.825009,0.971227,0.000960886
2,0.875,0.96875,0.782965,0.823683,0.975108,0.000985801
2,0.875,1,0.779037,0.822357,0.978988,0.00101179
2,0.90625,0,0.935987,0.89599,0.885991,0.000262499
2,0.90625,0.03125,0.933043,0.894998,0.888905,0.000277638
2,0.90625,0.0625,0.930097,0.894006,0.891819,0.000293195
2,0.90625,0.09375,0.927152,0.893014,0.894733,0.000308633
2,0.90625,0.125,0.924207,0.892022,0.897646,0.000324428
2,0.90625,0.15625,0.921261,0.89103,0.90056,0.000340283
2,0.90625,0.1875,0.918317,0.890037,0.903474,0.000355303
2,0.90625,0.21875,0.915371,0.889045,0.906387,0.000371158
2,0.90625,0.25,0.912426,0.888052,0.909301,0.000386655
2,0.90625,0.28125,0.90948,0.88706,0.912214,0.000402987
2,0.90625,0.3125,0.906535,0.886068,0.915128,0.000419259
2,0.90625,0.34375,0.903589,0.885075,0.918041,0.000435591
2,0.90625,0.375,0.900643,0.884083,0.920954,0.000452101
2,0.90625,0.40625,0.897698,0.88309,0.923867,0.000468552
2,0.90625,0.4375,0.894753,0.882097,0.926781,0.000485063
2,0.90625,0.46875,0.891807,0.881105,0.929693,0.000501931
2,0.90625,0.5,0.888862,0.880112,0.932607,0.000518382
2,0.90625,0.53125,0.885916,0.87912,0.935519,0.000535369
2,0.90625,0.5625,0.88297,0.878127,0.938432,0.000552237
2,0.90625,0.59375,0.880026,0.877134,0.941345,0.000568926
2,0.90625,0.625,0.877079,0.876142,0.944258,0.000585973
2,0.90625,0.65625,0.874134,0.875148,0.94717,0.00060302
2,0.90625,0.6875,0.871188,0.874156,0.950083,0.000620067
2,0.90625,0.71875,0.868243,0.873163,0.952995,0.00063771
2,0.90625,0.75,0.865296,0.87217,0.955908,0.000654638
2,0.90625,0.78125,0.86235,0.871177,0.95882,0.000671923
2,0.90625,0.8125,0.859405,0.870184,0.961732,0.000689447
2,0.90625,0.84375,0.856459,0.869191,0.964645,0.000706851
2,0.90625,0.875,0.853514,0.868197,0.967557,0.000724494
2,0.90625,0.90625,0.850567,0.867205,0.970469,0.000742018
2,0.90625,0.9375,0.847621,0.866211,0.973381,0.00075978
2,0.90625,0.96875,0.844675,0.865218,0.976293,0.000777662
2,0.90625,1,0.84173,0.864225,0.979205,0.000795066
2,0.9375,0,0.967235,0.927236,0.917237,0.000265181
2,0.9375,0.03125,0.965271,0.926576,0.91918,0.000275671
2,0.9375,0.0625,0.963309,0.925914,0.921123,0.000285089
2,0.9375,0.09375,0.961345,0.925253,0.923066,0.000295341
2,0.9375,0.125,0.959382,0.924592,0.925009,0.000305593
2,0.9375,0.15625,0.957418,0.923931,0.926952,0.000316203
2,0.9375,0.1875,0.955456,0.92327,0.928895,0.000325382
2,0.9375,0.21875,0.953492,0.922609,0.930838,0.000336349
2,0.9375,0.25,0.951529,0.921948,0.93278,0.000345767
2,0.9375,0.28125,0.949566,0.921287,0.934723,0.000356257
2,0.9375,0.3125,0.947602,0.920625,0.936665,0.000366747
2,0.9375,0.34375,0.94564,0.919964,0.938608,0.000376046
2,0.9375,0.375,0.943676,0.919303,0.940551,0.000386536
2,0.9375,0.40625,0.941713,0.918641,0.942494,0.000397027
2,0.9375,0.4375,0.93975,0.91798,0.944436,0.000407398
2,0.9375,0.46875,0.937786,0.917319,0.946379,0.000417888
2,0.9375,0.5,0.935823,0.916658,0.948321,0.000428617
2,0.9375,0.53125,0.933859,0.915997,0.950264,0.000439107
2,0.9375,0.5625,0.931896,0.915335,0.952207,0.000449717
2,0.9375,0.59375,0.929933,0.914674,0.954149,0.000460446
2,0.9375,0.625,0.927969,0.914012,0.956092,0.000470936
2,0.9375,0.65625,0.926006,0.913351,0.958034,0.000481546
2,0.9375,0.6875,0.924043,0.91269,0.959976,0.000492513
2,0.9375,0.71875,0.92208,0.912028,0.961919,0.000503123
2,0.9375,0.75,0.920116,0.911367,0.963861,0.00051409
2,0.9375,0.78125,0.918153,0.910705,0.965803,0.000524819
2,0.9375,0.8125,0.916189,0.910044,0.967746,0.000535548
2,0.9375,0.84375,0.914226,0.909382,0.969688,0.000546515
2,0.9375,0.875,0.912262,0.908721,0.97163,0.000557482
2,0.9375,0.90625,0.910299,0.90806,0.973572,0.00056833
2,0.9375,0.9375,0.908336,0.907398,0.975514,0.000579417
2,0.9375,0.96875,0.906372,0.906736,0.977457,0.000590265
2,0.9375,1,0.904408,0.906075,0.979399,0.000601113
2,0.96875,0,0.998481,0.958483,0.948484,0.000268996
2,0.96875,0.03125,0.997499,0.958153,0.949455,0.000274003
2,0.96875,0.0625,0.996518,0.957823,0.950427,0.000278652
2,0.96875,0.09375,0.995537,0.957492,0.951398,0.000283301
2,0.96875,0.125,0.994555,0.957162,0.95237,0.000288308
2,0.96875,0.15625,0.993574,0.956831,0.953342,0.000293434
2,0.96875,0.1875,0.992592,0.956501,0.954313,0.000298679
2,0.96875,0.21875,0.991611,0.956171,0.955285,0.000303447
2,0.96875,0.25,0.990629,0.95584,0.956257,0.000308335
2,0.96875,0.28125,0.989648,0.95551,0.957228,0.000312984
2,0.96875,0.3125,0.988667,0.955179,0.9582,0.000317156
2,0.96875,0.34375,0.987685,0.954849,0.959171,0.000322521
2,0.96875,0.375,0.986704,0.954518,0.960143,0.000327408
2,0.96875,0.40625,0.985722,0.954188,0.961115,0.000332654
2,0.96875,0.4375,0.984741,0.953857,0.962086,0.000336826
2,0.96875,0.46875,0.983759,0.953527,0.963058,0.000342309
2,0.96875,0.5,0.982778,0.953197,0.964029,0.000346959
2,0.96875,0.53125,0.981797,0.952866,0.965001,0.000351489
2,0.96875,0.5625,0.980815,0.952536,0.965972,0.000356615
2,0.96875,0.59375,0.979833,0.952206,0.966944,0.000361979
2,0.96875,0.625,0.978852,0.951875,0.967915,0.000366628
2,0.96875,0.65625,0.977871,0.951544,0.968887,0.000371516
2,0.96875,0.6875,0.976889,0.951214,0.969858,0.000376403
2,0.96875,0.71875,0.975908,0.950883,0.97083,0.000381172
2,0.96875,0.75,0.974926,0.950553,0.971801,0.000386298
2,0.96875,0.78125,0.973945,0.950223,0.972773,0.000391304
2,0.96875,0.8125,0.972964,0.949892,0.973744,0.00039643
2,0.96875,0.84375,0.971982,0.949562,0.974716,0.000401556
2,0.96875,0.875,0.971001,0.949231,0.975687,0.000406325
2,0.96875,0.90625,0.970019,0.948901,0.976659,0.00041157
2,0.96875,0.9375,0.969037,0.94857,0.97763,0.000416934
2,0.96875,0.96875,0.968056,0.94824,0.978602,0.000421464
2,0.96875,1,0.967074,0.947909,0.979573,0.000427067
2,1,0,0.995814,0.985822,0.97583,0.00418609
2,1,0.03125,0.995814,0.985822,0.97583,0.00418609
2,1,0.0625,0.995814,0.985822,0.97583,0.00418609
2,1,0.09375,0.995814,0.985822,0.97583,0.00418609
2,1,0.125,0.995814,0.985822,0.97583,0.00418609
2,1,0.15625,0.995814,0.985822,0.97583,0.00418609
2,1,0.1875,0.995814,0.985822,0.97583,0.00418609
2,1,0.21875,0.995814,0.985822,0.97583,0.00418609
2,1,0.25,0.995814,0.985822,0.97583,0.00418609
2,1,0.28125,0.995814,0.985822,0.97583,0.00418609
2,1,0.3125,0.995814,0.985822,0.97583,0.00418609
2,1,0.34375,0.995814,0.985822,0.97583,0.00418609
2,1,0.375,0.995814,0.985822,0.97583,0.00418609
2,1,0.40625,0.995814,0.985822,0.97583,0.00418609
2,1,0.4375,0.995814,0.985822,0.97583,0.00418609
2,1,0.46875,0.995814,0.985822,0.97583,0.00418609
2,1,0.5,0.995814,0.985822,0.97583,0.00418609
2,1,0.53125,0.995814,0.985822,0.97583,0.00418609
2,1,0.5625,0.995814,0.985822,0.97583,0.00418609
2,1,0.59375,0.995814,0.985822,0.97583,0.00418609
2,1,0.625,0.995814,0.985822,0.97583,0.00418609
2,1,0.65625,0.995814,0.985822,0.97583,0.00418609
2,1,0.6875,0.995814,0.985822,0.97583,0.00418609
2,1,0.71875,0.995814,0.985822,0.97583,0.00418609
2,1,0.75,0.995814,0.985822,0.97583,0.00418609
2,1,0.78125,0.995814,0.985822,0.97583,0.00418609
2,1,0.8125,0.995814,0.985822,0.97583,0.00418609
2,1,0.84375,0.995814,0.985822,0.97583,0.00418609
2,1,0.875,0.995814,0.985822,0.97583,0.00418609
2,1,0.90625,0.995814,0.985822,0.97583,0.00418609
2,1,0.9375,0.995814,0.985822,0.97583,0.00418609
2,1,0.96875,0.995814,0.985822,0.97583,0.00418609
2,1,1,0.995814,0.985822,0.97583,0.00418609
3,0,0,0.03,3.5722e-09,2.63215e-09,1.49012e-08
3,0,0.03125,0.03,3.5722e-09,2.63215e-09,1.49012e-08
3,0,0.0625,0.03,3.5722e-09,2.63215e-09,1.49012e-08
3,0,0.09375,0.03,3.5722e-09,2.63215e-09,1.49012e-08
3,0,0.125,0.03,3.5722e-09,2.63215e-09,1.49012e-08
3,0,0.15625,0.03,3.5722e-09,2.63215e-09,1.49012e-08
3,0,0.1875,0.03,3.5722e-09,2.63215e-09,1.49012e-08
3,0,0.21875,0.03,3.5722e-09,2.63215e-09,1.49012e-08
3,0,0.25,0.03,3.5722e-09,2.63215e-09,1.49012e-08
3,0,0.28125,0.03,3.5722e-09,2.63215e-09,1.49012e-08
3,0,0.3125,0.03,3.5722e-09,2.63215e-09,1.49012e-08
3,0,0.34375,0.03,3.5722e-09,2.63215e-09,1.49012e-08
3,0,0.375,0.03,3.5722e-09,2.63215e-09,1.49012e-08
3,0,0.40625,0.03,3.5722e-09,2.63215e-09,1.49012e-08
3,0,0.4375,0.03,3.5722e-09,2.63215e-09,1.49012e-08
3,0,0.46875,0.03,3.5722e-09,2.63215e-09,1.49012e-08
3,0,0.5,0.03,3.5722e-09,2.63215e-09,1.49012e-08
3,0,0.53125,0.03,3.5722e-09,2.63215e-09,1.49012e-08
3,0,0.5625,0.03,3.5722e-09,2.63215e-09,1.49012e-08
3,0,0.59375,0.03,3.5722e-09,2.63215e-09,1.49012e-08
3,0,0.625,0.03,3.5722e-09,2.63215e-09,1.49012e-08
3,0,0.65625,0.03,3.5722e-09,2.63215e-09,1.49012e-08
3,0,0.6875,0.03,3.5722e-09,2.63215e-09,1.49012e-08
3,0,0.71875,0.03,3.5722e-09,2.63215e-09,1.49012e-08
3,0,0.75,0.03,3.5722e-09,2.63215e-09,1.49012e-08
3,0,0.78125,0.03,3.5722e-09,2.63215e-09,1.49012e-08
3,0,0.8125,0.03,3.5722e-09,2.63215e-09,1.49012e-08
3,0,0.84375,0.03,3.5722e-09,2.63215e-09,1.49012e-08
3,0,0.875,0.03,3.5722e-09,2.63215e-09,1.49012e-08
3,0,0.90625,0.03,3.5722e-09,2.63215e-09,1.49012e-08
3,0,0.9375,0.03,3.5722e-09,2.63215e-09,1.49012e-08
3,0,0.96875,0.03,3.5722e-09,2.63215e-09,1.49012e-08
3,0,1,0.03,3.5722e-09,2.63215e-09,1.49012e-08
3,0.03125,0,0.06125,0.02125,0.01125,2.23517e-08
3,0.03125,0.03125,0.0602565,0.0209137,0.012219,1.69873e-05
3,0.03125,0.0625,0.0592324,0.0205589,0.0131733,6.44326e-05
3,0.03125,0.09375,0.0582104,0.0202058,0.0141266,0.000109933
3,0.03125,0.125,0.0571903,0.0198544,0.0150791,0.000153407
3,0.03125,0.15625,0.0561721,0.0195048,0.016031,0.000195056
3,0.03125,0.1875,0.055156,0.0191569,0.0169823,0.000234634
3,0.03125,0.21875,0.0541418,0.0188106,0.0179332,0.000272229
3,0.03125,0.25,0.0531299,0.0184659,0.0188838,0.000307642
3,0.03125,0.28125,0.0521199,0.0181231,0.0198344,0.000341006
3,0.03125,0.3125,0.0511115,0.0177813,0.0207844,0.000372916
3,0.03125,0.34375,0.0501038,0.0174404,0.0217338,0.000403985
3,0.03125,0.375,0.0490976,0.0171007,0.0226828,0.000433668
3,0.03125,0.40625,0.0480927,0.0167621,0.0236315,0.000462003
3,0.03125,0.4375,0.0470892,0.0164245,0.02458,0.000488937
3,0.03125,0.46875,0.0460871,0.016088,0.0255284,0.000514477
3,0.03125,0.5,0.0450864,0.0157525,0.0264768,0.00053861
3,0.03125,0.53125,0.0440871,0.0154181,0.0274253,0.000561327
3,0.03125,0.5625,0.0430894,0.0150847,0.028374,0.000582434
3,0.03125,0.59375,0.0420933,0.0147524,0.0293231,0.00060197
3,0.03125,0.625,0.0410987,0.0144211,0.0302725,0.000620037
3,0.03125,0.65625,0.0401009,0.0140907,0.0312225,0.000641335
3,0.03125,0.6875,0.0391145,0.0137622,0.0321744,0.000651084
3,0.03125,0.71875,0.0381346,0.0134338,0.0331259,0.000654463
3,0.03125,0.75,0.0371543,0.0131051,0.0340758,0.000658225
3,0.03125,0.78125,0.0361734,0.0127761,0.0350242,0.000662513
3,0.03125,0.8125,0.0351924,0.0124468,0.0359709,0.000669718
3,0.03125,0.84375,0.0342111,0.0121172,0.0369159,0.000701275
3,0.03125,0.875,0.0332297,0.0117873,0.0378591,0.00073465
3,0.03125,0.90625,0.0322482,0.0114572,0.0388004,0.000769928
3,0.03125,0.9375,0.0312667,0.0111268,0.0397416,0.000805307
3,0.03125,0.96875,0.0302869,0.010797,0.0407009,0.000822503
3,0.03125,1,0.0293081,0.0104675,0.0416518,0.000848155
3,0.0625,0,0.0925,0.0524999,0.0425,5.21541e-08
3,0.0625,0.03125,0.0905469,0.0518489,0.0444531,8.19564e-08
3,0.0625,0.0625,0.0885938,0.0511979,0.0464062,7.07805e-08
3,0.0625,0.09375,0.0866405,0.0505469,0.0483593,1.2666e-07
3,0.0625,0.125,0.0846875,0.0498958,0.0503125,4.47035e-08
3,0.0625,0.15625,0.0827344,0.0492447,0.0522656,5.21541e-08
3,0.0625,0.1875,0.0807812,0.0485937,0.0542187,4.09782e-08
3,0.0625,0.21875,0.0788227,0.0479376,0.0561667,5.46128e-06
3,0.0625,0.25,0.0767766,0.0471989,0.0580309,9.83551e-05
3,0.0625,0.28125,0.07473,0.0464591,0.0598931,0.000191905
3,0.0625,0.3125,0.0726827,0.0457181,0.061753,0.000286005
3,0.0625,0.34375,0.0706349,0.044976,0.063611,0.000380732
3,0.0625,0.375,0.0685856,0.0442318,0.0654656,0.000476904
3,0.0625,0.40625,0.0665407,0.0434912,0.0673228,0.000568725
3,0.0625,0.4375,0.0645016,0.0427552,0.069184,0.000659712
3,0.0625,0.46875,0.0624684,0.0420241,0.0710496,0.000747316
3,0.0625,0.5,0.0604413,0.041298,0.0729195,0.000830464
3,0.0625,0.53125,0.0584204,0.0405769,0.0747942,0.000908934
3,0.0625,0.5625,0.0564058,0.0398534,0.0766738,0.000982501
3,0.0625,0.59375,0.0543991,0.0391464,0.07856,0.00104936
3,0.0625,0.625,0.0523987,0.0384525,0.0804518,0.00111068
3,0.0625,0.65625,0.0504031,0.0377633,0.0823473,0.0011683
3,0.0625,0.6875,0.0484124,0.0370789,0.084247,0.00122175
3,0.0625,0.71875,0.0464267,0.036399,0.0861508,0.00127112
3,0.0625,0.75,0.044446,0.0357238,0.088059,0.00131605
3,0.0625,0.78125,0.0424702,0.0350532,0.0899718,0.00135634
3,0.0625,0.8125,0.0404995,0.0343873,0.0918894,0.00139185
3,0.0625,0.84375,0.0385376,0.0337268,0.0938132,0.00142116
3,0.0625,0.875,0.0366117,0.0330684,0.0957392,0.00144833
3,0.0625,0.90625,0.034686,0.0324082,0.0976628,0.00147787
3,0.0625,0.9375,0.0327609,0.0317463,0.0995841,0.0015097
3,0.0625,0.96875,0.0308363,0.0310826,0.101503,0.00154405
3,0.0625,1,0.028913,0.0304172,0.103419,0.00158072
3,0.09375,0,0.12375,0.0837499,0.07375,8.9407e-08
3,0.09375,0.03125,0.12082,0.0827734,0.0766796,5.21541e-08
3,0.09375,0.0625,0.11789,0.0817969,0.0796093,1.41561e-07
3,0.09375,0.09375,0.114961,0.0808203,0.082539,1.11759e-07
3,0.09375,0.125,0.112013,0.0798264,0.0854513,1.82465e-05
3,0.09375,0.15625,0.108976,0.0787474,0.0882774,0.000125565
3,0.09375,0.1875,0.105938,0.0776667,0.0911006,0.000233747
3,0.09375,0.21875,0.102899,0.0765844,0.0939208,0.000342898
3,0.09375,0.25,0.0998597,0.0755007,0.0967382,0.000452809
3,0.09375,0.28125,0.0968193,0.0744153,0.0995524,0.000564806
3,0.09375,0.3125,0.0937788,0.0733283,0.102364,0.000683375
3,0.09375,0.34375,0.0907376,0.0722396,0.105172,0.000804968
3,0.09375,0.375,0.0876962,0.0711492,0.107977,0.000929527
3,0.09375,0.40625,0.084655,0.0700571,0.110779,0.00105707
3,0.09375,0.4375,0.0816136,0.0689634,0.113578,0.00118766
3,0.09375,0.46875,0.0785726,0.067868,0.116374,0.00132097
3,0.09375,0.5,0.0755321,0.0667707,0.119168,0.00145706
3,0.09375,0.53125,0.0724922,0.0656718,0.121959,0.00159586
3,0.09375,0.5625,0.0694533,0.0645709,0.124747,0.00173708
3,0.09375,0.59375,0.0664155,0.0634684,0.127533,0.00188057
3,0.09375,0.625,0.0633881,0.0623733,0.130328,0.00201599
3,0.09375,0.65625,0.0603719,0.0612871,0.133132,0.0021417
3,0.09375,0.6875,0.0573673,0.0602095,0.135946,0.0022573
3,0.09375,0.71875,0.0543739,0.059141,0.138771,0.00236224
3,0.09375,0.75,0.0513923,0.0580818,0.141606,0.00245602
3,0.09375,0.78125,0.0484221,0.0570321,0.144454,0.00253813
3,0.09375,0.8125,0.0454632,0.0559922,0.147314,0.00260814
3,0.09375,0.84375,0.0425158,0.0549623,0.150186,0.00266562
3,0.09375,0.875,0.0395704,0.0539427,0.153071,0.00271006
3,0.09375,0.90625,0.0367047,0.0529346,0.155971,0.00274022
3,0.09375,0.9375,0.0338771,0.0519284,0.158874,0.00276645
3,0.09375,0.96875,0.0310524,0.0509207,0.161778,0.00279243
3,0.09375,1,0.0282308,0.0499115,0.164682,0.00281788
3,0.125,0,0.155,0.115,0.105,1.49012e-08
3,0.125,0.03125,0.151094,0.113698,0.108906,6.70552e-08
3,0.125,0.0625,0.147187,0.112396,0.112812,1.56462e-07
3,0.125,0.09375,0.143197,0.111013,0.116637,8.44896e-05
3,0.125,0.125,0.139174,0.109598,0.120429,0.000201285
3,0.125,0.15625,0.135149,0.108181,0.124217,0.000319272
3,0.125,0.1875,0.131124,0.106762,0.128002,0.000438303
3,0.125,0.21875,0.127098,0.105341,0.131783,0.000561014
3,0.125,0.25,0.123071,0.103918,0.13556,0.000690028
3,0.125,0.28125,0.119044,0.102494,0.139334,0.000822648
3,0.125,0.3125,0.115016,0.101067,0.143104,0.000958875
3,0.125,0.34375,0.110988,0.0996381,0.14687,0.00109874
3,0.125,0.375,0.10696,0.0982072,0.150633,0.00124212
3,0.125,0.40625,0.102933,0.0967743,0.154392,0.00138886
3,0.125,0.4375,0.098906,0.0953392,0.158149,0.00153892
3,0.125,0.46875,0.0948797,0.093902,0.161902,0.00169213
3,0.125,0.5,0.0908543,0.0924629,0.165652,0.0018483
3,0.125,0.53125,0.0868303,0.0910213,0.169399,0.00200708
3,0.125,0.5625,0.0828075,0.0895777,0.173144,0.00216843
3,0.125,0.59375,0.0787865,0.0881316,0.176887,0.00233202
3,0.125,0.625,0.0747674,0.0866834,0.180627,0.00249757
3,0.125,0.65625,0.0707506,0.0852328,0.184366,0.00266476
3,0.125,0.6875,0.0667355,0.0837792,0.188104,0.00283398
3,0.125,0.71875,0.0627312,0.0823323,0.19185,0.00299414
3,0.125,0.75,0.0587425,0.0808983,0.195612,0.00313835
3,0.125,0.78125,0.0547694,0.0794776,0.199391,0.00326554
3,0.125,0.8125,0.050812,0.0780702,0.203187,0.00337546
3,0.125,0.84375,0.0468693,0.0766768,0.207002,0.00346719
3,0.125,0.875,0.0429413,0.0752978,0.210835,0.00354038
3,0.125,0.90625,0.0390183,0.0739335,0.214687,0.00359453
3,0.125,0.9375,0.0352386,0.0725841,0.218558,0.00362973
3,0.125,0.96875,0.0314979,0.0712347,0.222432,0.00366147
3,0.125,1,0.0277611,0.0698831,0.226308,0.00369246
3,0.15625,0,0.18625,0.14625,0.13625,8.9407e-08
3,0.15625,0.03125,0.181367,0.144622,0.141133,8.9407e-08
3,0.15625,0.0625,0.176404,0.142917,0.145937,8.08537e-05
3,0.15625,0.09375,0.171398,0.14117,0.150699,0.000203848
3,0.15625,0.125,0.16639,0.139421,0.155457,0.000328302
3,0.15625,0.15625,0.161382,0.137669,0.160212,0.000453562
3,0.15625,0.1875,0.156373,0.135916,0.164962,0.000585243
3,0.15625,0.21875,0.151363,0.13416,0.169707,0.000722244
3,0.15625,0.25,0.146352,0.132402,0.174449,0.000863388
3,0.15625,0.28125,0.141341,0.130641,0.179187,0.00100841
3,0.15625,0.3125,0.13633,0.128879,0.183921,0.00115757
3,0.15625,0.34375,0.131318,0.127114,0.18865,0.00131069
3,0.15625,0.375,0.126307,0.125347,0.193376,0.0014676
3,0.15625,0.40625,0.121297,0.123577,0.198098,0.00162821
3,0.15625,0.4375,0.116287,0.121805,0.202817,0.00179206
3,0.15625,0.46875,0.111279,0.120031,0.207533,0.00195931
3,0.15625,0.5,0.106271,0.118254,0.212246,0.00212933
3,0.15625,0.53125,0.101265,0.116474,0.216956,0.00230207
3,0.15625,0.5625,0.0962613,0.114693,0.221663,0.00247727
3,0.15625,0.59375,0.0912592,0.112908,0.226369,0.00265418
3,0.15625,0.625,0.0862598,0.111121,0.231073,0.00283279
3,0.15625,0.65625,0.081262,0.109332,0.235776,0.00301267
3,0.15625,0.6875,0.0762671,0.10754,0.240479,0.00319327
3,0.15625,0.71875,0.0712746,0.105745,0.24518,0.00337423
3,0.15625,0.75,0.0662843,0.103947,0.249882,0.00355551
3,0.15625,0.78125,0.0613056,0.102159,0.254597,0.00372374
3,0.15625,0.8125,0.0563456,0.100387,0.259334,0.0038693
3,0.15625,0.84375,0.0514031,0.0986335,0.264095,0.00399128
3,0.15625,0.875,0.046477,0.0968985,0.26888,0.00408906
3,0.15625,0.90625,0.0415664,0.0951825,0.273689,0.00416231
3,0.15625,0.9375,0.03672,0.0934862,0.278524,0.00421011
3,0.15625,0.96875,0.0320563,0.0918004,0.283374,0.00424299
3,0.15625,1,0.0273978,0.0901111,0.288225,0.00427485
3,0.1875,0,0.2175,0.1775,0.1675,1.19209e-07
3,0.1875,0.03125,0.211604,0.175512,0.173324,3.63588e-05
3,0.1875,0.0625,0.205618,0.173435,0.17906,0.000163317
3,0.1875,0.09375,0.19963,0.171356,0.184791,0.000291437
3,0.1875,0.125,0.193641,0.169275,0.190518,0.000421256
3,0.1875,0.15625,0.187651,0.167192,0.19624,0.000556484
3,0.1875,0.1875,0.18166,0.165105,0.201959,0.000697747
3,0.1875,0.21875,0.175668,0.163017,0.207672,0.00084345
3,0.1875,0.25,0.169675,0.160926,0.213381,0.000993714
3,0.1875,0.28125,0.163682,0.158833,0.219086,0.00114836
3,0.1875,0.3125,0.157689,0.156737,0.224786,0.00130735
3,0.1875,0.34375,0.151696,0.154638,0.230483,0.00147037
3,0.1875,0.375,0.145703,0.152537,0.236175,0.0016375
3,0.1875,0.40625,0.139712,0.150434,0.241864,0.00180824
3,0.1875,0.4375,0.133721,0.148327,0.247549,0.00198258
3,0.1875,0.46875,0.127732,0.146219,0.253231,0.00215995
3,0.1875,0.5,0.121744,0.144107,0.25891,0.00234014
3,0.1875,0.53125,0.115757,0.141993,0.264586,0.00252295
3,0.1875,0.5625,0.109773,0.139876,0.270261,0.00270784
3,0.1875,0.59375,0.10379,0.137757,0.275934,0.00289422
3,0.1875,0.625,0.0978105,0.135634,0.281605,0.00308207
3,0.1875,0.65625,0.0918323,0.133509,0.287276,0.00327051
3,0.1875,0.6875,0.0858567,0.131382,0.292947,0.00345919
3,0.1875,0.71875,0.0798828,0.129252,0.298618,0.00364739
3,0.1875,0.75,0.0739105,0.127119,0.30429,0.00383475
3,0.1875,0.78125,0.0679397,0.124983,0.309964,0.00402066
3,0.1875,0.8125,0.0619732,0.122851,0.315645,0.00419849
3,0.1875,0.84375,0.0560259,0.12074,0.321355,0.00434804
3,0.1875,0.875,0.0500953,0.118652,0.327095,0.00446796
3,0.1875,0.90625,0.0441809,0.116587,0.332864,0.00455803
3,0.1875,0.9375,0.0382765,0.114546,0.338663,0.00461784
3,0.1875,0.96875,0.032651,0.112524,0.344489,0.00465178
3,0.1875,1,0.0270632,0.110502,0.350318,0.00468239
3,0.21875,0,0.24875,0.20875,0.19875,1.78814e-07
3,0.21875,0.03125,0.241819,0.206379,0.205494,9.52482e-05
3,0.21875,0.0625,0.234852,0.203972,0.2122,0.00022611
3,0.21875,0.09375,0.227884,0.201563,0.218902,0.000358313
3,0.21875,0.125,0.220914,0.199151,0.2256,0.000494078
3,0.21875,0.15625,0.213943,0.196737,0.232293,0.000637159
3,0.21875,0.1875,0.206971,0.19432,0.23898,0.000785187
3,0.21875,0.21875,0.199998,0.1919,0.245664,0.000938043
3,0.21875,0.25,0.193025,0.189478,0.252342,0.00109547
3,0.21875,0.28125,0.186051,0.187053,0.259016,0.00125748
3,0.21875,0.3125,0.179078,0.184625,0.265685,0.00142393
3,0.21875,0.34375,0.172104,0.182195,0.27235,0.00159493
3,0.21875,0.375,0.165132,0.179762,0.279011,0.00176981
3,0.21875,0.40625,0.158159,0.177326,0.285669,0.00194845
3,0.21875,0.4375,0.151189,0.174888,0.292323,0.00213048
3,0.21875,0.46875,0.144219,0.172446,0.298973,0.00231576
3,0.21875,0.5,0.137251,0.170002,0.305621,0.00250378
3,0.21875,0.53125,0.130285,0.167555,0.312267,0.00269407
3,0.21875,0.5625,0.12332,0.165106,0.318911,0.00288618
3,0.21875,0.59375,0.116358,0.162653,0.325553,0.00307959
3,0.21875,0.625,0.109397,0.160198,0.332195,0.00327381
3,0.21875,0.65625,0.102439,0.15774,0.338836,0.00346836
3,0.21875,0.6875,0.0954814,0.155279,0.345478,0.00366253
3,0.21875,0.71875,0.0885251,0.152816,0.352121,0.00385576
3,0.21875,0.75,0.0815695,0.15035,0.358765,0.0040473
3,0.21875,0.78125,0.0746133,0.147882,0.365412,0.00423676
3,0.21875,0.8125,0.0676547,0.145411,0.372061,0.00442335
3,0.21875,0.84375,0.0606988,0.142946,0.378722,0.00459805
3,0.21875,0.875,0.0537589,0.140507,0.385418,0.00473869
3,0.21875,0.90625,0.0468322,0.138095,0.392148,0.00484422
3,0.21875,0.9375,0.039909,0.135711,0.398914,0.00491431
3,0.21875,0.96875,0.0332505,0.133354,0.405713,0.00495109
3,0.21875,1,0.0267305,0.130999,0.41252,0.00497973
3,0.25,0,0.279991,0.239991,0.229991,9.08971e-06
3,0.25,0.03125,0.272046,0.237258,0.237674,0.000141621
3,0.25,0.0625,0.264099,0.234522,0.245353,0.000275612
3,0.25,0.09375,0.256151,0.231783,0.253027,0.00041154
3,0.25,0.125,0.248201,0.229041,0.260696,0.000553608
3,0.25,0.15625,0.240251,0.226297,0.268361,0.000701964
3,0.25,0.1875,0.232299,0.22355,0.27602,0.000855416
3,0.25,0.21875,0.224346,0.220801,0.283674,0.00101361
3,0.25,0.25,0.216393,0.218048,0.291323,0.00117689
3,0.25,0.28125,0.20844,0.215293,0.298968,0.00134483
3,0.25,0.3125,0.200486,0.212535,0.306608,0.00151744
3,0.25,0.34375,0.192534,0.209774,0.314243,0.00169444
3,0.25,0.375,0.184581,0.20701,0.321874,0.00187555
3,0.25,0.40625,0.17663,0.204244,0.329502,0.0020605
3,0.25,0.4375,0.168679,0.201474,0.337126,0.00224888
3,0.25,0.46875,0.16073,0.198702,0.344747,0.00244018
3,0.25,0.5,0.152783,0.195927,0.352366,0.00263423
3,0.25,0.53125,0.144837,0.193149,0.359982,0.00283027
3,0.25,0.5625,0.136893,0.190368,0.367597,0.00302792
3,0.25,0.59375,0.12895,0.187584,0.375211,0.00322661
3,0.25,0.625,0.121009,0.184797,0.382824,0.00342569
3,0.25,0.65625,0.113069,0.182008,0.390438,0.00362465
3,0.25,0.6875,0.10513,0.179216,0.398052,0.0038228
3,0.25,0.71875,0.0971907,0.176421,0.405668,0.00401938
3,0.25,0.75,0.0892502,0.173624,0.413286,0.00421372
3,0.25,0.78125,0.0813072,0.170824,0.420907,0.00440535
3,0.25,0.8125,0.0733588,0.168023,0.428532,0.0045931
3,0.25,0.84375,0.0654022,0.165219,0.43616,0.00477716
3,0.25,0.875,0.0574481,0.162431,0.443813,0.00493729
3,0.25,0.90625,0.0495041,0.159674,0.451505,0.00505736
3,0.25,0.9375,0.0415649,0.156949,0.459238,0.00513735
3,0.25,0.96875,0.0338426,0.154256,0.46701,0.00517765
3,0.25,1,0.0263865,0.151571,0.474796,0.00520423
3,0.28125,0,0.311206,0.271207,0.261207,4.43161e-05
3,0.28125,0.03125,0.302282,0.268145,0.269864,0.000179201
3,0.28125,0.0625,0.293356,0.26508,0.278515,0.000315934
3,0.28125,0.09375,0.284428,0.262013,0.287162,0.000454903
3,0.28125,0.125,0.2755,0.258943,0.295804,0.000602335
3,0.28125,0.15625,0.26657,0.255869,0.30444,0.000754923
3,0.28125,0.1875,0.257638,0.252794,0.313072,0.000912726
3,0.28125,0.21875,0.248707,0.249715,0.321698,0.0010756
3,0.28125,0.25,0.239774,0.246633,0.330319,0.00124365
3,0.28125,0.28125,0.230842,0.243548,0.338935,0.00141644
3,0.28125,0.3125,0.22191,0.24046,0.347547,0.00159383
3,0.28125,0.34375,0.212977,0.23737,0.356154,0.00177598
3,0.28125,0.375,0.204046,0.234276,0.364757,0.00196221
3,0.28125,0.40625,0.195115,0.23118,0.373356,0.002152
3,0.28125,0.4375,0.186186,0.228081,0.381951,0.00234541
3,0.28125,0.46875,0.177258,0.224978,0.390544,0.00254166
3,0.28125,0.5,0.168331,0.221873,0.399135,0.00274044
3,0.28125,0.53125,0.159406,0.218765,0.407723,0.00294119
3,0.28125,0.5625,0.150482,0.215653,0.41631,0.00314322
3,0.28125,0.59375,0.14156,0.212539,0.424896,0.00334582
3,0.28125,0.625,0.132638,0.209423,0.433482,0.0035488
3,0.28125,0.65625,0.123717,0.206303,0.442069,0.00375104
3,0.28125,0.6875,0.114796,0.203181,0.450657,0.00395188
3,0.28125,0.71875,0.105873,0.200056,0.459247,0.00415096
3,0.28125,0.75,0.0969476,0.196929,0.46784,0.00434729
3,0.28125,0.78125,0.0880158,0.193799,0.476436,0.00454018
3,0.28125,0.8125,0.0790763,0.190668,0.485037,0.00472859
3,0.28125,0.84375,0.0701239,0.187534,0.493642,0.00491229
3,0.28125,0.875,0.0611567,0.184403,0.502258,0.00508612
3,0.28125,0.90625,0.0521905,0.181303,0.510913,0.00522006
3,0.28125,0.9375,0.0432203,0.178238,0.519613,0.00530916
3,0.28125,0.96875,0.0344216,0.175211,0.528357,0.00535399
3,0.28125,1,0.0260262,0.172196,0.537122,0.00537825
3,0.3125,0,0.342427,0.302428,0.292429,7.28369e-05
3,0.3125,0.03125,0.332524,0.299039,0.302059,0.000210226
3,0.3125,0.0625,0.32262,0.295646,0.311684,0.000348777
3,0.3125,0.09375,0.312713,0.29225,0.321305,0.000492096
3,0.3125,0.125,0.302806,0.288851,0.330919,0.000643045
3,0.3125,0.15625,0.292897,0.28545,0.340529,0.00079909
3,0.3125,0.1875,0.282987,0.282045,0.350133,0.000960439
3,0.3125,0.21875,0.273076,0.278638,0.359732,0.00112724
3,0.3125,0.25,0.263165,0.275228,0.369326,0.00129914
3,0.3125,0.28125,0.253254,0.271814,0.378915,0.00147608
3,0.3125,0.3125,0.243343,0.268397,0.388498,0.00165775
3,0.3125,0.34375,0.233432,0.264978,0.398078,0.00184387
3,0.3125,0.375,0.223522,0.261555,0.407653,0.00203422
3,0.3125,0.40625,0.213613,0.25813,0.417225,0.00222832
3,0.3125,0.4375,0.203704,0.254701,0.426793,0.0024257
3,0.3125,0.46875,0.193798,0.25127,0.436358,0.00262594
3,0.3125,0.5,0.183892,0.247835,0.445921,0.00282863
3,0.3125,0.53125,0.173987,0.244397,0.455482,0.00303319
3,0.3125,0.5625,0.164085,0.240957,0.465043,0.00323859
3,0.3125,0.59375,0.154182,0.237513,0.474602,0.00344458
3,0.3125,0.625,0.14428,0.234067,0.484162,0.00365028
3,0.3125,0.65625,0.134379,0.230618,0.493723,0.00385508
3,0.3125,0.6875,0.124474,0.227167,0.503285,0.0040583
3,0.3125,0.71875,0.114568,0.223712,0.51285,0.00425905
3,0.3125,0.75,0.104655,0.220256,0.522419,0.00445646
3,0.3125,0.78125,0.0947354,0.216798,0.53199,0.00465018
3,0.3125,0.8125,0.0848036,0.213337,0.541567,0.00483894
3,0.3125,0.84375,0.0748539,0.209876,0.55115,0.00502205
3,0.3125,0.875,0.0648777,0.206412,0.560738,0.00519925
3,0.3125,0.90625,0.0548855,0.202969,0.570356,0.00534678
3,0.3125,0.9375,0.0448786,0.199566,0.580024,0.00544488
3,0.3125,0.96875,0.0349844,0.196203,0.58974,0.00549436
3,0.3125,1,0.0256498,0.19286,0.599483,0.00551683
3,0.34375,0,0.373653,0.333655,0.323655,9.74536e-05
3,0.34375,0.03125,0.362771,0.329937,0.33426,0.000236362
3,0.34375,0.0625,0.351888,0.326217,0.344859,0.000377238
3,0.34375,0.09375,0.341004,0.322493,0.355453,0.000523716
3,0.34375,0.125,0.330118,0.318767,0.366041,0.000677258
3,0.34375,0.15625,0.319231,0.315037,0.376625,0.000836372
3,0.34375,0.1875,0.308342,0.311304,0.387202,0.00100103
3,0.34375,0.21875,0.297453,0.307569,0.397774,0.00117096
3,0.34375,0.25,0.286564,0.30383,0.408341,0.00134611
3,0.34375,0.28125,0.275674,0.300088,0.418903,0.00152645
3,0.34375,0.3125,0.264785,0.296343,0.42946,0.00171164
3,0.34375,0.34375,0.253895,0.292595,0.440013,0.00190121
3,0.34375,0.375,0.243007,0.288845,0.450561,0.00209507
3,0.34375,0.40625,0.232119,0.285091,0.461106,0.00229272
3,0.34375,0.4375,0.221232,0.281333,0.471647,0.00249353
3,0.34375,0.46875,0.210346,0.277573,0.482185,0.00269732
3,0.34375,0.5,0.199463,0.27381,0.492722,0.00290301
3,0.34375,0.53125,0.188579,0.270043,0.503257,0.00311047
3,0.34375,0.5625,0.177697,0.266274,0.513791,0.00331885
3,0.34375,0.59375,0.166815,0.262502,0.524324,0.00352734
3,0.34375,0.625,0.155933,0.258727,0.534858,0.00373542
3,0.34375,0.65625,0.145049,0.254949,0.545394,0.00394243
3,0.34375,0.6875,0.134163,0.251169,0.555931,0.00414723
3,0.34375,0.71875,0.123273,0.247386,0.566471,0.00434923
3,0.34375,0.75,0.112374,0.243601,0.577015,0.0045476
3,0.34375,0.78125,0.101465,0.239815,0.587563,0.00474173
3,0.34375,0.8125,0.0905397,0.236026,0.598116,0.00493044
3,0.34375,0.84375,0.0795911,0.232236,0.608676,0.00511289
3,0.34375,0.875,0.0686104,0.228445,0.619243,0.00528854
3,0.34375,0.90625,0.0575902,0.224662,0.629827,0.00544679
3,0.34375,0.9375,0.0465396,0.220921,0.640462,0.00555378
3,0.34375,0.96875,0.0355382,0.217224,0.65115,0.0056079
3,0.34375,1,0.0252562,0.213554,0.661871,0.00562871
3,0.375,0,0.404882,0.364884,0.354885,0.000118256
3,0.375,0.03125,0.393023,0.360839,0.366464,0.000258267
3,0.375,0.0625,0.381162,0.356791,0.378037,0.000400633
3,0.375,0.09375,0.369299,0.35274,0.389606,0.000550538
3,0.375,0.125,0.357434,0.348686,0.401168,0.000706732
3,0.375,0.15625,0.345569,0.344629,0.412725,0.00086838
3,0.375,0.1875,0.333703,0.340569,0.424277,0.00103563
3,0.375,0.21875,0.321836,0.336505,0.435823,0.00120831
3,0.375,0.25,0.309968,0.332439,0.447364,0.00138643
3,0.375,0.28125,0.2981,0.328369,0.458899,0.00156966
3,0.375,0.3125,0.286233,0.324296,0.47043,0.00175783
3,0.375,0.34375,0.274365,0.32022,0.481956,0.00195053
3,0.375,0.375,0.262498,0.316141,0.493478,0.00214729
3,0.375,0.40625,0.250632,0.312059,0.504996,0.00234789
3,0.375,0.4375,0.238767,0.307974,0.516511,0.00255162
3,0.375,0.46875,0.226903,0.303885,0.528023,0.00275803
3,0.375,0.5,0.21504,0.299794,0.539533,0.00296658
3,0.375,0.53125,0.203178,0.295699,0.551042,0.00317651
3,0.375,0.5625,0.191317,0.291602,0.56255,0.00338721
3,0.375,0.59375,0.179455,0.287501,0.574058,0.00359809
3,0.375,0.625,0.167593,0.283398,0.585567,0.00380808
3,0.375,0.65625,0.155728,0.279292,0.597077,0.00401664
3,0.375,0.6875,0.14386,0.275184,0.60859,0.00422263
3,0.375,0.71875,0.131985,0.271073,0.620106,0.00442553
3,0.375,0.75,0.120101,0.26696,0.631626,0.00462449
3,0.375,0.78125,0.108203,0.262846,0.64315,0.0048188
3,0.375,0.8125,0.0962828,0.25873,0.65468,0.00500709
3,0.375,0.84375,0.0843358,0.254612,0.666217,0.00518888
3,0.375,0.875,0.0723465,0.250493,0.677762,0.00536346
3,0.375,0.90625,0.0602992,0.246377,0.689317,0.00552684
3,0.375,0.9375,0.048202,0.242299,0.70092,0.00564229
3,0.375,0.96875,0.0360959,0.238268,0.71258,0.00570118
3,0.375,1,0.024848,0.234269,0.724279,0.00573097
3,0.40625,0,0.436114,0.396117,0.386117,0.000135839
3,0.40625,0.03125,0.423277,0.391745,0.398671,0.00027737
3,0.40625,0.0625,0.410438,0.38737,0.411219,0.000421584
3,0.40625,0.09375,0.397597,0.382991,0.423762,0.000573993
3,0.40625,0.125,0.384755,0.37861,0.436299,0.000732064
3,0.40625,0.15625,0.371912,0.374225,0.448831,0.000896007
3,0.40625,0.1875,0.359067,0.369838,0.461356,0.00106576
3,0.40625,0.21875,0.346222,0.365447,0.473876,0.00124076
3,0.40625,0.25,0.333376,0.361053,0.486391,0.00142136
3,0.40625,0.28125,0.320531,0.356656,0.498901,0.00160718
3,0.40625,0.3125,0.307685,0.352255,0.511405,0.0017978
3,0.40625,0.34375,0.29484,0.347851,0.523905,0.00199312
3,0.40625,0.375,0.281995,0.343445,0.536402,0.00219226
3,0.40625,0.40625,0.269151,0.339034,0.548894,0.00239551
3,0.40625,0.4375,0.256308,0.334621,0.561383,0.00260174
3,0.40625,0.46875,0.243465,0.330205,0.573869,0.00281066
3,0.40625,0.5,0.230624,0.325785,0.586354,0.00302142
3,0.40625,0.53125,0.217784,0.321363,0.598837,0.00323361
3,0.40625,0.5625,0.204943,0.316938,0.611319,0.00344622
3,0.40625,0.59375,0.192102,0.312509,0.623802,0.00365883
3,0.40625,0.625,0.17926,0.308078,0.636286,0.00387031
3,0.40625,0.65625,0.166414,0.303645,0.648772,0.00408006
3,0.40625,0.6875,0.153564,0.299209,0.66126,0.0042873
3,0.40625,0.71875,0.140705,0.29477,0.673751,0.00449115
3,0.40625,0.75,0.127835,0.29033,0.686247,0.00469029
3,0.40625,0.78125,0.114946,0.285888,0.698748,0.00488472
3,0.40625,0.8125,0.102033,0.281444,0.711255,0.00507265
3,0.40625,0.84375,0.0890872,0.277,0.72377,0.00525373
3,0.40625,0.875,0.0760887,0.272554,0.736292,0.00542706
3,0.40625,0.90625,0.0630182,0.268109,0.748823,0.00559157
3,0.40625,0.9375,0.0498698,0.263693,0.761394,0.00571537
3,0.40625,0.96875,0.0366579,0.25933,0.774026,0.0060374
3,0.40625,1,0.0244237,0.255002,0.786702,0.00583085
3,0.4375,0,0.467348,0.427351,0.417352,0.000151664
3,0.4375,0.03125,0.453534,0.422652,0.430881,0.000294358
3,0.4375,0.0625,0.439717,0.41795,0.444404,0.000439823
3,0.4375,0.09375,0.425899,0.413245,0.457921,0.000594348
3,0.4375,0.125,0.412079,0.408537,0.471433,0.000754386
3,0.4375,0.15625,0.398257,0.403825,0.484939,0.000920266
3,0.4375,0.1875,0.384435,0.39911,0.498439,0.00109211
3,0.4375,0.21875,0.370612,0.394392,0.511934,0.0012691
3,0.4375,0.25,0.356789,0.389671,0.525423,0.00145179
3,0.4375,0.28125,0.342965,0.384946,0.538907,0.0016396
3,0.4375,0.3125,0.329142,0.380218,0.552386,0.00183278
3,0.4375,0.34375,0.315318,0.375488,0.56586,0.00203031
3,0.4375,0.375,0.301495,0.370753,0.579331,0.0022319
3,0.4375,0.40625,0.287674,0.366015,0.592797,0.00243723
3,0.4375,0.4375,0.273853,0.361275,0.606261,0.00264555
3,0.4375,0.46875,0.260032,0.356531,0.619722,0.00285661
3,0.4375,0.5,0.246213,0.351784,0.633181,0.00306934
3,0.4375,0.53125,0.232394,0.347034,0.646639,0.00328308
3,0.4375,0.5625,0.218574,0.342281,0.660096,0.00349772
3,0.4375,0.59375,0.204754,0.337525,0.673554,0.0037117
3,0.4375,0.625,0.190931,0.332766,0.687013,0.00392473
3,0.4375,0.65625,0.177105,0.328005,0.700474,0.00413567
3,0.4375,0.6875,0.163272,0.323242,0.713938,0.00434363
3,0.4375,0.71875,0.14943,0.318476,0.727405,0.00454766
3,0.4375,0.75,0.135573,0.313709,0.740878,0.00474739
3,0.4375,0.78125,0.121696,0.308939,0.754356,0.00494134
3,0.4375,0.8125,0.10779,0.304169,0.76784,0.0051291
3,0.4375,0.84375,0.0938428,0.299397,0.781331,0.00530916
3,0.4375,0.875,0.0798362,0.294625,0.794831,0.00548136
3,0.4375,0.90625,0.0657423,0.289853,0.80834,0.00564444
3,0.4375,0.9375,0.0515388,0.285102,0.82188,0.00580492
3,0.4375,0.96875,0.0372164,0.280405,0.835484,0.00645545
3,0.4375,1,0.0239834,0.27575,0.849137,0.00601664
3,0.46875,0,0.498585,0.458588,0.448588,0.000164896
3,0.46875,0.03125,0.483793,0.453562,0.463092,0.000308543
3,0.46875,0.0625,0.468998,0.448533,0.47759,0.000456661
3,0.46875,0.09375,0.454203,0.443501,0.492083,0.000612348
3,0.46875,0.125,0.439404,0.438466,0.50657,0.000774145
3,0.46875,0.15625,0.424606,0.433427,0.52105,0.000941753
3,0.46875,0.1875,0.409806,0.428385,0.535526,0.00111502
3,0.46875,0.21875,0.395005,0.42334,0.549995,0.0012942
3,0.46875,0.25,0.380204,0.418292,0.564459,0.00147879
3,0.46875,0.28125,0.365403,0.41324,0.578917,0.00166881
3,0.46875,0.3125,0.350602,0.408185,0.593371,0.00186372
3,0.46875,0.34375,0.335801,0.403127,0.60782,0.00206321
3,0.46875,0.375,0.321001,0.398065,0.622264,0.00226682
3,0.46875,0.40625,0.306201,0.393001,0.636706,0.00247395
3,0.46875,0.4375,0.291402,0.387933,0.651144,0.0026843
3,0.46875,0.46875,0.276604,0.382862,0.66558,0.00289696
3,0.46875,0.5,0.261806,0.377787,0.680014,0.0031113
3,0.46875,0.53125,0.247008,0.37271,0.694447,0.00332689
3,0.46875,0.5625,0.23221,0.36763,0.708879,0.00354278
3,0.46875,0.59375,0.21741,0.362547,0.723312,0.00375855
3,0.46875,0.625,0.202608,0.357461,0.737746,0.00397235
3,0.46875,0.65625,0.1878,0.352372,0.752183,0.00418407
3,0.46875,0.6875,0.172986,0.347281,0.766623,0.00439256
3,0.46875,0.71875,0.158159,0.342189,0.781067,0.00459725
3,0.46875,0.75,0.143318,0.337094,0.795515,0.00479728
3,0.46875,0.78125,0.128451,0.331998,0.80997,0.00499111
3,0.46875,0.8125,0.113552,0.326901,0.824431,0.00517827
3,0.46875,0.84375,0.0986052,0.321803,0.8389,0.00535768
3,0.46875,0.875,0.083589,0.316704,0.853378,0.00552863
3,0.46875,0.90625,0.0684707,0.311606,0.867865,0.0056901
3,0.46875,0.9375,0.0532108,0.306521,0.882376,0.00608607
3,0.46875,0.96875,0.0377737,0.301493,0.896952,0.00687475
3,0.46875,1,0.0235296,0.296509,0.911581,0.00647042
3,0.5,0,0.529823,0.489825,0.479826,0.000176787
3,0.5,0.03125,0.514053,0.484473,0.495305,0.000321925
3,0.5,0.0625,0.498281,0.479118,0.510779,0.000471115
3,0.5,0.09375,0.482507,0.473759,0.526247,0.000628293
3,0.5,0.125,0.466733,0.468397,0.541708,0.00079155
3,0.5,0.15625,0.450957,0.463032,0.557164,0.000960529
3,0.5,0.1875,0.435179,0.457663,0.572614,0.00113559
3,0.5,0.21875,0.419401,0.452291,0.588058,0.00131673
3,0.5,0.25,0.403622,0.446916,0.603497,0.00150257
3,0.5,0.28125,0.387844,0.441537,0.61893,0.00169456
3,0.5,0.3125,0.372064,0.436155,0.634359,0.00189096
3,0.5,0.34375,0.356286,0.43077,0.649782,0.0020926
3,0.5,0.375,0.340508,0.425381,0.665202,0.0022977
3,0.5,0.40625,0.32473,0.41999,0.680618,0.00250661
3,0.5,0.4375,0.308954,0.414594,0.696032,0.00271845
3,0.5,0.46875,0.293178,0.409196,0.711442,0.00293273
3,0.5,0.5,0.277402,0.403795,0.726851,0.00314885
3,0.5,0.53125,0.261626,0.398391,0.742259,0.00336581
3,0.5,0.5625,0.24585,0.392983,0.757667,0.00358284
3,0.5,0.59375,0.230071,0.387573,0.773076,0.00379926
3,0.5,0.625,0.214288,0.38216,0.788486,0.00401437
3,0.5,0.65625,0.198501,0.376745,0.803898,0.00422692
3,0.5,0.6875,0.182704,0.371327,0.819314,0.00443619
3,0.5,0.71875,0.166894,0.365907,0.834734,0.00464106
3,0.5,0.75,0.151066,0.360486,0.850159,0.00484097
3,0.5,0.78125,0.135212,0.355063,0.86559,0.00503474
3,0.5,0.8125,0.11932,0.349639,0.881029,0.00522149
3,0.5,0.84375,0.103372,0.344215,0.896475,0.0054
3,0.5,0.875,0.0873473,0.33879,0.91193,0.0055697
3,0.5,0.90625,0.0712033,0.333365,0.927395,0.00572991
3,0.5,0.9375,0.0548871,0.327949,0.942879,0.00636292
3,0.5,0.96875,0.0383348,0.322589,0.958427,0.00729021
3,0.5,1,0.0230641,0.317277,0.974033,0.00693594
3,0.53125,0,0.561062,0.521065,0.511066,0.000187516
3,0.53125,0.03125,0.546285,0.516054,0.525585,0.000316143
3,0.53125,0.0625,0.531507,0.511041,0.540099,0.00044769
3,0.53125,0.09375,0.516727,0.506026,0.554609,0.000585914
3,0.53125,0.125,0.501946,0.501007,0.569115,0.000729024
3,0.53125,0.15625,0.487163,0.495987,0.583616,0.000876546
3,0.53125,0.1875,0.472381,0.490963,0.598112,0.00102895
3,0.53125,0.21875,0.457597,0.485937,0.612603,0.00118577
3,0.53125,0.25,0.442812,0.480909,0.62709,0.00134712
3,0.53125,0.28125,0.428027,0.475878,0.641573,0.001513
3,0.53125,0.3125,0.413243,0.470843,0.656052,0.00168276
3,0.53125,0.34375,0.398458,0.465807,0.670526,0.00185674
3,0.53125,0.375,0.383673,0.460768,0.684997,0.00203419
3,0.53125,0.40625,0.368888,0.455727,0.699464,0.00221521
3,0.53125,0.4375,0.354104,0.450683,0.713929,0.00239909
3,0.53125,0.46875,0.339321,0.445636,0.728391,0.00258559
3,0.53125,0.5,0.324538,0.440586,0.742851,0.00277442
3,0.53125,0.53125,0.309756,0.435534,0.757309,0.00296479
3,0.53125,0.5625,0.294972,0.43048,0.771765,0.00315654
3,0.53125,0.59375,0.280189,0.425424,0.786222,0.00334883
3,0.53125,0.625,0.265406,0.420365,0.800677,0.00354183
3,0.53125,0.65625,0.250621,0.415304,0.815133,0.00373387
3,0.53125,0.6875,0.235832,0.41024,0.82959,0.00392514
3,0.53125,0.71875,0.22104,0.405175,0.844049,0.00411493
3,0.53125,0.75,0.206244,0.400108,0.85851,0.00430226
3,0.53125,0.78125,0.191438,0.395039,0.872974,0.00448698
3,0.53125,0.8125,0.17662,0.389969,0.887441,0.00466794
3,0.53125,0.84375,0.161789,0.384897,0.901913,0.00484478
3,0.53125,0.875,0.146934,0.379825,0.916389,0.00501686
3,0.53125,0.90625,0.13205,0.374751,0.930871,0.00518358
3,0.53125,0.9375,0.117124,0.369677,0.945359,0.00534433
3,0.53125,0.96875,0.102145,0.364602,0.959854,0.00549799
3,0.53125,1,0.0870858,0.359528,0.974356,0.0056445
3,0.5625,0,0.592302,0.552305,0.542306,0.00019753
3,0.5625,0.03125,0.578517,0.547635,0.555863,0.000311136
3,0.5625,0.0625,0.56473,0.542963,0.569417,0.000426948
3,0.5625,0.09375,0.550942,0.538288,0.582967,0.000548303
3,0.5625,0.125,0.537153,0.533612,0.596514,0.000673592
3,0.5625,0.15625,0.523364,0.528933,0.610057,0.000802398
3,0.5625,0.1875,0.509573,0.524253,0.623596,0.000934899
3,0.5625,0.21875,0.495781,0.51957,0.637132,0.00107104
3,0.5625,0.25,0.48199,0.514886,0.650664,0.00121087
3,0.5625,0.28125,0.468197,0.510199,0.664193,0.00135422
3,0.5625,0.3125,0.454404,0.50551,0.677718,0.00150084
3,0.5625,0.34375,0.440612,0.50082,0.69124,0.00165087
3,0.5625,0.375,0.426819,0.496127,0.704758,0.00180411
3,0.5625,0.40625,0.413026,0.491432,0.718274,0.00196004
3,0.5625,0.4375,0.399233,0.486735,0.731787,0.00211883
3,0.5625,0.46875,0.385441,0.482036,0.745298,0.00228024
3,0.5625,0.5,0.371649,0.477335,0.758806,0.00244367
3,0.5625,0.53125,0.357858,0.472632,0.772312,0.00260943
3,0.5625,0.5625,0.344066,0.467928,0.785817,0.00277638
3,0.5625,0.59375,0.330275,0.463221,0.799321,0.00294501
3,0.5625,0.625,0.316484,0.458512,0.812823,0.00311482
3,0.5625,0.65625,0.302692,0.453802,0.826324,0.00328517
3,0.5625,0.6875,0.288901,0.449089,0.839826,0.0034557
3,0.5625,0.71875,0.275107,0.444375,0.853327,0.00362623
3,0.5625,0.75,0.261313,0.439659,0.866829,0.00379622
3,0.5625,0.78125,0.247517,0.434941,0.880331,0.0039655
3,0.5625,0.8125,0.233716,0.430223,0.893836,0.00413287
3,0.5625,0.84375,0.21991,0.425502,0.907342,0.00429904
3,0.5625,0.875,0.206099,0.42078,0.92085,0.00446278
3,0.5625,0.90625,0.192279,0.416057,0.93436,0.00462401
3,0.5625,0.9375,0.178445,0.411334,0.947874,0.0047819
3,0.5625,0.96875,0.164598,0.406609,0.961392,0.00493616
3,0.5625,1,0.150729,0.401883,0.974913,0.0050866
3,0.59375,0,0.623544,0.583547,0.573547,0.000206172
3,0.59375,0.03125,0.610748,0.579215,0.586141,0.000306666
3,0.59375,0.0625,0.597951,0.574882,0.598733,0.000408232
3,0.59375,0.09375,0.585154,0.570547,0.611321,0.000514686
3,0.59375,0.125,0.572356,0.56621,0.623907,0.000624359
3,0.59375,0.15625,0.559556,0.561872,0.63649,0.000736475
3,0.59375,0.1875,0.546757,0.557533,0.64907,0.000851691
3,0.59375,0.21875,0.533956,0.553192,0.661647,0.000969768
3,0.59375,0.25,0.521155,0.548849,0.674222,0.00109076
3,0.59375,0.28125,0.508353,0.544505,0.686793,0.00121439
3,0.59375,0.3125,0.495552,0.540158,0.699362,0.00134093
3,0.59375,0.34375,0.48275,0.535811,0.711928,0.00146997
3,0.59375,0.375,0.469948,0.531462,0.724492,0.00160164
3,0.59375,0.40625,0.457146,0.527111,0.737053,0.00173563
3,0.59375,0.4375,0.444343,0.522759,0.749612,0.00187248
3,0.59375,0.46875,0.431541,0.518405,0.762169,0.00201118
3,0.59375,0.5,0.418739,0.514049,0.774723,0.00215203
3,0.59375,0.53125,0.405937,0.509693,0.787276,0.0022946
3,0.59375,0.5625,0.393135,0.505334,0.799826,0.00243944
3,0.59375,0.59375,0.380334,0.500973,0.812375,0.00258553
3,0.59375,0.625,0.367533,0.496612,0.824923,0.00273287
3,0.59375,0.65625,0.354732,0.492248,0.83747,0.00288153
3,0.59375,0.6875,0.341931,0.487883,0.850016,0.00303108
3,0.59375,0.71875,0.32913,0.483517,0.862561,0.00318122
3,0.59375,0.75,0.316328,0.47915,0.875106,0.00333166
3,0.59375,0.78125,0.303527,0.47478,0.88765,0.0034824
3,0.59375,0.8125,0.290723,0.47041,0.900195,0.00363314
3,0.59375,0.84375,0.27792,0.466038,0.91274,0.00378358
3,0.59375,0.875,0.265113,0.461665,0.925286,0.00393289
3,0.59375,0.90625,0.252304,0.457291,0.937833,0.00408155
3,0.59375,0.9375,0.239492,0.452916,0.950381,0.00422877
3,0.59375,0.96875,0.226674,0.448539,0.96293,0.00437456
3,0.59375,1,0.213852,0.444162,0.975482,0.00451833
3,0.625,0,0.654786,0.614789,0.604789,0.000213921
3,0.625,0.03125,0.642979,0.610794,0.616419,0.000302315
3,0.625,0.0625,0.631171,0.606799,0.628046,0.000391483
3,0.625,0.09375,0.619362,0.602802,0.639672,0.000484526
3,0.625,0.125,0.607553,0.598804,0.651295,0.000579834
3,0.625,0.15625,0.595743,0.594805,0.662916,0.000677824
3,0.625,0.1875,0.583933,0.590805,0.674535,0.000777543
3,0.625,0.21875,0.572122,0.586803,0.686151,0.000879884
3,0.625,0.25,0.560311,0.582801,0.697766,0.000983894
3,0.625,0.28125,0.548499,0.578797,0.709378,0.00109035
3,0.625,0.3125,0.536687,0.574791,0.720988,0.00119948
3,0.625,0.34375,0.524875,0.570785,0.732596,0.00131005
3,0.625,0.375,0.513062,0.566777,0.744202,0.001423
3,0.625,0.40625,0.501249,0.562768,0.755806,0.00153774
3,0.625,0.4375,0.489436,0.558758,0.767408,0.00165486
3,0.625,0.46875,0.477624,0.554746,0.779007,0.00177383
3,0.625,0.5,0.465811,0.550734,0.790606,0.0018943
3,0.625,0.53125,0.453998,0.54672,0.802202,0.00201672
3,0.625,0.5625,0.442185,0.542705,0.813797,0.0021404
3,0.625,0.59375,0.430373,0.538688,0.825391,0.00226563
3,0.625,0.625,0.418559,0.534671,0.836982,0.00239283
3,0.625,0.65625,0.406747,0.530652,0.848573,0.0025208
3,0.625,0.6875,0.394935,0.526632,0.860162,0.00265014
3,0.625,0.71875,0.383123,0.522611,0.871751,0.0027802
3,0.625,0.75,0.37131,0.518589,0.883339,0.00291145
3,0.625,0.78125,0.359499,0.514565,0.894925,0.00304329
3,0.625,0.8125,0.347687,0.51054,0.906512,0.0031752
3,0.625,0.84375,0.335874,0.506515,0.918099,0.0033077
3,0.625,0.875,0.324061,0.502488,0.929684,0.0034408
3,0.625,0.90625,0.312248,0.49846,0.941271,0.00357312
3,0.625,0.9375,0.300433,0.494431,0.952857,0.00370568
3,0.625,0.96875,0.288618,0.490401,0.964444,0.00383776
3,0.625,1,0.2768,0.48637,0.976031,0.00396889
3,0.65625,0,0.686029,0.646031,0.636032,0.000221193
3,0.65625,0.03125,0.675209,0.642373,0.646696,0.000298381
3,0.65625,0.0625,0.664389,0.638715,0.657359,0.000376463
3,0.65625,0.09375,0.653568,0.635055,0.668019,0.000457108
3,0.65625,0.125,0.642747,0.631395,0.678679,0.000539958
3,0.65625,0.15625,0.631926,0.627733,0.689336,0.000624478
3,0.65625,0.1875,0.621103,0.624071,0.699992,0.000710845
3,0.65625,0.21875,0.61028,0.620407,0.710646,0.000799
3,0.65625,0.25,0.599458,0.616743,0.721299,0.000888884
3,0.65625,0.28125,0.588634,0.613077,0.73195,0.00098002
3,0.65625,0.3125,0.577811,0.609411,0.742599,0.00107324
3,0.65625,0.34375,0.566987,0.605744,0.753246,0.00116819
3,0.65625,0.375,0.556163,0.602075,0.763892,0.00126451
3,0.65625,0.40625,0.545339,0.598406,0.774536,0.00136256
3,0.65625,0.4375,0.534514,0.594736,0.785178,0.00146234
3,0.65625,0.46875,0.52369,0.591065,0.79582,0.00156319
3,0.65625,0.5,0.512864,0.587394,0.806459,0.00166595
3,0.65625,0.53125,0.50204,0.583721,0.817097,0.00177002
3,0.65625,0.5625,0.491216,0.580047,0.827734,0.00187564
3,0.65625,0.59375,0.480391,0.576372,0.838369,0.00198233
3,0.65625,0.625,0.469566,0.572696,0.849003,0.00209039
3,0.65625,0.65625,0.458742,0.56902,0.859636,0.00219995
3,0.65625,0.6875,0.447917,0.565342,0.870268,0.00231034
3,0.65625,0.71875,0.437093,0.561663,0.880899,0.00242168
3,0.65625,0.75,0.426268,0.557984,0.891529,0.00253361
3,0.65625,0.78125,0.415444,0.554303,0.902157,0.00264752
3,0.65625,0.8125,0.40462,0.550622,0.912786,0.00276101
3,0.65625,0.84375,0.393796,0.54694,0.923413,0.00287586
3,0.65625,0.875,0.382972,0.543257,0.93404,0.00299078
3,0.65625,0.90625,0.372147,0.539573,0.944667,0.00310689
3,0.65625,0.9375,0.361324,0.535888,0.955293,0.00322264
3,0.65625,0.96875,0.350498,0.532203,0.965919,0.00333911
3,0.65625,1,0.339673,0.528516,0.976545,0.00345522
3,0.6875,0,0.717272,0.677275,0.667275,0.000228047
3,0.6875,0.03125,0.707439,0.673952,0.676973,0.000295162
3,0.6875,0.0625,0.697606,0.670629,0.686669,0.000362813
3,0.6875,0.09375,0.687771,0.667306,0.696365,0.000432134
3,0.6875,0.125,0.677938,0.663981,0.706059,0.000503719
3,0.6875,0.15625,0.668104,0.660656,0.715751,0.000576735
3,0.6875,0.1875,0.658268,0.65733,0.725443,0.000651121
3,0.6875,0.21875,0.648433,0.654004,0.735133,0.000726402
3,0.6875,0.25,0.638597,0.650676,0.744822,0.000803232
3,0.6875,0.28125,0.628762,0.647349,0.75451,0.000881016
3,0.6875,0.3125,0.618925,0.64402,0.764196,0.000960529
3,0.6875,0.34375,0.609089,0.64069,0.773881,0.00104117
3,0.6875,0.375,0.599252,0.63736,0.783564,0.00112313
3,0.6875,0.40625,0.589415,0.634029,0.793247,0.00120658
3,0.6875,0.4375,0.579578,0.630697,0.802928,0.00129086
3,0.6875,0.46875,0.569741,0.627365,0.812608,0.00137615
3,0.6875,0.5,0.559904,0.624032,0.822287,0.00146312
3,0.6875,0.53125,0.550067,0.620698,0.831965,0.00155091
3,0.6875,0.5625,0.540229,0.617364,0.841641,0.0016402
3,0.6875,0.59375,0.530392,0.614029,0.851317,0.00173038
3,0.6875,0.625,0.520554,0.610693,0.860991,0.00182146
3,0.6875,0.65625,0.510717,0.607356,0.870664,0.00191391
3,0.6875,0.6875,0.500879,0.604019,0.880336,0.00200748
3,0.6875,0.71875,0.491042,0.600681,0.890008,0.00210154
3,0.6875,0.75,0.481205,0.597342,0.899678,0.00219691
3,0.6875,0.78125,0.471367,0.594003,0.909348,0.00229293
3,0.6875,0.8125,0.46153,0.590662,0.919017,0.00238955
3,0.6875,0.84375,0.451693,0.587322,0.928685,0.00248694
3,0.6875,0.875,0.441855,0.58398,0.938352,0.00258553
3,0.6875,0.90625,0.432017,0.580638,0.948019,0.0026843
3,0.6875,0.9375,0.422181,0.577295,0.957685,0.0027836
3,0.6875,0.96875,0.412344,0.573952,0.967351,0.00288349
3,0.6875,1,0.402507,0.570607,0.977016,0.00298363
3,0.71875,0,0.748516,0.708518,0.698519,0.000233829
3,0.71875,0.03125,0.739669,0.705531,0.707249,0.000291884
3,0.71875,0.0625,0.730821,0.702543,0.715979,0.000350475
3,0.71875,0.09375,0.721973,0.699554,0.724708,0.000409544
3,0.71875,0.125,0.713125,0.696565,0.733435,0.000470936
3,0.71875,0.15625,0.704277,0.693575,0.742162,0.000533402
3,0.71875,0.1875,0.695428,0.690585,0.750888,0.000596702
3,0.71875,0.21875,0.686579,0.687594,0.759613,0.000660837
3,0.71875,0.25,0.67773,0.684603,0.768336,0.000726163
3,0.71875,0.28125,0.668881,0.681611,0.777059,0.000792146
3,0.71875,0.3125,0.660031,0.678619,0.785781,0.00085932
3,0.71875,0.34375,0.651181,0.675626,0.794502,0.000927687
3,0.71875,0.375,0.642331,0.672632,0.803222,0.000996828
3,0.71875,0.40625,0.633481,0.669638,0.811941,0.00106645
3,0.71875,0.4375,0.62463,0.666644,0.820659,0.00113773
3,0.71875,0.46875,0.61578,0.663648,0.829377,0.00120932
3,0.71875,0.5,0.606929,0.660653,0.838093,0.00128222
3,0.71875,0.53125,0.598078,0.657657,0.846808,0.00135565
3,0.71875,0.5625,0.589227,0.65466,0.855523,0.00143057
3,0.71875,0.59375,0.580377,0.651663,0.864236,0.00150609
3,0.71875,0.625,0.571526,0.648665,0.872949,0.0015825
3,0.71875,0.65625,0.562674,0.645667,0.88166,0.00165987
3,0.71875,0.6875,0.553823,0.642668,0.890372,0.00173748
3,0.71875,0.71875,0.544973,0.639669,0.899082,0.00181639
3,0.71875,0.75,0.536121,0.636669,0.907792,0.00189579
3,0.71875,0.78125,0.52727,0.633668,0.9165,0.00197637
3,0.71875,0.8125,0.518419,0.630667,0.925208,0.00205749
3,0.71875,0.84375,0.509568,0.627666,0.933916,0.00213909
3,0.71875,0.875,0.500717,0.624664,0.942622,0.00222147
3,0.71875,0.90625,0.491865,0.621661,0.951328,0.00230473
3,0.71875,0.9375,0.483015,0.618658,0.960034,0.00238806
3,0.71875,0.96875,0.474163,0.615655,0.968739,0.00247234
3,0.71875,1,0.465313,0.61265,0.977443,0.00255698
3,0.75,0,0.779761,0.739763,0.729764,0.000239134
3,0.75,0.03125,0.771899,0.737109,0.737526,0.000288844
3,0.75,0.0625,0.764036,0.734455,0.745287,0.00033927
3,0.75,0.09375,0.756174,0.731801,0.753049,0.000388801
3,0.75,0.125,0.748311,0.729146,0.760809,0.000440776
3,0.75,0.15625,0.740448,0.726491,0.768569,0.000493824
3,0.75,0.1875,0.732584,0.723835,0.776328,0.00054729
3,0.75,0.21875,0.724721,0.721179,0.784086,0.000601411
3,0.75,0.25,0.716857,0.718523,0.791844,0.000656247
3,0.75,0.28125,0.708993,0.715866,0.799601,0.00071162
3,0.75,0.3125,0.70113,0.713209,0.807357,0.000767946
3,0.75,0.34375,0.693265,0.710551,0.815112,0.000825167
3,0.75,0.375,0.685401,0.707894,0.822867,0.000882626
3,0.75,0.40625,0.677536,0.705235,0.830622,0.00094074
3,0.75,0.4375,0.669672,0.702577,0.838375,0.00100011
3,0.75,0.46875,0.661807,0.699917,0.846128,0.00105983
3,0.75,0.5,0.653942,0.697258,0.85388,0.00112045
3,0.75,0.53125,0.646077,0.694598,0.861631,0.00118142
3,0.75,0.5625,0.638212,0.691938,0.869382,0.00124335
3,0.75,0.59375,0.630347,0.689277,0.877132,0.0013057
3,0.75,0.625,0.622482,0.686616,0.884881,0.00136882
3,0.75,0.65625,0.614616,0.683955,0.89263,0.00143284
3,0.75,0.6875,0.606751,0.681293,0.900378,0.00149727
3,0.75,0.71875,0.598885,0.678631,0.908125,0.00156206
3,0.75,0.75,0.591019,0.675968,0.915872,0.00162768
3,0.75,0.78125,0.583154,0.673305,0.923618,0.00169426
3,0.75,0.8125,0.575289,0.670642,0.931364,0.00176102
3,0.75,0.84375,0.567423,0.667978,0.939109,0.00182873
3,0.75,0.875,0.559558,0.665314,0.946853,0.0018968
3,0.75,0.90625,0.551692,0.66265,0.954597,0.00196511
3,0.75,0.9375,0.543828,0.659984,0.962341,0.00203389
3,0.75,0.96875,0.535961,0.657319,0.970084,0.00210363
3,0.75,1,0.528095,0.654654,0.977826,0.00217384
3,0.78125,0,0.811005,0.771008,0.761009,0.000244558
3,0.78125,0.03125,0.804128,0.768687,0.767802,0.000286281
3,0.78125,0.0625,0.79725,0.766367,0.774596,0.000328183
3,0.78125,0.09375,0.790372,0.764046,0.781388,0.000370145
3,0.78125,0.125,0.783494,0.761725,0.788181,0.00041312
3,0.78125,0.15625,0.776615,0.759403,0.794972,0.000457287
3,0.78125,0.1875,0.769737,0.757082,0.801764,0.00050205
3,0.78125,0.21875,0.762858,0.75476,0.808555,0.000546992
3,0.78125,0.25,0.75598,0.752437,0.815345,0.000592589
3,0.78125,0.28125,0.7491,0.750115,0.822135,0.000638664
3,0.78125,0.3125,0.742221,0.747792,0.828924,0.000685036
3,0.78125,0.34375,0.735342,0.745469,0.835713,0.000732362
3,0.78125,0.375,0.728462,0.743146,0.842501,0.000779808
3,0.78125,0.40625,0.721583,0.740822,0.849289,0.000827968
3,0.78125,0.4375,0.714703,0.738498,0.856077,0.000876427
3,0.78125,0.46875,0.707823,0.736175,0.862864,0.000925303
3,0.78125,0.5,0.700944,0.73385,0.86965,0.000974834
3,0.78125,0.53125,0.694064,0.731525,0.876436,0.00102478
3,0.78125,0.5625,0.687184,0.7292,0.883221,0.00107545
3,0.78125,0.59375,0.680304,0.726875,0.890006,0.00112641
3,0.78125,0.625,0.673425,0.724549,0.896791,0.00117755
3,0.78125,0.65625,0.666544,0.722223,0.903575,0.00122988
3,0.78125,0.6875,0.659664,0.719897,0.910358,0.00128227
3,0.78125,0.71875,0.652783,0.717571,0.917141,0.00133532
3,0.78125,0.75,0.645903,0.715244,0.923924,0.00138843
3,0.78125,0.78125,0.639022,0.712917,0.930706,0.00144237
3,0.78125,0.8125,0.632142,0.71059,0.937488,0.00149643
3,0.78125,0.84375,0.625261,0.708263,0.944269,0.00155139
3,0.78125,0.875,0.618381,0.705935,0.95105,0.00160652
3,0.78125,0.90625,0.6115,0.703607,0.95783,0.00166231
3,0.78125,0.9375,0.60462,0.701279,0.96461,0.00171834
3,0.78125,0.96875,0.597738,0.69895,0.971389,0.00177473
3,0.78125,1,0.590858,0.696621,0.978168,0.00183159
3,0.8125,0,0.842251,0.802253,0.792253,0.000249028
3,0.8125,0.03125,0.836357,0.800265,0.798078,0.000283301
3,0.8125,0.0625,0.830463,0.798278,0.803902,0.000318706
3,0.8125,0.09375,0.824568,0.79629,0.809726,0.000353456
3,0.8125,0.125,0.818674,0.794302,0.815549,0.000388384
3,0.8125,0.15625,0.81278,0.792313,0.821373,0.000424087
3,0.8125,0.1875,0.806886,0.790325,0.827195,0.000460863
3,0.8125,0.21875,0.800991,0.788336,0.833018,0.000497401
3,0.8125,0.25,0.795097,0.786348,0.838841,0.000534475
3,0.8125,0.28125,0.789201,0.784358,0.844663,0.000571728
3,0.8125,0.3125,0.783307,0.782369,0.850484,0.000609636
3,0.8125,0.34375,0.777411,0.78038,0.856305,0.000647843
3,0.8125,0.375,0.771517,0.77839,0.862126,0.000686347
3,0.8125,0.40625,0.765621,0.7764,0.867947,0.000725091
3,0.8125,0.4375,0.759726,0.77441,0.873767,0.000764191
3,0.8125,0.46875,0.753831,0.77242,0.879587,0.000803649
3,0.8125,0.5,0.747936,0.770429,0.885406,0.000843704
3,0.8125,0.53125,0.742041,0.768439,0.891226,0.000883758
3,0.8125,0.5625,0.736145,0.766448,0.897044,0.000924349
3,0.8125,0.59375,0.730249,0.764457,0.902863,0.000965416
3,0.8125,0.625,0.724354,0.762467,0.908681,0.00100636
3,0.8125,0.65625,0.718458,0.760475,0.914499,0.00104797
3,0.8125,0.6875,0.712562,0.758484,0.920317,0.00108957
3,0.8125,0.71875,0.706667,0.756492,0.926133,0.00113225
3,0.8125,0.75,0.70077,0.7545,0.93195,0.00117457
3,0.8125,0.78125,0.694874,0.752508,0.937767,0.00121731
3,0.8125,0.8125,0.688979,0.750516,0.943583,0.00126052
3,0.8125,0.84375,0.683083,0.748523,0.949399,0.00130397
3,0.8125,0.875,0.677187,0.746531,0.955215,0.00134784
3,0.8125,0.90625,0.67129,0.744538,0.96103,0.00139207
3,0.8125,0.9375,0.665395,0.742544,0.966845,0.00143653
3,0.8125,0.96875,0.659498,0.740552,0.972659,0.00148124
3,0.8125,1,0.653602,0.738558,0.978474,0.00152618
3,0.84375,0,0.873497,0.833498,0.823499,0.000253439
3,0.84375,0.03125,0.868585,0.831843,0.828354,0.00028193
3,0.84375,0.0625,0.863675,0.830188,0.833208,0.000309587
3,0.84375,0.09375,0.858765,0.828532,0.838063,0.000337005
3,0.84375,0.125,0.853854,0.826876,0.842917,0.000364959
3,0.84375,0.15625,0.848943,0.825221,0.847771,0.000393212
3,0.84375,0.1875,0.844031,0.823565,0.852625,0.000422359
3,0.84375,0.21875,0.83912,0.821909,0.857478,0.000451744
3,0.84375,0.25,0.83421,0.820253,0.862331,0.000481188
3,0.84375,0.28125,0.829299,0.818596,0.867185,0.000510693
3,0.84375,0.3125,0.824388,0.81694,0.872038,0.000540614
3,0.84375,0.34375,0.819476,0.815284,0.87689,0.000570953
3,0.84375,0.375,0.814565,0.813627,0.881743,0.000601113
3,0.84375,0.40625,0.809653,0.81197,0.886595,0.000631869
3,0.84375,0.4375,0.804742,0.810314,0.891447,0.000662506
3,0.84375,0.46875,0.79983,0.808657,0.896299,0.00069356
3,0.84375,0.5,0.794918,0.806999,0.90115,0.000724792
3,0.84375,0.53125,0.790007,0.805342,0.906001,0.000756443
3,0.84375,0.5625,0.785095,0.803685,0.910852,0.000788152
3,0.84375,0.59375,0.780183,0.802028,0.915704,0.000819802
3,0.84375,0.625,0.775272,0.80037,0.920554,0.000851929
3,0.84375,0.65625,0.77036,0.798712,0.925405,0.000884473
3,0.84375,0.6875,0.765448,0.797054,0.930255,0.000916719
3,0.84375,0.71875,0.760537,0.795396,0.935105,0.000949681
3,0.84375,0.75,0.755625,0.793738,0.939955,0.000982761
3,0.84375,0.78125,0.750713,0.79208,0.944804,0.0010159
3,0.84375,0.8125,0.7458,0.790422,0.949654,0.00104934
3,0.84375,0.84375,0.740888,0.788763,0.954503,0.00108308
3,0.84375,0.875,0.735976,0.787104,0.959352,0.00111693
3,0.84375,0.90625,0.731064,0.785446,0.964201,0.00115079
3,0.84375,0.9375,0.726152,0.783787,0.969049,0.00118512
3,0.84375,0.96875,0.72124,0.782128,0.973898,0.00121969
3,0.84375,1,0.716327,0.780469,0.978746,0.00125426
3,0.875,0,0.904742,0.864744,0.854745,0.000258267
3,0.875,0.03125,0.900814,0.863421,0.858629,0.000279486
3,0.875,0.0625,0.896887,0.862097,0.862514,0.000300944
3,0.875,0.09375,0.892959,0.860774,0.866398,0.00032258
3,0.875,0.125,0.889031,0.85945,0.870282,0.000344157
3,0.875,0.15625,0.885103,0.858126,0.874167,0.000365555
3,0.875,0.1875,0.881175,0.856802,0.87805,0.000387311
3,0.875,0.21875,0.877248,0.855478,0.881934,0.000409544
3,0.875,0.25,0.873319,0.854154,0.885818,0.000432074
3,0.875,0.28125,0.869392,0.85283,0.889702,0.000454664
3,0.875,0.3125,0.865463,0.851506,0.893585,0.000477672
3,0.875,0.34375,0.861535,0.850182,0.897468,0.000500321
3,0.875,0.375,0.857607,0.848858,0.901352,0.000523269
3,0.875,0.40625,0.853679,0.847533,0.905235,0.000546575
3,0.875,0.4375,0.849751,0.846209,0.909118,0.00056982
3,0.875,0.46875,0.845822,0.844885,0.913,0.000593603
3,0.875,0.5,0.841894,0.84356,0.916883,0.000616968
3,0.875,0.53125,0.837965,0.842235,0.920765,0.00064081
3,0.875,0.5625,0.834037,0.840911,0.924648,0.000664413
3,0.875,0.59375,0.830109,0.839586,0.92853,0.000688493
3,0.875,0.625,0.826181,0.838261,0.932412,0.000712693
3,0.875,0.65625,0.822252,0.836936,0.936295,0.000736475
3,0.875,0.6875,0.818323,0.835611,0.940177,0.000760913
3,0.875,0.71875,0.814395,0.834286,0.944058,0.00078553
3,0.875,0.75,0.810467,0.83296,0.94794,0.000810087
3,0.875,0.78125,0.806538,0.831636,0.951822,0.000834763
3,0.875,0.8125,0.802609,0.83031,0.955703,0.000859916
3,0.875,0.84375,0.79868,0.828985,0.959584,0.000885189
3,0.875,0.875,0.794752,0.827659,0.963465,0.000909865
3,0.875,0.90625,0.790823,0.826334,0.967346,0.000935376
3,0.875,0.9375,0.786893,0.825009,0.971227,0.000960886
3,0.875,0.96875,0.782965,0.823683,0.975108,0.000985801
3,0.875,1,0.779037,0.822357,0.978988,0.00101179
3,0.90625,0,0.935987,0.89599,0.885991,0.000262499
3,0.90625,0.03125,0.933043,0.894998,0.888905,0.000277638
3,0.90625,0.0625,0.930097,0.894006,0.891819,0.000293195
3,0.90625,0.09375,0.927152,0.893014,0.894733,0.000308633
3,0.90625,0.125,0.924207,0.892022,0.897646,0.000324428
3,0.90625,0.15625,0.921261,0.89103,0.90056,0.000340283
3,0.90625,0.1875,0.918317,0.890037,0.903474,0.000355303
3,0.90625,0.21875,0.915371,0.889045,0.906387,0.000371158
3,0.90625,0.25,0.912426,0.888052,0.909301,0.000386655
3,0.90625,0.28125,0.90948,0.88706,0.912214,0.000402987
3,0.90625,0.3125,0.906535,0.886068,0.915128,0.000419259
3,0.90625,0.34375,0.903589,0.885075,0.918041,0.000435591
3,0.90625,0.375,0.900643,0.884083,0.920954,0.000452101
3,0.90625,0.40625,0.897698,0.88309,0.923867,0.000468552
3,0.90625,0.4375,0.894753,0.882097,0.926781,0.000485063
3,0.90625,0.46875,0.891807,0.881105,0.929693,0.000501931
3,0.90625,0.5,0.888862,0.880112,0.932607,0.000518382
3,0.90625,0.53125,0.885916,0.87912,0.935519,0.000535369
3,0.90625,0.5625,0.88297,0.878127,0.938432,0.000552237
3,0.90625,0.59375,0.880026,0.877134,0.941345,0.000568926
3,0.90625,0.625,0.877079,0.876142,0.944258,0.000585973
3,0.90625,0.65625,0.874134,0.875148,0.94717,0.00060302
3,0.90625,0.6875,0.871188,0.874156,0.950083,0.000620067
3,0.90625,0.71875,0.868243,0.873163,0.952995,0.00063771
3,0.90625,0.75,0.865296,0.87217,0.955908,0.000654638
3,0.90625,0.78125,0.86235,0.871177,0.95882,0.000671923
3,0.90625,0.8125,0.859405,0.870184,0.961732,0.000689447
3,0.90625,0.84375,0.856459,0.869191,0.964645,0.000706851
3,0.90625,0.875,0.853514,0.868197,0.967557,0.000724494
3,0.90625,0.90625,0.850567,0.867205,0.970469,0.000742018
3,0.90625,0.9375,0.847621,0.866211,0.973381,0.00075978
3,0.90625,0.96875,0.844675,0.865218,0.976293,0.000777662
3,0.90625,1,0.84173,0.864225,0.979205,0.000795066
3,0.9375,0,0.967235,0.927236,0.917237,0.000265181
3,0.9375,0.03125,0.965271,0.926576,0.91918,0.000275671
3,0.9375,0.0625,0.963309,0.925914,0.921123,0.000285089
3,0.9375,0.09375,0.961345,0.925253,0.923066,0.000295341
3,0.9375,0.125,0.959382,0.924592,0.925009,0.000305593
3,0.9375,0.15625,0.957418,0.923931,0.926952,0.000316203
3,0.9375,0.1875,0.955456,0.92327,0.928895,0.000325382
3,0.9375,0.21875,0.953492,0.922609,0.930838,0.000336349
3,0.9375,0.25,0.951529,0.921948,0.93278,0.000345767
3,0.9375,0.28125,0.949566,0.921287,0.934723,0.000356257
3,0.9375,0.3125,0.947602,0.920625,0.936665,0.000366747
3,0.9375,0.34375,0.94564,0.919964,0.938608,0.000376046
3,0.9375,0.375,0.943676,0.919303,0.940551,0.000386536
3,0.9375,0.40625,0.941713,0.918641,0.942494,0.000397027
3,0.9375,0.4375,0.93975,0.91798,0.944436,0.000407398
3,0.9375,0.46875,0.937786,0.917319,0.946379,0.000417888
3,0.9375,0.5,0.935823,0.916658,0.948321,0.000428617
3,0.9375,0.53125,0.933859,0.915997,0.950264,0.000439107
3,0.9375,0.5625,0.931896,0.915335,0.952207,0.000449717
3,0.9375,0.59375,0.929933,0.914674,0.954149,0.000460446
3,0.9375,0.625,0.927969,0.914012,0.956092,0.000470936
3,0.9375,0.65625,0.926006,0.913351,0.958034,0.000481546
3,0.9375,0.6875,0.924043,0.91269,0.959976,0.000492513
3,0.9375,0.71875,0.92208,0.912028,0.961919,0.000503123
3,0.9375,0.75,0.920116,0.911367,0.963861,0.00051409
3,0.9375,0.78125,0.918153,0.910705,0.965803,0.000524819
3,0.9375,0.8125,0.916189,0.910044,0.967746,0.000535548
3,0.9375,0.84375,0.914226,0.909382,0.969688,0.000546515
3,0.9375,0.875,0.912262,0.908721,0.97163,0.000557482
3,0.9375,0.90625,0.910299,0.90806,0.973572,0.00056833
3,0.9375,0.9375,0.908336,0.907398,0.975514,0.000579417
3,0.9375,0.96875,0.906372,0.906736,0.977457,0.000590265
3,0.9375,1,0.904408,0.906075,0.979399,0.000601113
3,0.96875,0,0.998481,0.958483,0.948484,0.000268996
3,0.96875,0.03125,0.997499,0.958153,0.949455,0.000274003
3,0.96875,0.0625,0.996518,0.957823,0.950427,0.000278652
3,0.96875,0.09375,0.995537,0.957492,0.951398,0.000283301
3,0.96875,0.125,0.994555,0.957162,0.95237,0.000288308
3,0.96875,0.15625,0.993574,0.956831,0.953342,0.000293434
3,0.96875,0.1875,0.992592,0.956501,0.954313,0.000298679
3,0.96875,0.21875,0.991611,0.956171,0.955285,0.000303447
3,0.96875,0.25,0.990629,0.95584,0.956257,0.000308335
3,0.96875,0.28125,0.989648,0.95551,0.957228,0.000312984
3,0.96875,0.3125,0.988667,0.955179,0.9582,0.000317156
3,0.96875,0.34375,0.987685,0.954849,0.959171,0.000322521
3,0.96875,0.375,0.986704,0.954518,0.960143,0.000327408
3,0.96875,0.40625,0.985722,0.954188,0.961115,0.000332654
3,0.96875,0.4375,0.984741,0.953857,0.962086,0.000336826
3,0.96875,0.46875,0.983759,0.953527,0.963058,0.000342309
3,0.96875,0.5,0.982778,0.953197,0.964029,0.000346959
3,0.96875,0.53125,0.981797,0.952866,0.965001,0.000351489
3,0.96875,0.5625,0.980815,0.952536,0.965972,0.000356615
3,0.96875,0.59375,0.979833,0.952206,0.966944,0.000361979
3,0.96875,0.625,0.978852,0.951875,0.967915,0.000366628
3,0.96875,0.65625,0.977871,0.951544,0.968887,0.000371516
3,0.96875,0.6875,0.976889,0.951214,0.969858,0.000376403
3,0.96875,0.71875,0.975908,0.950883,0.97083,0.000381172
3,0.96875,0.75,0.974926,0.950553,0.971801,0.000386298
3,0.96875,0.78125,0.973945,0.950223,0.972773,0.000391304
3,0.96875,0.8125,0.972964,0.949892,0.973744,0.00039643
3,0.96875,0.84375,0.971982,0.949562,0.974716,0.000401556
3,0.96875,0.875,0.971001,0.949231,0.975687,0.000406325
3,0.96875,0.90625,0.970019,0.948901,0.976659,0.00041157
3,0.96875,0.9375,0.969037,0.94857,0.97763,0.000416934
3,0.96875,0.96875,0.968056,0.94824,0.978602,0.000421464
3,0.96875,1,0.967074,0.947909,0.979573,0.000427067
3,1,0,0.995814,0.985822,0.97583,0.00418609
3,1,0.03125,0.995814,0.985822,0.97583,0.00418609
3,1,0.0625,0.995814,0.985822,0.97583,0.00418609
3,1,0.09375,0.995814,0.985822,0.97583,0.00418609
3,1,0.125,0.995814,0.985822,0.97583,0.00418609
3,1,0.15625,0.995814,0.985822,0.97583,0.00418609
3,1,0.1875,0.995814,0.985822,0.97583,0.00418609
3,1,0.21875,0.995814,0.985822,0.97583,0.00418609
3,1,0.25,0.995814,0.985822,0.97583,0.00418609
3,1,0.28125,0.995814,0.985822,0.97583,0.00418609
3,1,0.3125,0.995814,0.985822,0.97583,0.00418609
3,1,0.34375,0.995814,0.985822,0.97583,0.00418609
3,1,0.375,0.995814,0.985822,0.97583,0.00418609
3,1,0.40625,0.995814,0.985822,0.97583,0.00418609
3,1,0.4375,0.995814,0.985822,0.97583,0.00418609
3,1,0.46875,0.995814,0.985822,0.97583,0.00418609
3,1,0.5,0.995814,0.985822,0.97583,0.00418609
3,1,0.53125,0.995814,0.985822,0.97583,0.00418609
3,1,0.5625,0.995814,0.985822,0.97583,0.00418609
3,1,0.59375,0.995814,0.985822,0.97583,0.00418609
3,1,0.625,0.995814,0.985822,0.97583,0.00418609
3,1,0.65625,0.995814,0.985822,0.97583,0.00418609
3,1,0.6875,0.995814,0.985822,0.97583,0.00418609
3,1,0.71875,0.995814,0.985822,0.97583,0.00418609
3,1,0.75,0.995814,0.985822,0.97583,0.00418609
3,1,0.78125,0.995814,0.985822,0.97583,0.00418609
3,1,0.8125,0.995814,0.985822,0.97583,0.00418609
3,1,0.84375,0.995814,0.985822,0.97583,0.00418609
3,1,0.875,0.995814,0.985822,0.97583,0.00418609
3,1,0.90625,0.995814,0.985822,0.97583,0.00418609
3,1,0.9375,0.995814,0.985822,0.97583,0.00418609
3,1,0.96875,0.995814,0.985822,0.97583,0.00418609
3,1,1,0.995814,0.985822,0.97583,0.00418609
4,0,0,0.0671708,0.00945508,0.00636459,0.0371708
4,0,0.03125,0.0671708,0.00945508,0.00636459,0.0371708
4,0,0.0625,0.0671708,0.00945508,0.00636459,0.0371708
4,0,0.09375,0.0671708,0.00945508,0.00636459,0.0371708
4,0,0.125,0.0671708,0.00945508,0.00636459,0.0371708
4,0,0.15625,0.0671708,0.00945508,0.00636459,0.0371708
4,0,0.1875,0.0671708,0.00945508,0.00636459,0.0371708
4,0,0.21875,0.0671708,0.00945508,0.00636459,0.0371708
4,0,0.25,0.0671708,0.00945508,0.00636459,0.0371708
4,0,0.28125,0.0671708,0.00945508,0.00636459,0.0371708
4,0,0.3125,0.0671708,0.00945508,0.00636459,0.0371708
4,0,0.34375,0.0671708,0.00945508,0.00636459,0.0371708
4,0,0.375,0.0671708,0.00945508,0.00636459,0.0371708
4,0,0.40625,0.0671708,0.00945508,0.00636459,0.0371708
4,0,0.4375,0.0671708,0.00945508,0.00636459,0.0371708
4,0,0.46875,0.0671708,0.00945508,0.00636459,0.0371708
4,0,0.5,0.0671708,0.00945508,0.00636459,0.0371708
4,0,0.53125,0.0671708,0.00945508,0.00636459,0.0371708
4,0,0.5625,0.0671708,0.00945508,0.00636459,0.0371708
4,0,0.59375,0.0671708,0.00945508,0.00636459,0.0371708
4,0,0.625,0.0671708,0.00945508,0.00636459,0.0371708
4,0,0.65625,0.0671708,0.00945508,0.00636459,0.0371708
4,0,0.6875,0.0671708,0.00945508,0.00636459,0.0371708
4,0,0.71875,0.0671708,0.00945508,0.00636459,0.0371708
4,0,0.75,0.0671708,0.00945508,0.00636459,0.0371708
4,0,0.78125,0.0671708,0.00945508,0.00636459,0.0371708
4,0,0.8125,0.0671708,0.00945508,0.00636459,0.0371708
4,0,0.84375,0.0671708,0.00945508,0.00636459,0.0371708
4,0,0.875,0.0671708,0.00945508,0.00636459,0.0371708
4,0,0.90625,0.0671708,0.00945508,0.00636459,0.0371708
4,0,0.9375,0.0671708,0.00945508,0.00636459,0.0371708
4,0,0.96875,0.0671708,0.00945508,0.00636459,0.0371708
4,0,1,0.0671708,0.00945508,0.00636459,0.0371708
4,0.03125,0,0.0612822,0.0212704,0.0112637,3.22387e-05
4,0.03125,0.03125,0.0602735,0.0209244,0.0122266,4.65661e-08
4,0.03125,0.0625,0.0592968,0.020599,0.0132031,4.47035e-08
4,0.03125,0.09375,0.0583202,0.0202734,0.0141797,7.45058e-08
4,0.03125,0.125,0.0573438,0.0199479,0.0151562,3.53903e-08
4,0.03125,0.15625,0.0563672,0.0196224,0.0161328,2.98023e-08
4,0.03125,0.1875,0.0553906,0.0192969,0.0171094,2.23517e-08
4,0.03125,0.21875,0.054414,0.0189714,0.0180859,5.96046e-08
4,0.03125,0.25,0.0534375,0.0186458,0.0190625,4.09782e-08
4,0.03125,0.28125,0.0524609,0.0183203,0.0200391,1.86265e-08
4,0.03125,0.3125,0.0514844,0.0179948,0.0210156,2.98023e-08
4,0.03125,0.34375,0.0505078,0.0176693,0.0219922,5.96046e-08
4,0.03125,0.375,0.0495312,0.0173437,0.0229688,2.23517e-08
4,0.03125,0.40625,0.0485547,0.0170182,0.0239453,2.98023e-08
4,0.03125,0.4375,0.0475781,0.0166927,0.0249219,1.11759e-08
4,0.03125,0.46875,0.0466015,0.0163672,0.0258984,1.49012e-08
4,0.03125,0.5,0.045625,0.0160416,0.026875,2.23517e-08
4,0.03125,0.53125,0.0446484,0.0157162,0.0278515,5.96046e-08
4,0.03125,0.5625,0.0436718,0.0153906,0.0288281,2.98023e-08
4,0.03125,0.59375,0.0426953,0.0150651,0.0298047,2.98023e-08
4,0.03125,0.625,0.0417187,0.0147396,0.0307813,2.98023e-08
4,0.03125,0.65625,0.0407422,0.0144141,0.0317578,1.86265e-08
4,0.03125,0.6875,0.0397656,0.0140886,0.0327343,5.21541e-08
4,0.03125,0.71875,0.0387891,0.013763,0.0337109,1.86265e-08
4,0.03125,0.75,0.0378126,0.0134375,0.0346875,6.33299e-08
4,0.03125,0.78125,0.0368359,0.013112,0.035664,2.98023e-08
4,0.03125,0.8125,0.0358594,0.0127865,0.0366406,1.21072e-08
4,0.03125,0.84375,0.0348828,0.012461,0.0376172,5.58794e-08
4,0.03125,0.875,0.0339062,0.0121354,0.0385938,2.6077e-08
4,0.03125,0.90625,0.0329297,0.0118099,0.0395703,2.32831e-08
4,0.03125,0.9375,0.0319531,0.0114844,0.0405468,2.6077e-08
4,0.03125,0.96875,0.0309766,0.0111588,0.0415234,3.35276e-08
4,0.03125,1,0.03,0.0108333,0.0425,2.04891e-08
4,0.0625,0,0.0931204,0.0530772,0.0430649,0.000620447
4,0.0625,0.03125,0.0910808,0.0523462,0.0449415,0.000533931
4,0.0625,0.0625,0.0890402,0.0516143,0.0468166,0.000446416
4,0.0625,0.09375,0.0869984,0.0508812,0.0486902,0.00035774
4,0.0625,0.125,0.0849558,0.0501469,0.0505621,0.000268348
4,0.0625,0.15625,0.0829123,0.0494116,0.0524322,0.000177927
4,0.0625,0.1875,0.0808679,0.0486751,0.0543004,8.6613e-05
4,0.0625,0.21875,0.0788281,0.0479427,0.0561718,5.58794e-08
4,0.0625,0.25,0.076875,0.0472917,0.058125,3.35276e-08
4,0.0625,0.28125,0.0749218,0.0466406,0.0600781,8.19564e-08
4,0.0625,0.3125,0.0729688,0.0459896,0.0620312,4.09782e-08
4,0.0625,0.34375,0.0710157,0.0453385,0.0639844,7.45058e-08
4,0.0625,0.375,0.0690626,0.0446874,0.0659374,8.9407e-08
4,0.0625,0.40625,0.0671094,0.0440364,0.0678906,4.47035e-08
4,0.0625,0.4375,0.0651563,0.0433854,0.0698437,8.9407e-08
4,0.0625,0.46875,0.0632031,0.0427344,0.0717969,2.98023e-08
4,0.0625,0.5,0.06125,0.0420833,0.07375,3.72529e-08
4,0.0625,0.53125,0.0592969,0.0414323,0.0757031,2.23517e-08
4,0.0625,0.5625,0.0573437,0.0407813,0.0776562,8.19564e-08
4,0.0625,0.59375,0.0553907,0.0401302,0.0796093,8.9407e-08
4,0.0625,0.625,0.0534375,0.0394791,0.0815625,3.72529e-08
4,0.0625,0.65625,0.0514843,0.0388281,0.0835155,1.11759e-07
4,0.0625,0.6875,0.0495311,0.0381771,0.0854687,1.04308e-07
4,0.0625,0.71875,0.047578,0.0375261,0.0874218,1.11759e-07
4,0.0625,0.75,0.045625,0.036875,0.089375,4.84288e-08
4,0.0625,0.78125,0.0436719,0.0362239,0.0913281,5.21541e-08
4,0.0625,0.8125,0.0417187,0.0355729,0.0932812,5.21541e-08
4,0.0625,0.84375,0.0397656,0.0349219,0.0952344,2.23517e-08
4,0.0625,0.875,0.0378125,0.0342708,0.0971875,3.72529e-08
4,0.0625,0.90625,0.0358594,0.0336198,0.0991405,8.19564e-08
4,0.0625,0.9375,0.0339063,0.0329687,0.101094,5.21541e-08
4,0.0625,0.96875,0.031953,0.0323177,0.103047,1.11759e-07
4,0.0625,1,0.03,0.0316666,0.105,4.84288e-08
4,0.09375,0,0.124149,0.0841266,0.0741206,0.000399284
4,0.09375,0.03125,0.121117,0.083054,0.0769569,0.000296779
4,0.09375,0.0625,0.118083,0.0819798,0.0797909,0.000192799
4,0.09375,0.09375,0.115049,0.0809038,0.0826224,8.78051e-05
4,0.09375,0.125,0.112031,0.0798437,0.0854687,5.21541e-08
4,0.09375,0.15625,0.109101,0.0788672,0.0883984,8.19564e-08
4,0.09375,0.1875,0.106172,0.0778906,0.0913281,4.47035e-08
4,0.09375,0.21875,0.103242,0.076914,0.0942578,8.9407e-08
4,0.09375,0.25,0.100313,0.0759375,0.0971875,5.21541e-08
4,0.09375,0.28125,0.0973827,0.074961,0.100117,1.56462e-07
4,0.09375,0.3125,0.0944531,0.0739844,0.103047,9.68575e-08
4,0.09375,0.34375,0.0915234,0.0730078,0.105976,6.70552e-08
4,0.09375,0.375,0.0885937,0.0720313,0.108906,8.19564e-08
4,0.09375,0.40625,0.0856642,0.0710546,0.111836,1.56462e-07
4,0.09375,0.4375,0.0827344,0.0700781,0.114766,7.45058e-08
4,0.09375,0.46875,0.0798047,0.0691016,0.117695,5.21541e-08
4,0.09375,0.5,0.076875,0.068125,0.120625,5.21541e-08
4,0.09375,0.53125,0.0739452,0.0671485,0.123555,8.19564e-08
4,0.09375,0.5625,0.0710156,0.0661718,0.126484,7.45058e-08
4,0.09375,0.59375,0.0680859,0.0651953,0.129414,4.47035e-08
4,0.09375,0.625,0.0651563,0.0642187,0.132344,1.04308e-07
4,0.09375,0.65625,0.0622265,0.0632422,0.135273,7.45058e-08
4,0.09375,0.6875,0.0592969,0.0622656,0.138203,5.21541e-08
4,0.09375,0.71875,0.0563671,0.0612891,0.141133,9.68575e-08
4,0.09375,0.75,0.0534375,0.0603125,0.144062,7.45058e-08
4,0.09375,0.78125,0.0505079,0.0593359,0.146992,5.21541e-08
4,0.09375,0.8125,0.0475781,0.0583594,0.149922,3.72529e-08
4,0.09375,0.84375,0.0446483,0.0573828,0.152852,9.68575e-08
4,0.09375,0.875,0.0417188,0.0564062,0.155781,6.70552e-08
4,0.09375,0.90625,0.0387892,0.0554296,0.158711,1.2666e-07
4,0.09375,0.9375,0.0358593,0.0544531,0.161641,3.72529e-08
4,0.09375,0.96875,0.0329297,0.0534765,0.16457,7.45058e-08
4,0.09375,1,0.0300001,0.0524999,0.1675,8.75443e-08
4,0.125,0,0.155258,0.115246,0.105243,0.000258118
4,0.125,0.03125,0.151239,0.113837,0.109044,0.000145435
4,0.125,0.0625,0.147219,0.112426,0.112842,3.11434e-05
4,0.125,0.09375,0.143281,0.111094,0.116719,8.9407e-08
4,0.125,0.125,0.139375,0.109792,0.120625,1.11759e-07
4,0.125,0.15625,0.135469,0.10849,0.124531,8.19564e-08
4,0.125,0.1875,0.131562,0.107187,0.128437,1.04308e-07
4,0.125,0.21875,0.127656,0.105885,0.132344,6.70552e-08
4,0.125,0.25,0.12375,0.104583,0.13625,7.45058e-08
4,0.125,0.28125,0.119844,0.103281,0.140156,8.9407e-08
4,0.125,0.3125,0.115938,0.101979,0.144062,1.2666e-07
4,0.125,0.34375,0.112031,0.100677,0.147969,6.70552e-08
4,0.125,0.375,0.108125,0.099375,0.151875,7.45058e-08
4,0.125,0.40625,0.104219,0.0980729,0.155781,4.47035e-08
4,0.125,0.4375,0.100313,0.0967708,0.159687,8.19564e-08
4,0.125,0.46875,0.0964063,0.0954687,0.163594,8.9407e-08
4,0.125,0.5,0.0925,0.0941667,0.1675,1.3411e-07
4,0.125,0.53125,0.0885938,0.0928645,0.171406,1.04308e-07
4,0.125,0.5625,0.0846876,0.0915625,0.175312,5.21541e-08
4,0.125,0.59375,0.0807812,0.0902604,0.179219,7.45058e-08
4,0.125,0.625,0.0768749,0.0889583,0.183125,1.11759e-07
4,0.125,0.65625,0.0729687,0.0876562,0.187031,4.47035e-08
4,0.125,0.6875,0.0690625,0.0863541,0.190937,5.96046e-08
4,0.125,0.71875,0.0651564,0.085052,0.194844,1.04308e-07
4,0.125,0.75,0.06125,0.08375,0.19875,4.47035e-08
4,0.125,0.78125,0.0573436,0.0824479,0.202656,1.56462e-07
4,0.125,0.8125,0.0534376,0.0811458,0.206562,1.04308e-07
4,0.125,0.84375,0.0495312,0.0798437,0.210469,1.04308e-07
4,0.125,0.875,0.045625,0.0785416,0.214375,7.45058e-08
4,0.125,0.90625,0.041719,0.0772395,0.218281,2.5332e-07
4,0.125,0.9375,0.0378124,0.0759376,0.222187,1.04308e-07
4,0.125,0.96875,0.0339063,0.0746354,0.226094,7.45058e-08
4,0.125,1,0.03,0.0733334,0.23,7.45058e-08
4,0.15625,0,0.18641,0.146404,0.136402,0.000160307
4,0.15625,0.03125,0.181408,0.144661,0.141172,4.05312e-05
4,0.15625,0.0625,0.176484,0.142995,0.146015,1.3411e-07
4,0.15625,0.09375,0.171602,0.141367,0.150898,1.04308e-07
4,0.15625,0.125,0.166719,0.13974,0.155781,2.08616e-07
4,0.15625,0.15625,0.161836,0.138112,0.160664,5.96046e-08
4,0.15625,0.1875,0.156953,0.136484,0.165547,5.96046e-08
4,0.15625,0.21875,0.15207,0.134857,0.17043,1.3411e-07
4,0.15625,0.25,0.147187,0.133229,0.175312,2.98023e-07
4,0.15625,0.28125,0.142305,0.131601,0.180195,1.3411e-07
4,0.15625,0.3125,0.137422,0.129974,0.185078,5.96046e-08
4,0.15625,0.34375,0.132539,0.128346,0.189961,8.9407e-08
4,0.15625,0.375,0.127656,0.126719,0.194844,1.78814e-07
4,0.15625,0.40625,0.122773,0.125091,0.199726,1.04308e-07
4,0.15625,0.4375,0.117891,0.123463,0.204609,5.96046e-08
4,0.15625,0.46875,0.113008,0.121836,0.209492,1.41561e-07
4,0.15625,0.5,0.108125,0.120208,0.214375,1.63913e-07
4,0.15625,0.53125,0.103242,0.118581,0.219258,1.56462e-07
4,0.15625,0.5625,0.0983593,0.116953,0.22414,1.3411e-07
4,0.15625,0.59375,0.0934764,0.115326,0.229023,1.56462e-07
4,0.15625,0.625,0.0885939,0.113698,0.233906,1.71363e-07
4,0.15625,0.65625,0.0837109,0.11207,0.238789,8.19564e-08
4,0.15625,0.6875,0.0788282,0.110443,0.243672,1.11759e-07
4,0.15625,0.71875,0.0739453,0.108815,0.248555,4.47035e-08
4,0.15625,0.75,0.0690625,0.107187,0.253437,7.45058e-08
4,0.15625,0.78125,0.0641796,0.10556,0.25832,8.9407e-08
4,0.15625,0.8125,0.0592969,0.103932,0.263203,2.98023e-08
4,0.15625,0.84375,0.0544143,0.102305,0.268086,2.6077e-07
4,0.15625,0.875,0.0495312,0.100677,0.272969,5.96046e-08
4,0.15625,0.90625,0.0446482,0.0990495,0.277851,2.08616e-07
4,0.15625,0.9375,0.0397657,0.0974218,0.282734,7.45058e-08
4,0.15625,0.96875,0.0348826,0.0957944,0.287617,2.08616e-07
4,0.15625,1,0.0300001,0.0941666,0.2925,6.70552e-08
4,0.1875,0,0.217589,0.177586,0.167585,8.89301e-05
4,0.1875,0.03125,0.211641,0.175547,0.173359,1.04308e-07
4,0.1875,0.0625,0.205781,0.173594,0.179219,1.04308e-07
4,0.1875,0.09375,0.199922,0.171641,0.185078,1.19209e-07
4,0.1875,0.125,0.194062,0.169687,0.190937,7.45058e-08
4,0.1875,0.15625,0.188203,0.167734,0.196797,7.45058e-08
4,0.1875,0.1875,0.182344,0.165781,0.202656,1.3411e-07
4,0.1875,0.21875,0.176484,0.163828,0.208516,8.9407e-08
4,0.1875,0.25,0.170625,0.161875,0.214375,1.3411e-07
4,0.1875,0.28125,0.164766,0.159922,0.220234,1.78814e-07
4,0.1875,0.3125,0.158906,0.157969,0.226094,1.3411e-07
4,0.1875,0.34375,0.153047,0.156016,0.231953,7.45058e-08
4,0.1875,0.375,0.147187,0.154063,0.237812,2.68221e-07
4,0.1875,0.40625,0.141328,0.152109,0.243672,1.19209e-07
4,0.1875,0.4375,0.135469,0.150156,0.249531,1.3411e-07
4,0.1875,0.46875,0.129609,0.148203,0.25539,1.49012e-07
4,0.1875,0.5,0.12375,0.14625,0.26125,2.01166e-07
4,0.1875,0.53125,0.117891,0.144297,0.267109,5.96046e-08
4,0.1875,0.5625,0.112031,0.142344,0.272969,9.68575e-08
4,0.1875,0.59375,0.106172,0.140391,0.278828,1.2666e-07
4,0.1875,0.625,0.100313,0.138437,0.284687,2.01166e-07
4,0.1875,0.65625,0.0944531,0.136484,0.290547,5.96046e-08
4,0.1875,0.6875,0.0885941,0.134531,0.296406,3.20375e-07
4,0.1875,0.71875,0.0827345,0.132578,0.302266,9.68575e-08
4,0.1875,0.75,0.0768751,0.130625,0.308125,1.11759e-07
4,0.1875,0.78125,0.071016,0.128672,0.313984,4.09782e-07
4,0.1875,0.8125,0.0651562,0.126719,0.319844,8.9407e-08
4,0.1875,0.84375,0.0592969,0.124766,0.325703,1.19209e-07
4,0.1875,0.875,0.0534372,0.122813,0.331562,2.98023e-07
4,0.1875,0.90625,0.0475781,0.120859,0.337422,1.49012e-07
4,0.1875,0.9375,0.0417182,0.118906,0.343281,5.51343e-07
4,0.1875,0.96875,0.0358593,0.116953,0.349141,5.96046e-08
4,0.1875,1,0.0299994,0.115,0.355,6.31437e-07
4,0.21875,0,0.248784,0.208783,0.198783,3.38852e-05
4,0.21875,0.03125,0.241914,0.206471,0.205586,1.3411e-07
4,0.21875,0.0625,0.235078,0.204193,0.212422,5.96046e-08
4,0.21875,0.09375,0.228242,0.201914,0.219258,1.78814e-07
4,0.21875,0.125,0.221406,0.199635,0.226094,2.98023e-08
4,0.21875,0.15625,0.21457,0.197357,0.23293,2.08616e-07
4,0.21875,0.1875,0.207735,0.195078,0.239766,2.38419e-07
4,0.21875,0.21875,0.200899,0.192799,0.246601,2.98023e-07
4,0.21875,0.25,0.194063,0.190521,0.253437,4.17233e-07
4,0.21875,0.28125,0.187227,0.188242,0.260273,5.96046e-08
4,0.21875,0.3125,0.180391,0.185963,0.267109,1.78814e-07
4,0.21875,0.34375,0.173555,0.183685,0.273945,1.49012e-07
4,0.21875,0.375,0.166719,0.181406,0.280781,1.19209e-07
4,0.21875,0.40625,0.159883,0.179128,0.287617,1.49012e-07
4,0.21875,0.4375,0.153047,0.176849,0.294453,5.96046e-08
4,0.21875,0.46875,0.146211,0.17457,0.301289,3.57628e-07
4,0.21875,0.5,0.139375,0.172292,0.308125,7.45058e-08
4,0.21875,0.53125,0.132539,0.170013,0.314961,4.47035e-08
4,0.21875,0.5625,0.125703,0.167734,0.321797,1.78814e-07
4,0.21875,0.59375,0.118867,0.165456,0.328633,1.04308e-07
4,0.21875,0.625,0.112031,0.163177,0.335469,4.47035e-08
4,0.21875,0.65625,0.105196,0.160898,0.342305,4.24683e-07
4,0.21875,0.6875,0.0983593,0.15862,0.349141,1.11759e-07
4,0.21875,0.71875,0.0915233,0.156341,0.355976,1.71363e-07
4,0.21875,0.75,0.0846876,0.154062,0.362812,7.45058e-08
4,0.21875,0.78125,0.0778518,0.151784,0.369648,2.75671e-07
4,0.21875,0.8125,0.0710159,0.149505,0.376484,2.45869e-07
4,0.21875,0.84375,0.0641801,0.147226,0.38332,4.17233e-07
4,0.21875,0.875,0.0573439,0.144948,0.390156,1.63913e-07
4,0.21875,0.90625,0.0505076,0.142669,0.396992,2.30968e-07
4,0.21875,0.9375,0.0436721,0.140391,0.403828,2.16067e-07
4,0.21875,0.96875,0.0368355,0.138112,0.410664,4.65661e-07
4,0.21875,1,0.0300001,0.135833,0.4175,6.70552e-08
4,0.25,0,0.28,0.24,0.23,7.45058e-08
4,0.25,0.03125,0.272187,0.237396,0.237812,1.19209e-07
4,0.25,0.0625,0.264375,0.234792,0.245625,8.9407e-08
4,0.25,0.09375,0.256562,0.232187,0.253437,1.78814e-07
4,0.25,0.125,0.24875,0.229583,0.26125,1.49012e-07
4,0.25,0.15625,0.240937,0.226979,0.269062,1.19209e-07
4,0.25,0.1875,0.233125,0.224375,0.276875,1.19209e-07
4,0.25,0.21875,0.225312,0.221771,0.284687,1.19209e-07
4,0.25,0.25,0.2175,0.219167,0.2925,2.68221e-07
4,0.25,0.28125,0.209688,0.216562,0.300313,8.9407e-08
4,0.25,0.3125,0.201875,0.213958,0.308125,2.98023e-08
4,0.25,0.34375,0.194063,0.211354,0.315937,1.49012e-07
4,0.25,0.375,0.18625,0.20875,0.32375,1.04308e-07
4,0.25,0.40625,0.178437,0.206146,0.331562,1.49012e-07
4,0.25,0.4375,0.170625,0.203542,0.339375,2.68221e-07
4,0.25,0.46875,0.162812,0.200937,0.347187,2.08616e-07
4,0.25,0.5,0.155,0.198333,0.355,1.19209e-07
4,0.25,0.53125,0.147188,0.195729,0.362812,7.45058e-08
4,0.25,0.5625,0.139375,0.193125,0.370625,8.9407e-08
4,0.25,0.59375,0.131562,0.190521,0.378437,2.68221e-07
4,0.25,0.625,0.12375,0.187917,0.38625,5.21541e-08
4,0.25,0.65625,0.115937,0.185313,0.394062,6.70552e-08
4,0.25,0.6875,0.108125,0.182708,0.401875,1.49012e-07
4,0.25,0.71875,0.100312,0.180104,0.409687,2.6077e-07
4,0.25,0.75,0.0924999,0.1775,0.4175,8.19564e-08
4,0.25,0.78125,0.0846876,0.174896,0.425312,8.9407e-08
4,0.25,0.8125,0.0768749,0.172292,0.433125,9.68575e-08
4,0.25,0.84375,0.0690625,0.169687,0.440937,8.9407e-08
4,0.25,0.875,0.0612496,0.167083,0.44875,3.72529e-07
4,0.25,0.90625,0.0534369,0.164479,0.456562,6.10948e-07
4,0.25,0.9375,0.0456249,0.161875,0.464375,1.3411e-07
4,0.25,0.96875,0.0378122,0.159271,0.472187,2.6077e-07
4,0.25,1,0.0300005,0.156667,0.48,4.5076e-07
4,0.28125,0,0.31125,0.27125,0.26125,1.78814e-07
4,0.28125,0.03125,0.302461,0.26832,0.270039,8.9407e-08
4,0.28125,0.0625,0.293672,0.265391,0.278828,1.49012e-07
4,0.28125,0.09375,0.284883,0.262461,0.287617,1.19209e-07
4,0.28125,0.125,0.276094,0.259531,0.296406,8.9407e-08
4,0.28125,0.15625,0.267305,0.256602,0.305195,5.96046e-08
4,0.28125,0.1875,0.258515,0.253672,0.313984,1.49012e-07
4,0.28125,0.21875,0.249727,0.250742,0.322773,1.78814e-07
4,0.28125,0.25,0.240937,0.247813,0.331562,4.47035e-07
4,0.28125,0.28125,0.232148,0.244883,0.340351,1.04308e-07
4,0.28125,0.3125,0.22336,0.241953,0.349141,3.57628e-07
4,0.28125,0.34375,0.21457,0.239023,0.35793,1.19209e-07
4,0.28125,0.375,0.205781,0.236094,0.366719,1.19209e-07
4,0.28125,0.40625,0.196992,0.233164,0.375508,2.68221e-07
4,0.28125,0.4375,0.188203,0.230234,0.384297,8.9407e-08
4,0.28125,0.46875,0.179414,0.227305,0.393086,8.9407e-08
4,0.28125,0.5,0.170625,0.224375,0.401875,1.49012e-07
4,0.28125,0.53125,0.161836,0.221445,0.410664,2.38419e-07
4,0.28125,0.5625,0.153047,0.218516,0.419453,1.49012e-07
4,0.28125,0.59375,0.144258,0.215586,0.428242,5.96046e-08
4,0.28125,0.625,0.135469,0.212656,0.437031,1.78814e-07
4,0.28125,0.65625,0.12668,0.209726,0.44582,1.49012e-07
4,0.28125,0.6875,0.117891,0.206797,0.454609,1.11759e-07
4,0.28125,0.71875,0.109102,0.203867,0.463398,4.47035e-08
4,0.28125,0.75,0.100313,0.200937,0.472187,3.35276e-07
4,0.28125,0.78125,0.0915235,0.198008,0.480977,1.04308e-07
4,0.28125,0.8125,0.0827346,0.195078,0.489766,2.45869e-07
4,0.28125,0.84375,0.0739456,0.192148,0.498555,2.90573e-07
4,0.28125,0.875,0.0651565,0.189219,0.507344,2.08616e-07
4,0.28125,0.90625,0.0563675,0.186289,0.516133,3.05474e-07
4,0.28125,0.9375,0.0475783,0.183359,0.524922,2.16067e-07
4,0.28125,0.96875,0.0387896,0.18043,0.533711,5.66244e-07
4,0.28125,1,0.0299999,0.1775,0.5425,5.96046e-08
4,0.3125,0,0.3425,0.3025,0.2925,1.78814e-07
4,0.3125,0.03125,0.332734,0.299245,0.302266,8.9407e-08
4,0.3125,0.0625,0.322969,0.295989,0.312031,1.49012e-07
4,0.3125,0.09375,0.313203,0.292734,0.321797,2.08616e-07
4,0.3125,0.125,0.303438,0.289479,0.331562,2.08616e-07
4,0.3125,0.15625,0.293672,0.286224,0.341328,5.96046e-08
4,0.3125,0.1875,0.283906,0.282969,0.351094,1.49012e-07
4,0.3125,0.21875,0.27414,0.279714,0.360859,1.49012e-07
4,0.3125,0.25,0.264375,0.276458,0.370625,1.19209e-07
4,0.3125,0.28125,0.25461,0.273203,0.380391,2.08616e-07
4,0.3125,0.3125,0.244844,0.269948,0.390156,1.49012e-07
4,0.3125,0.34375,0.235078,0.266693,0.399922,8.9407e-08
4,0.3125,0.375,0.225313,0.263437,0.409687,1.19209e-07
4,0.3125,0.40625,0.215547,0.260182,0.419453,1.19209e-07
4,0.3125,0.4375,0.205781,0.256927,0.429219,2.38419e-07
4,0.3125,0.46875,0.196016,0.253672,0.438984,2.98023e-08
4,0.3125,0.5,0.18625,0.250417,0.44875,8.9407e-08
4,0.3125,0.53125,0.176484,0.247162,0.458515,1.78814e-07
4,0.3125,0.5625,0.166719,0.243906,0.468281,2.08616e-07
4,0.3125,0.59375,0.156953,0.240651,0.478047,2.68221e-07
4,0.3125,0.625,0.147187,0.237396,0.487812,8.9407e-08
4,0.3125,0.65625,0.137422,0.23414,0.497578,3.57628e-07
4,0.3125,0.6875,0.127656,0.230885,0.507344,1.78814e-07
4,0.3125,0.71875,0.117891,0.22763,0.517109,3.94881e-07
4,0.3125,0.75,0.108125,0.224375,0.526875,4.99189e-07
4,0.3125,0.78125,0.0983586,0.22112,0.536641,7.37607e-07
4,0.3125,0.8125,0.0885939,0.217864,0.546406,1.71363e-07
4,0.3125,0.84375,0.0788284,0.214609,0.556172,2.90573e-07
4,0.3125,0.875,0.0690615,0.211354,0.565937,9.76026e-07
4,0.3125,0.90625,0.0592966,0.208099,0.575703,2.68221e-07
4,0.3125,0.9375,0.0495308,0.204844,0.585469,4.24683e-07
4,0.3125,0.96875,0.039766,0.201589,0.595234,3.39001e-07
4,0.3125,1,0.0299998,0.198333,0.605,2.45869e-07
4,0.34375,0,0.37375,0.33375,0.32375,2.08616e-07
4,0.34375,0.03125,0.363008,0.330169,0.334492,1.78814e-07
4,0.34375,0.0625,0.352265,0.326589,0.345234,2.08616e-07
4,0.34375,0.09375,0.341523,0.323008,0.355976,2.98023e-07
4,0.34375,0.125,0.330781,0.319427,0.366719,8.9407e-08
4,0.34375,0.15625,0.320039,0.315846,0.377461,5.96046e-08
4,0.34375,0.1875,0.309297,0.312266,0.388203,1.78814e-07
4,0.34375,0.21875,0.298554,0.308685,0.398945,2.08616e-07
4,0.34375,0.25,0.287813,0.305104,0.409687,3.8743e-07
4,0.34375,0.28125,0.27707,0.301523,0.42043,2.38419e-07
4,0.34375,0.3125,0.266328,0.297943,0.431172,1.49012e-07
4,0.34375,0.34375,0.255586,0.294362,0.441914,2.38419e-07
4,0.34375,0.375,0.244844,0.290781,0.452656,1.19209e-07
4,0.34375,0.40625,0.234101,0.287201,0.463398,2.68221e-07
4,0.34375,0.4375,0.223359,0.28362,0.474141,1.19209e-07
4,0.34375,0.46875,0.212617,0.280039,0.484883,5.66244e-07
4,0.34375,0.5,0.201875,0.276458,0.495625,1.78814e-07
4,0.34375,0.53125,0.191133,0.272878,0.506367,8.9407e-08
4,0.34375,0.5625,0.180391,0.269297,0.517109,1.19209e-07
4,0.34375,0.59375,0.169648,0.265716,0.527852,2.38419e-07
4,0.34375,0.625,0.158906,0.262135,0.538594,1.78814e-07
4,0.34375,0.65625,0.148164,0.258555,0.549336,2.38419e-07
4,0.34375,0.6875,0.137422,0.254974,0.560078,1.19209e-07
4,0.34375,0.71875,0.12668,0.251393,0.57082,5.96046e-08
4,0.34375,0.75,0.115937,0.247813,0.581563,2.75671e-07
4,0.34375,0.78125,0.105195,0.244232,0.592304,4.99189e-07
4,0.34375,0.8125,0.0944528,0.240651,0.603047,2.98023e-07
4,0.34375,0.84375,0.0837108,0.23707,0.613789,1.86265e-07
4,0.34375,0.875,0.0729695,0.233489,0.624531,7.07805e-07
4,0.34375,0.90625,0.0622274,0.229909,0.635273,8.12113e-07
4,0.34375,0.9375,0.0514844,0.226328,0.646016,1.04308e-07
4,0.34375,0.96875,0.0407427,0.222747,0.656758,5.06639e-07
4,0.34375,1,0.029999,0.219167,0.6675,9.68575e-07
4,0.375,0,0.405,0.365,0.355,2.38419e-07
4,0.375,0.03125,0.393281,0.361094,0.366719,1.49012e-07
4,0.375,0.0625,0.381563,0.357187,0.378437,2.38419e-07
4,0.375,0.09375,0.369844,0.353281,0.390156,1.78814e-07
4,0.375,0.125,0.358125,0.349375,0.401875,3.57628e-07
4,0.375,0.15625,0.346406,0.345469,0.413594,1.78814e-07
4,0.375,0.1875,0.334687,0.341562,0.425312,5.96046e-08
4,0.375,0.21875,0.322969,0.337656,0.437031,1.49012e-07
4,0.375,0.25,0.31125,0.33375,0.44875,1.19209e-07
4,0.375,0.28125,0.299531,0.329844,0.460469,1.19209e-07
4,0.375,0.3125,0.287813,0.325937,0.472187,3.8743e-07
4,0.375,0.34375,0.276094,0.322031,0.483906,1.19209e-07
4,0.375,0.375,0.264375,0.318125,0.495625,8.9407e-08
4,0.375,0.40625,0.252656,0.314219,0.507344,1.49012e-07
4,0.375,0.4375,0.240938,0.310312,0.519062,1.78814e-07
4,0.375,0.46875,0.229219,0.306406,0.530781,2.38419e-07
4,0.375,0.5,0.2175,0.3025,0.5425,1.19209e-07
4,0.375,0.53125,0.205781,0.298594,0.554219,1.19209e-07
4,0.375,0.5625,0.194063,0.294687,0.565937,1.19209e-07
4,0.375,0.59375,0.182344,0.290781,0.577656,1.49012e-07
4,0.375,0.625,0.170625,0.286875,0.589375,1.78814e-07
4,0.375,0.65625,0.158906,0.282969,0.601094,1.78814e-07
4,0.375,0.6875,0.147188,0.279062,0.612812,2.38419e-07
4,0.375,0.71875,0.135469,0.275156,0.624531,8.9407e-08
4,0.375,0.75,0.12375,0.27125,0.63625,2.01166e-07
4,0.375,0.78125,0.112031,0.267344,0.647969,5.96046e-08
4,0.375,0.8125,0.100312,0.263438,0.659688,7.97212e-07
4,0.375,0.84375,0.0885936,0.259531,0.671406,1.19209e-07
4,0.375,0.875,0.0768748,0.255625,0.683125,1.56462e-07
4,0.375,0.90625,0.0651555,0.251719,0.694844,7.45058e-07
4,0.375,0.9375,0.0534372,0.247812,0.706562,2.6077e-07
4,0.375,0.96875,0.0417171,0.243906,0.718281,1.66148e-06
4,0.375,1,0.030001,0.24,0.73,9.574e-07
4,0.40625,0,0.43625,0.39625,0.38625,1.49012e-07
4,0.40625,0.03125,0.423555,0.392018,0.398945,1.19209e-07
4,0.40625,0.0625,0.410859,0.387787,0.411641,2.98023e-07
4,0.40625,0.09375,0.398164,0.383555,0.424336,1.19209e-07
4,0.40625,0.125,0.385469,0.379323,0.437031,1.19209e-07
4,0.40625,0.15625,0.372773,0.375091,0.449727,2.98023e-08
4,0.40625,0.1875,0.360078,0.370859,0.462422,1.49012e-07
4,0.40625,0.21875,0.347383,0.366628,0.475117,1.19209e-07
4,0.40625,0.25,0.334687,0.362396,0.487812,2.98023e-07
4,0.40625,0.28125,0.321992,0.358164,0.500508,1.19209e-07
4,0.40625,0.3125,0.309297,0.353932,0.513203,2.08616e-07
4,0.40625,0.34375,0.296602,0.3497,0.525898,3.8743e-07
4,0.40625,0.375,0.283906,0.345469,0.538594,1.78814e-07
4,0.40625,0.40625,0.271211,0.341237,0.551289,1.78814e-07
4,0.40625,0.4375,0.258516,0.337005,0.563984,8.9407e-08
4,0.40625,0.46875,0.24582,0.332773,0.57668,1.49012e-07
4,0.40625,0.5,0.233125,0.328542,0.589375,1.78814e-07
4,0.40625,0.53125,0.22043,0.32431,0.60207,1.78814e-07
4,0.40625,0.5625,0.207735,0.320078,0.614766,5.06639e-07
4,0.40625,0.59375,0.195039,0.315846,0.627461,1.49012e-07
4,0.40625,0.625,0.182344,0.311615,0.640156,1.78814e-07
4,0.40625,0.65625,0.169649,0.307383,0.652852,5.96046e-07
4,0.40625,0.6875,0.156953,0.303151,0.665547,2.98023e-07
4,0.40625,0.71875,0.144258,0.298919,0.678242,3.57628e-07
4,0.40625,0.75,0.131563,0.294687,0.690938,7.45058e-07
4,0.40625,0.78125,0.118867,0.290456,0.703633,1.19209e-07
4,0.40625,0.8125,0.106172,0.286224,0.716328,2.01166e-07
4,0.40625,0.84375,0.0934771,0.281992,0.729023,4.99189e-07
4,0.40625,0.875,0.0807815,0.27776,0.741719,2.90573e-07
4,0.40625,0.90625,0.068087,0.273528,0.754414,1.11014e-06
4,0.40625,0.9375,0.0553916,0.269297,0.767109,9.46224e-07
4,0.40625,0.96875,0.0426963,0.265065,0.779805,9.98378e-07
4,0.40625,1,0.0300012,0.260833,0.7925,1.24611e-06
4,0.4375,0,0.4675,0.4275,0.4175,2.68221e-07
4,0.4375,0.03125,0.453828,0.422943,0.431172,8.9407e-08
4,0.4375,0.0625,0.440156,0.418385,0.444844,5.96046e-08
4,0.4375,0.09375,0.426484,0.413828,0.458516,2.68221e-07
4,0.4375,0.125,0.412813,0.409271,0.472187,2.38419e-07
4,0.4375,0.15625,0.39914,0.404714,0.485859,4.76837e-07
4,0.4375,0.1875,0.385469,0.400156,0.499531,2.08616e-07
4,0.4375,0.21875,0.371797,0.395599,0.513203,5.96046e-08
4,0.4375,0.25,0.358125,0.391042,0.526875,1.19209e-07
4,0.4375,0.28125,0.344453,0.386484,0.540547,8.9407e-08
4,0.4375,0.3125,0.330781,0.381927,0.554219,2.38419e-07
4,0.4375,0.34375,0.317109,0.37737,0.56789,2.68221e-07
4,0.4375,0.375,0.303437,0.372813,0.581563,2.98023e-07
4,0.4375,0.40625,0.289766,0.368255,0.595234,2.08616e-07
4,0.4375,0.4375,0.276094,0.363698,0.608906,1.19209e-07
4,0.4375,0.46875,0.262422,0.359141,0.622578,3.57628e-07
4,0.4375,0.5,0.24875,0.354583,0.63625,3.27826e-07
4,0.4375,0.53125,0.235078,0.350026,0.649922,1.78814e-07
4,0.4375,0.5625,0.221406,0.345469,0.663594,4.17233e-07
4,0.4375,0.59375,0.207734,0.340911,0.677266,1.49012e-07
4,0.4375,0.625,0.194062,0.336354,0.690937,2.68221e-07
4,0.4375,0.65625,0.180391,0.331797,0.704609,4.47035e-07
4,0.4375,0.6875,0.166718,0.32724,0.718281,3.57628e-07
4,0.4375,0.71875,0.153047,0.322682,0.731953,2.98023e-07
4,0.4375,0.75,0.139375,0.318125,0.745625,3.8743e-07
4,0.4375,0.78125,0.125703,0.313568,0.759297,2.38419e-07
4,0.4375,0.8125,0.112031,0.309011,0.772969,3.94881e-07
4,0.4375,0.84375,0.0983593,0.304453,0.786641,1.11759e-07
4,0.4375,0.875,0.0846878,0.299896,0.800313,3.20375e-07
4,0.4375,0.90625,0.0710163,0.295338,0.813984,6.78003e-07
4,0.4375,0.9375,0.057345,0.290781,0.827656,1.2368e-06
4,0.4375,0.96875,0.0436727,0.286224,0.841328,8.71718e-07
4,0.4375,1,0.0300011,0.281667,0.855,1.05239e-06
4,0.46875,0,0.49875,0.45875,0.44875,8.9407e-08
4,0.46875,0.03125,0.484102,0.453867,0.463398,2.68221e-07
4,0.46875,0.0625,0.469453,0.448984,0.478047,3.27826e-07
4,0.46875,0.09375,0.454805,0.444101,0.492695,2.68221e-07
4,0.46875,0.125,0.440156,0.439219,0.507344,1.78814e-07
4,0.46875,0.15625,0.425508,0.434336,0.521992,6.55651e-07
4,0.46875,0.1875,0.41086,0.429453,0.536641,2.08616e-07
4,0.46875,0.21875,0.396211,0.42457,0.551289,1.49012e-07
4,0.46875,0.25,0.381563,0.419688,0.565937,1.19209e-07
4,0.46875,0.28125,0.366914,0.414805,0.580586,1.19209e-07
4,0.46875,0.3125,0.352265,0.409922,0.595234,2.38419e-07
4,0.46875,0.34375,0.337618,0.405039,0.609883,5.36442e-07
4,0.46875,0.375,0.322969,0.400156,0.624531,3.8743e-07
4,0.46875,0.40625,0.308321,0.395273,0.63918,2.08616e-07
4,0.46875,0.4375,0.293672,0.390391,0.653828,1.78814e-07
4,0.46875,0.46875,0.279023,0.385508,0.668476,1.19209e-07
4,0.46875,0.5,0.264375,0.380625,0.683125,1.19209e-07
4,0.46875,0.53125,0.249726,0.375742,0.697773,1.19209e-07
4,0.46875,0.5625,0.235077,0.37086,0.712422,6.85453e-07
4,0.46875,0.59375,0.220429,0.365977,0.72707,8.9407e-07
4,0.46875,0.625,0.205781,0.361094,0.741719,5.06639e-07
4,0.46875,0.65625,0.191132,0.356211,0.756367,8.9407e-07
4,0.46875,0.6875,0.176484,0.351328,0.771016,8.9407e-08
4,0.46875,0.71875,0.161835,0.346445,0.785664,4.47035e-07
4,0.46875,0.75,0.147188,0.341562,0.800312,4.76837e-07
4,0.46875,0.78125,0.132538,0.33668,0.814961,7.45058e-07
4,0.46875,0.8125,0.117891,0.331797,0.829609,1.78814e-07
4,0.46875,0.84375,0.103242,0.326914,0.844258,4.39584e-07
4,0.46875,0.875,0.0885937,0.322031,0.858906,1.19209e-07
4,0.46875,0.90625,0.0739466,0.317148,0.873555,1.24425e-06
4,0.46875,0.9375,0.0592973,0.312266,0.888203,3.8743e-07
4,0.46875,0.96875,0.0446457,0.307383,0.902852,2.68966e-06
4,0.46875,1,0.0300004,0.3025,0.9175,3.78117e-07
4,0.5,0,0.53,0.49,0.48,2.38419e-07
4,0.5,0.03125,0.514375,0.484792,0.495625,1.49012e-07
4,0.5,0.0625,0.49875,0.479583,0.51125,3.27826e-07
4,0.5,0.09375,0.483125,0.474375,0.526875,4.47035e-07
4,0.5,0.125,0.4675,0.469166,0.5425,3.27826e-07
4,0.5,0.15625,0.451875,0.463958,0.558125,2.68221e-07
4,0.5,0.1875,0.43625,0.45875,0.57375,1.78814e-07
4,0.5,0.21875,0.420625,0.453541,0.589375,2.98023e-07
4,0.5,0.25,0.405,0.448333,0.605,2.98023e-07
4,0.5,0.28125,0.389375,0.443125,0.620625,3.8743e-07
4,0.5,0.3125,0.37375,0.437917,0.63625,4.47035e-07
4,0.5,0.34375,0.358125,0.432708,0.651875,2.38419e-07
4,0.5,0.375,0.3425,0.4275,0.6675,1.49012e-07
4,0.5,0.40625,0.326875,0.422292,0.683125,4.76837e-07
4,0.5,0.4375,0.31125,0.417083,0.69875,2.68221e-07
4,0.5,0.46875,0.295625,0.411875,0.714375,1.78814e-07
4,0.5,0.5,0.28,0.406667,0.73,3.57628e-07
4,0.5,0.53125,0.264375,0.401458,0.745625,1.78814e-07
4,0.5,0.5625,0.248751,0.39625,0.76125,8.34465e-07
4,0.5,0.59375,0.233125,0.391042,0.776875,2.08616e-07
4,0.5,0.625,0.2175,0.385833,0.7925,1.19209e-07
4,0.5,0.65625,0.201875,0.380625,0.808125,3.57628e-07
4,0.5,0.6875,0.18625,0.375417,0.82375,2.38419e-07
4,0.5,0.71875,0.170624,0.370208,0.839375,5.06639e-07
4,0.5,0.75,0.155,0.365,0.855,8.9407e-08
4,0.5,0.78125,0.139375,0.359792,0.870625,3.27826e-07
4,0.5,0.8125,0.12375,0.354583,0.88625,2.01166e-07
4,0.5,0.84375,0.108125,0.349375,0.901875,1.41561e-07
4,0.5,0.875,0.0925004,0.344166,0.9175,3.94881e-07
4,0.5,0.90625,0.0768751,0.338958,0.933125,1.78814e-07
4,0.5,0.9375,0.0612513,0.33375,0.94875,1.30385e-06
4,0.5,0.96875,0.0456254,0.328542,0.964375,3.57628e-07
4,0.5,1,0.0300022,0.323333,0.98,2.20723e-06
4,0.53125,0,0.56125,0.52125,0.51125,2.38419e-07
4,0.53125,0.03125,0.546602,0.516367,0.525898,5.96046e-08
4,0.53125,0.0625,0.531953,0.511484,0.540547,2.98023e-07
4,0.53125,0.09375,0.517305,0.506602,0.555195,5.96046e-08
4,0.53125,0.125,0.502656,0.501719,0.569844,1.19209e-07
4,0.53125,0.15625,0.488007,0.496836,0.584492,5.06639e-07
4,0.53125,0.1875,0.47336,0.491953,0.599141,1.78814e-07
4,0.53125,0.21875,0.458711,0.48707,0.613789,2.68221e-07
4,0.53125,0.25,0.444063,0.482187,0.628438,5.96046e-08
4,0.53125,0.28125,0.429414,0.477305,0.643086,3.8743e-07
4,0.53125,0.3125,0.414766,0.472422,0.657734,2.98023e-07
4,0.53125,0.34375,0.400117,0.467539,0.672383,2.68221e-07
4,0.53125,0.375,0.385469,0.462656,0.687031,1.19209e-07
4,0.53125,0.40625,0.37082,0.457773,0.70168,2.38419e-07
4,0.53125,0.4375,0.356171,0.452891,0.716328,8.64267e-07
4,0.53125,0.46875,0.341524,0.448008,0.730976,3.27826e-07
4,0.53125,0.5,0.326875,0.443125,0.745625,3.8743e-07
4,0.53125,0.53125,0.312227,0.438242,0.760273,4.17233e-07
4,0.53125,0.5625,0.297578,0.43336,0.774922,1.78814e-07
4,0.53125,0.59375,0.28293,0.428477,0.78957,8.9407e-08
4,0.53125,0.625,0.268281,0.423594,0.804218,2.98023e-07
4,0.53125,0.65625,0.253633,0.418711,0.818867,8.9407e-08
4,0.53125,0.6875,0.238984,0.413828,0.833516,5.06639e-07
4,0.53125,0.71875,0.224335,0.408946,0.848164,6.85453e-07
4,0.53125,0.75,0.209687,0.404063,0.862812,3.57628e-07
4,0.53125,0.78125,0.195038,0.39918,0.877461,6.25849e-07
4,0.53125,0.8125,0.180389,0.394297,0.892109,1.43051e-06
4,0.53125,0.84375,0.165742,0.389414,0.906758,2.68221e-07
4,0.53125,0.875,0.151094,0.384531,0.921406,8.9407e-08
4,0.53125,0.90625,0.136446,0.379648,0.936055,2.68221e-07
4,0.53125,0.9375,0.121796,0.374766,0.950703,1.22935e-06
4,0.53125,0.96875,0.107149,0.369883,0.965352,3.7998e-07
4,0.53125,1,0.0925019,0.365,0.98,1.9446e-06
4,0.5625,0,0.5925,0.5525,0.5425,2.38419e-07
4,0.5625,0.03125,0.578828,0.547943,0.556172,1.78814e-07
4,0.5625,0.0625,0.565156,0.543386,0.569844,3.57628e-07
4,0.5625,0.09375,0.551484,0.538828,0.583516,5.96046e-08
4,0.5625,0.125,0.537813,0.534271,0.597187,1.19209e-07
4,0.5625,0.15625,0.524141,0.529714,0.610859,1.19209e-07
4,0.5625,0.1875,0.510469,0.525156,0.624531,2.38419e-07
4,0.5625,0.21875,0.496797,0.520599,0.638203,5.96046e-08
4,0.5625,0.25,0.483125,0.516042,0.651875,8.9407e-08
4,0.5625,0.28125,0.469453,0.511484,0.665547,5.96046e-08
4,0.5625,0.3125,0.455781,0.506927,0.679219,2.68221e-07
4,0.5625,0.34375,0.442109,0.50237,0.692891,2.68221e-07
4,0.5625,0.375,0.428437,0.497812,0.706562,2.38419e-07
4,0.5625,0.40625,0.414766,0.493255,0.720234,8.9407e-08
4,0.5625,0.4375,0.401093,0.488698,0.733906,3.27826e-07
4,0.5625,0.46875,0.387422,0.48414,0.747578,2.38419e-07
4,0.5625,0.5,0.37375,0.479583,0.76125,1.49012e-07
4,0.5625,0.53125,0.360079,0.475026,0.774922,4.76837e-07
4,0.5625,0.5625,0.346406,0.470469,0.788594,3.57628e-07
4,0.5625,0.59375,0.332734,0.465911,0.802266,1.78814e-07
4,0.5625,0.625,0.319063,0.461354,0.815937,6.85453e-07
4,0.5625,0.65625,0.30539,0.456797,0.829609,3.27826e-07
4,0.5625,0.6875,0.291719,0.452239,0.843281,2.38419e-07
4,0.5625,0.71875,0.278046,0.447683,0.856953,5.66244e-07
4,0.5625,0.75,0.264375,0.443125,0.870625,3.27826e-07
4,0.5625,0.78125,0.250704,0.438567,0.884297,3.8743e-07
4,0.5625,0.8125,0.237031,0.43401,0.897969,8.9407e-08
4,0.5625,0.84375,0.223359,0.429453,0.911641,8.9407e-08
4,0.5625,0.875,0.209688,0.424896,0.925312,1.78814e-07
4,0.5625,0.90625,0.196016,0.420338,0.938984,7.45058e-07
4,0.5625,0.9375,0.182343,0.415781,0.952656,4.47035e-07
4,0.5625,0.96875,0.168673,0.411224,0.966328,9.53674e-07
4,0.5625,1,0.155,0.406667,0.98,1.49012e-07
4,0.59375,0,0.62375,0.58375,0.57375,1.19209e-07
4,0.59375,0.03125,0.611054,0.579518,0.586445,1.78814e-07
4,0.59375,0.0625,0.598359,0.575287,0.59914,5.36442e-07
4,0.59375,0.09375,0.585664,0.571055,0.611836,4.17233e-07
4,0.59375,0.125,0.572969,0.566823,0.624531,2.38419e-07
4,0.59375,0.15625,0.560273,0.562591,0.637227,1.78814e-07
4,0.59375,0.1875,0.547578,0.558359,0.649922,1.78814e-07
4,0.59375,0.21875,0.534883,0.554128,0.662617,1.19209e-07
4,0.59375,0.25,0.522187,0.549896,0.675313,1.78814e-07
4,0.59375,0.28125,0.509492,0.545664,0.688008,3.57628e-07
4,0.59375,0.3125,0.496797,0.541432,0.700703,2.68221e-07
4,0.59375,0.34375,0.484102,0.5372,0.713398,2.68221e-07
4,0.59375,0.375,0.471407,0.532969,0.726094,2.68221e-07
4,0.59375,0.40625,0.458711,0.528737,0.738789,1.78814e-07
4,0.59375,0.4375,0.446016,0.524505,0.751484,1.78814e-07
4,0.59375,0.46875,0.43332,0.520274,0.76418,5.96046e-08
4,0.59375,0.5,0.420625,0.516042,0.776875,1.78814e-07
4,0.59375,0.53125,0.407929,0.51181,0.78957,7.15256e-07
4,0.59375,0.5625,0.395234,0.507578,0.802265,2.68221e-07
4,0.59375,0.59375,0.382539,0.503346,0.814961,1.78814e-07
4,0.59375,0.625,0.369844,0.499115,0.827656,2.38419e-07
4,0.59375,0.65625,0.357148,0.494883,0.840352,1.78814e-07
4,0.59375,0.6875,0.344453,0.490651,0.853047,2.98023e-07
4,0.59375,0.71875,0.331758,0.486419,0.865742,1.19209e-07
4,0.59375,0.75,0.319062,0.482188,0.878438,8.34465e-07
4,0.59375,0.78125,0.306367,0.477956,0.891133,1.78814e-07
4,0.59375,0.8125,0.293671,0.473724,0.903828,4.17233e-07
4,0.59375,0.84375,0.280977,0.469492,0.916523,3.27826e-07
4,0.59375,0.875,0.268282,0.46526,0.929219,5.36442e-07
4,0.59375,0.90625,0.255586,0.461029,0.941914,2.38419e-07
4,0.59375,0.9375,0.242891,0.456797,0.954609,2.98023e-07
4,0.59375,0.96875,0.230194,0.452565,0.967305,8.34465e-07
4,0.59375,1,0.2175,0.448333,0.98,1.19209e-07
4,0.625,0,0.655,0.615,0.605,1.19209e-07
4,0.625,0.03125,0.643281,0.611094,0.616719,1.19209e-07
4,0.625,0.0625,0.631562,0.607187,0.628437,1.19209e-07
4,0.625,0.09375,0.619844,0.603281,0.640156,5.96046e-08
4,0.625,0.125,0.608125,0.599375,0.651875,2.38419e-07
4,0.625,0.15625,0.596406,0.595469,0.663593,2.98023e-07
4,0.625,0.1875,0.584688,0.591562,0.675312,1.19209e-07
4,0.625,0.21875,0.572969,0.587656,0.687031,2.38419e-07
4,0.625,0.25,0.56125,0.58375,0.69875,2.98023e-07
4,0.625,0.28125,0.549531,0.579844,0.710469,1.19209e-07
4,0.625,0.3125,0.537813,0.575937,0.722187,5.36442e-07
4,0.625,0.34375,0.526094,0.572031,0.733906,1.19209e-07
4,0.625,0.375,0.514375,0.568125,0.745625,2.98023e-07
4,0.625,0.40625,0.502656,0.564219,0.757344,5.96046e-08
4,0.625,0.4375,0.490937,0.560313,0.769062,2.68221e-07
4,0.625,0.46875,0.479219,0.556406,0.780781,2.38419e-07
4,0.625,0.5,0.4675,0.5525,0.7925,3.27826e-07
4,0.625,0.53125,0.455782,0.548593,0.804219,7.45058e-07
4,0.625,0.5625,0.444063,0.544687,0.815938,1.49012e-07
4,0.625,0.59375,0.432344,0.540781,0.827657,2.68221e-07
4,0.625,0.625,0.420625,0.536875,0.839375,4.17233e-07
4,0.625,0.65625,0.408906,0.532969,0.851094,4.47035e-07
4,0.625,0.6875,0.397187,0.529063,0.862812,3.57628e-07
4,0.625,0.71875,0.385468,0.525156,0.874531,2.68221e-07
4,0.625,0.75,0.373749,0.52125,0.88625,7.45058e-07
4,0.625,0.78125,0.362031,0.517344,0.897968,3.57628e-07
4,0.625,0.8125,0.350313,0.513437,0.909688,2.68221e-07
4,0.625,0.84375,0.338594,0.509531,0.921406,2.08616e-07
4,0.625,0.875,0.326875,0.505625,0.933125,1.78814e-07
4,0.625,0.90625,0.315157,0.501719,0.944844,3.57628e-07
4,0.625,0.9375,0.303437,0.497813,0.956562,5.96046e-07
4,0.625,0.96875,0.291719,0.493906,0.968281,1.49012e-07
4,0.625,1,0.28,0.49,0.98,1.78814e-07
4,0.65625,0,0.68625,0.64625,0.63625,2.38419e-07
4,0.65625,0.03125,0.675508,0.642669,0.646992,1.78814e-07
4,0.65625,0.0625,0.664766,0.639088,0.657734,1.78814e-07
4,0.65625,0.09375,0.654023,0.635508,0.668476,1.78814e-07
4,0.65625,0.125,0.643281,0.631927,0.679219,2.98023e-07
4,0.65625,0.15625,0.632539,0.628346,0.689961,1.78814e-07
4,0.65625,0.1875,0.621797,0.624766,0.700703,1.19209e-07
4,0.65625,0.21875,0.611054,0.621185,0.711445,1.78814e-07
4,0.65625,0.25,0.600313,0.617604,0.722187,2.38419e-07
4,0.65625,0.28125,0.58957,0.614024,0.73293,2.98023e-07
4,0.65625,0.3125,0.578828,0.610443,0.743672,1.78814e-07
4,0.65625,0.34375,0.568086,0.606862,0.754414,1.78814e-07
4,0.65625,0.375,0.557344,0.603281,0.765156,3.57628e-07
4,0.65625,0.40625,0.546602,0.5997,0.775898,2.38419e-07
4,0.65625,0.4375,0.53586,0.59612,0.78664,5.36442e-07
4,0.65625,0.46875,0.525118,0.592539,0.797383,6.55651e-07
4,0.65625,0.5,0.514374,0.588958,0.808125,4.76837e-07
4,0.65625,0.53125,0.503633,0.585378,0.818867,1.19209e-07
4,0.65625,0.5625,0.492891,0.581797,0.829609,3.27826e-07
4,0.65625,0.59375,0.482149,0.578216,0.840352,1.49012e-07
4,0.65625,0.625,0.471406,0.574636,0.851094,3.27826e-07
4,0.65625,0.65625,0.460664,0.571055,0.861836,2.98023e-07
4,0.65625,0.6875,0.449922,0.567474,0.872578,1.78814e-07
4,0.65625,0.71875,0.43918,0.563893,0.88332,6.25849e-07
4,0.65625,0.75,0.428437,0.560312,0.894063,2.38419e-07
4,0.65625,0.78125,0.417696,0.556732,0.904804,2.98023e-07
4,0.65625,0.8125,0.406953,0.553151,0.915547,1.49012e-07
4,0.65625,0.84375,0.396211,0.54957,0.926289,1.19209e-07
4,0.65625,0.875,0.385469,0.54599,0.937031,5.96046e-07
4,0.65625,0.90625,0.374726,0.542409,0.947773,5.06639e-07
4,0.65625,0.9375,0.363985,0.538828,0.958516,6.55651e-07
4,0.65625,0.96875,0.353242,0.535248,0.969258,5.36442e-07
4,0.65625,1,0.3425,0.531667,0.98,1.78814e-07
4,0.6875,0,0.7175,0.6775,0.6675,4.17233e-07
4,0.6875,0.03125,0.707734,0.674245,0.677266,5.96046e-08
4,0.6875,0.0625,0.697969,0.67099,0.687031,1.19209e-07
4,0.6875,0.09375,0.688202,0.667735,0.696797,1.01328e-06
4,0.6875,0.125,0.678437,0.664479,0.706563,5.96046e-08
4,0.6875,0.15625,0.668672,0.661224,0.716328,3.57628e-07
4,0.6875,0.1875,0.658907,0.657969,0.726094,3.57628e-07
4,0.6875,0.21875,0.649141,0.654713,0.735859,1.19209e-07
4,0.6875,0.25,0.639375,0.651458,0.745625,2.98023e-07
4,0.6875,0.28125,0.629609,0.648203,0.755391,5.96046e-08
4,0.6875,0.3125,0.619844,0.644948,0.765156,1.78814e-07
4,0.6875,0.34375,0.610078,0.641693,0.774922,2.38419e-07
4,0.6875,0.375,0.600312,0.638437,0.784687,1.19209e-07
4,0.6875,0.40625,0.590547,0.635182,0.794453,2.98023e-07
4,0.6875,0.4375,0.580781,0.631927,0.804219,1.78814e-07
4,0.6875,0.46875,0.571016,0.628672,0.813984,4.76837e-07
4,0.6875,0.5,0.56125,0.625417,0.82375,2.98023e-07
4,0.6875,0.53125,0.551484,0.622161,0.833516,1.19209e-07
4,0.6875,0.5625,0.541719,0.618906,0.843281,1.19209e-07
4,0.6875,0.59375,0.531953,0.615651,0.853047,5.96046e-08
4,0.6875,0.625,0.522188,0.612396,0.862813,5.96046e-08
4,0.6875,0.65625,0.512422,0.60914,0.872578,1.78814e-07
4,0.6875,0.6875,0.502656,0.605885,0.882344,5.96046e-08
4,0.6875,0.71875,0.492891,0.60263,0.892109,2.08616e-07
4,0.6875,0.75,0.483126,0.599375,0.901875,5.66244e-07
4,0.6875,0.78125,0.473359,0.59612,0.91164,1.78814e-07
4,0.6875,0.8125,0.463594,0.592864,0.921406,1.78814e-07
4,0.6875,0.84375,0.453829,0.589609,0.931172,3.8743e-07
4,0.6875,0.875,0.444062,0.586354,0.940937,2.38419e-07
4,0.6875,0.90625,0.434296,0.583099,0.950703,6.85453e-07
4,0.6875,0.9375,0.424531,0.579844,0.960469,1.78814e-07
4,0.6875,0.96875,0.414766,0.576589,0.970234,1.78814e-07
4,0.6875,1,0.405,0.573333,0.98,5.96046e-08
4,0.71875,0,0.74875,0.70875,0.69875,2.98023e-07
4,0.71875,0.03125,0.739961,0.70582,0.707539,2.38419e-07
4,0.71875,0.0625,0.731172,0.702891,0.716328,1.78814e-07
4,0.71875,0.09375,0.722383,0.699961,0.725117,1.78814e-07
4,0.71875,0.125,0.713593,0.697031,0.733906,4.76837e-07
4,0.71875,0.15625,0.704805,0.694102,0.742695,2.38419e-07
4,0.71875,0.1875,0.696016,0.691172,0.751484,1.78814e-07
4,0.71875,0.21875,0.687227,0.688242,0.760273,1.78814e-07
4,0.71875,0.25,0.678437,0.685313,0.769062,1.78814e-07
4,0.71875,0.28125,0.669649,0.682383,0.777852,1.19209e-07
4,0.71875,0.3125,0.660859,0.679453,0.786641,0
4,0.71875,0.34375,0.65207,0.676524,0.795429,3.57628e-07
4,0.71875,0.375,0.643281,0.673594,0.804219,2.38419e-07
4,0.71875,0.40625,0.634492,0.670664,0.813008,1.19209e-07
4,0.71875,0.4375,0.625703,0.667734,0.821797,2.98023e-07
4,0.71875,0.46875,0.616914,0.664805,0.830586,1.78814e-07
4,0.71875,0.5,0.608125,0.661875,0.839375,1.19209e-07
4,0.71875,0.53125,0.599336,0.658945,0.848164,5.96046e-08
4,0.71875,0.5625,0.590547,0.656016,0.856953,1.19209e-07
4,0.71875,0.59375,0.581758,0.653086,0.865742,2.98023e-07
4,0.71875,0.625,0.572969,0.650156,0.874531,3.57628e-07
4,0.71875,0.65625,0.56418,0.647227,0.88332,2.98023e-07
4,0.71875,0.6875,0.55539,0.644297,0.892109,2.38419e-07
4,0.71875,0.71875,0.546602,0.641367,0.900898,3.57628e-07
4,0.71875,0.75,0.537813,0.638438,0.909688,5.96046e-08
4,0.71875,0.78125,0.529023,0.635508,0.918476,1.78814e-07
4,0.71875,0.8125,0.520235,0.632578,0.927265,5.36442e-07
4,0.71875,0.84375,0.511445,0.629648,0.936055,2.38419e-07
4,0.71875,0.875,0.502656,0.626719,0.944844,2.38419e-07
4,0.71875,0.90625,0.493867,0.623789,0.953633,3.8743e-07
4,0.71875,0.9375,0.485078,0.620859,0.962422,3.27826e-07
4,0.71875,0.96875,0.476289,0.61793,0.971211,2.98023e-07
4,0.71875,1,0.4675,0.615,0.98,3.8743e-07
4,0.75,0,0.78,0.74,0.73,2.98023e-07
4,0.75,0.03125,0.772188,0.737396,0.737812,4.76837e-07
4,0.75,0.0625,0.764375,0.734792,0.745625,2.98023e-07
4,0.75,0.09375,0.756562,0.732188,0.753438,5.96046e-08
4,0.75,0.125,0.74875,0.729583,0.76125,1.78814e-07
4,0.75,0.15625,0.740937,0.726979,0.769062,2.98023e-07
4,0.75,0.1875,0.733125,0.724375,0.776875,2.38419e-07
4,0.75,0.21875,0.725313,0.721771,0.784687,1.78814e-07
4,0.75,0.25,0.7175,0.719167,0.7925,2.98023e-07
4,0.75,0.28125,0.709687,0.716563,0.800312,1.78814e-07
4,0.75,0.3125,0.701875,0.713958,0.808125,2.98023e-07
4,0.75,0.34375,0.694063,0.711354,0.815937,3.57628e-07
4,0.75,0.375,0.68625,0.70875,0.82375,2.38419e-07
4,0.75,0.40625,0.678437,0.706146,0.831563,2.38419e-07
4,0.75,0.4375,0.670625,0.703542,0.839375,1.19209e-07
4,0.75,0.46875,0.662813,0.700937,0.847187,1.78814e-07
4,0.75,0.5,0.655,0.698333,0.855,2.38419e-07
4,0.75,0.53125,0.647187,0.695729,0.862812,2.98023e-07
4,0.75,0.5625,0.639375,0.693125,0.870625,2.38419e-07
4,0.75,0.59375,0.631563,0.690521,0.878437,3.57628e-07
4,0.75,0.625,0.62375,0.687917,0.88625,4.76837e-07
4,0.75,0.65625,0.615937,0.685313,0.894062,4.76837e-07
4,0.75,0.6875,0.608125,0.682708,0.901875,2.38419e-07
4,0.75,0.71875,0.600312,0.680104,0.909687,4.17233e-07
4,0.75,0.75,0.5925,0.6775,0.9175,4.17233e-07
4,0.75,0.78125,0.584687,0.674896,0.925312,3.57628e-07
4,0.75,0.8125,0.576875,0.672292,0.933125,2.38419e-07
4,0.75,0.84375,0.569062,0.669688,0.940937,2.38419e-07
4,0.75,0.875,0.56125,0.667083,0.94875,4.17233e-07
4,0.75,0.90625,0.553437,0.664479,0.956562,4.76837e-07
4,0.75,0.9375,0.545626,0.661875,0.964375,1.07288e-06
4,0.75,0.96875,0.537813,0.659271,0.972187,1.78814e-07
4,0.75,1,0.53,0.656667,0.98,2.98023e-07
4,0.78125,0,0.81125,0.77125,0.76125,1.78814e-07
4,0.78125,0.03125,0.804414,0.768971,0.768086,1.78814e-07
4,0.78125,0.0625,0.797578,0.766693,0.774922,1.19209e-07
4,0.78125,0.09375,0.790742,0.764414,0.781758,1.78814e-07
4,0.78125,0.125,0.783906,0.762135,0.788594,1.78814e-07
4,0.78125,0.15625,0.77707,0.759857,0.79543,1.78814e-07
4,0.78125,0.1875,0.770234,0.757578,0.802265,2.98023e-07
4,0.78125,0.21875,0.763399,0.755299,0.809102,4.76837e-07
4,0.78125,0.25,0.756563,0.753021,0.815937,7.15256e-07
4,0.78125,0.28125,0.749727,0.750742,0.822773,2.98023e-07
4,0.78125,0.3125,0.742891,0.748463,0.829609,2.98023e-07
4,0.78125,0.34375,0.736055,0.746185,0.836445,1.19209e-07
4,0.78125,0.375,0.729218,0.743907,0.843281,5.36442e-07
4,0.78125,0.40625,0.722383,0.741628,0.850117,3.57628e-07
4,0.78125,0.4375,0.715547,0.739349,0.856953,2.38419e-07
4,0.78125,0.46875,0.70871,0.737071,0.863789,5.36442e-07
4,0.78125,0.5,0.701875,0.734792,0.870625,2.38419e-07
4,0.78125,0.53125,0.695039,0.732513,0.877461,5.96046e-08
4,0.78125,0.5625,0.688203,0.730234,0.884297,2.98023e-07
4,0.78125,0.59375,0.681367,0.727956,0.891133,1.78814e-07
4,0.78125,0.625,0.674532,0.725677,0.897969,4.17233e-07
4,0.78125,0.65625,0.667695,0.723398,0.904805,1.78814e-07
4,0.78125,0.6875,0.66086,0.72112,0.91164,2.98023e-07
4,0.78125,0.71875,0.654023,0.718841,0.918476,2.38419e-07
4,0.78125,0.75,0.647188,0.716562,0.925312,3.57628e-07
4,0.78125,0.78125,0.640352,0.714284,0.932148,4.17233e-07
4,0.78125,0.8125,0.633516,0.712005,0.938984,5.96046e-08
4,0.78125,0.84375,0.62668,0.709727,0.94582,1.78814e-07
4,0.78125,0.875,0.619844,0.707448,0.952656,1.78814e-07
4,0.78125,0.90625,0.613008,0.705169,0.959492,2.98023e-07
4,0.78125,0.9375,0.606172,0.702891,0.966328,2.98023e-07
4,0.78125,0.96875,0.599336,0.700612,0.973164,3.57628e-07
4,0.78125,1,0.5925,0.698333,0.98,1.78814e-07
4,0.8125,0,0.8425,0.8025,0.7925,3.57628e-07
4,0.8125,0.03125,0.836641,0.800547,0.798359,5.36442e-07
4,0.8125,0.0625,0.830781,0.798594,0.804219,1.78814e-07
4,0.8125,0.09375,0.824922,0.796641,0.810078,1.78814e-07
4,0.8125,0.125,0.819062,0.794688,0.815937,3.57628e-07
4,0.8125,0.15625,0.813203,0.792734,0.821797,2.38419e-07
4,0.8125,0.1875,0.807344,0.790781,0.827656,3.57628e-07
4,0.8125,0.21875,0.801485,0.788828,0.833516,1.78814e-07
4,0.8125,0.25,0.795625,0.786875,0.839375,1.78814e-07
4,0.8125,0.28125,0.789765,0.784922,0.845234,1.78814e-07
4,0.8125,0.3125,0.783906,0.782969,0.851094,2.38419e-07
4,0.8125,0.34375,0.778047,0.781016,0.856953,2.98023e-07
4,0.8125,0.375,0.772187,0.779063,0.862812,1.78814e-07
4,0.8125,0.40625,0.766328,0.77711,0.868672,2.38419e-07
4,0.8125,0.4375,0.760468,0.775156,0.874531,5.36442e-07
4,0.8125,0.46875,0.754609,0.773203,0.880391,1.19209e-07
4,0.8125,0.5,0.74875,0.77125,0.88625,2.38419e-07
4,0.8125,0.53125,0.742891,0.769297,0.892109,2.38419e-07
4,0.8125,0.5625,0.737032,0.767343,0.897969,7.15256e-07
4,0.8125,0.59375,0.731172,0.765391,0.903828,2.98023e-07
4,0.8125,0.625,0.725312,0.763438,0.909687,1.78814e-07
4,0.8125,0.65625,0.719454,0.761484,0.915547,4.17233e-07
4,0.8125,0.6875,0.713594,0.759531,0.921406,1.78814e-07
4,0.8125,0.71875,0.707735,0.757578,0.927265,3.57628e-07
4,0.8125,0.75,0.701875,0.755625,0.933125,1.78814e-07
4,0.8125,0.78125,0.696015,0.753672,0.938984,2.98023e-07
4,0.8125,0.8125,0.690156,0.751719,0.944844,2.38419e-07
4,0.8125,0.84375,0.684297,0.749766,0.950703,1.78814e-07
4,0.8125,0.875,0.678438,0.747812,0.956562,2.38419e-07
4,0.8125,0.90625,0.672577,0.74586,0.962422,9.53674e-07
4,0.8125,0.9375,0.666719,0.743906,0.968281,5.36442e-07
4,0.8125,0.96875,0.660859,0.741953,0.97414,2.98023e-07
4,0.8125,1,0.655,0.74,0.98,1.78814e-07
4,0.84375,0,0.87375,0.83375,0.82375,4.76837e-07
4,0.84375,0.03125,0.868867,0.832123,0.828633,5.96046e-07
4,0.84375,0.0625,0.863984,0.830495,0.833516,1.78814e-07
4,0.84375,0.09375,0.859102,0.828867,0.838398,1.19209e-07
4,0.84375,0.125,0.854219,0.827239,0.843281,2.98023e-07
4,0.84375,0.15625,0.849336,0.825612,0.848164,3.57628e-07
4,0.84375,0.1875,0.844453,0.823985,0.853047,2.38419e-07
4,0.84375,0.21875,0.83957,0.822357,0.857929,5.96046e-07
4,0.84375,0.25,0.834688,0.820729,0.862812,1.78814e-07
4,0.84375,0.28125,0.829805,0.819101,0.867695,2.38419e-07
4,0.84375,0.3125,0.824922,0.817474,0.872578,4.17233e-07
4,0.84375,0.34375,0.820039,0.815846,0.877461,1.78814e-07
4,0.84375,0.375,0.815156,0.814219,0.882344,5.96046e-08
4,0.84375,0.40625,0.810273,0.812591,0.887226,1.19209e-07
4,0.84375,0.4375,0.80539,0.810964,0.892109,5.36442e-07
4,0.84375,0.46875,0.800508,0.809336,0.896992,1.78814e-07
4,0.84375,0.5,0.795624,0.807708,0.901875,5.36442e-07
4,0.84375,0.53125,0.790742,0.806081,0.906758,2.98023e-07
4,0.84375,0.5625,0.785859,0.804453,0.91164,7.15256e-07
4,0.84375,0.59375,0.780976,0.802826,0.916523,2.98023e-07
4,0.84375,0.625,0.776093,0.801198,0.921406,3.57628e-07
4,0.84375,0.65625,0.771211,0.79957,0.926289,3.57628e-07
4,0.84375,0.6875,0.766328,0.797943,0.931172,1.19209e-07
4,0.84375,0.71875,0.761445,0.796315,0.936055,1.19209e-07
4,0.84375,0.75,0.756563,0.794687,0.940937,1.78814e-07
4,0.84375,0.78125,0.75168,0.79306,0.94582,1.78814e-07
4,0.84375,0.8125,0.746796,0.791432,0.950703,3.57628e-07
4,0.84375,0.84375,0.741914,0.789805,0.955586,2.98023e-07
4,0.84375,0.875,0.737031,0.788177,0.960469,1.78814e-07
4,0.84375,0.90625,0.732148,0.78655,0.965352,1.19209e-07
4,0.84375,0.9375,0.727265,0.784922,0.970234,5.96046e-07
4,0.84375,0.96875,0.722383,0.783294,0.975117,1.78814e-07
4,0.84375,1,0.717499,0.781667,0.98,7.15256e-07
4,0.875,0,0.905,0.865,0.855,1.78814e-07
4,0.875,0.03125,0.901094,0.863698,0.858906,5.96046e-08
4,0.875,0.0625,0.897187,0.862396,0.862812,5.96046e-08
4,0.875,0.09375,0.893281,0.861094,0.866719,2.38419e-07
4,0.875,0.125,0.889375,0.859792,0.870625,1.78814e-07
4,0.875,0.15625,0.885469,0.85849,0.874531,1.19209e-07
4,0.875,0.1875,0.881563,0.857187,0.878437,2.98023e-07
4,0.875,0.21875,0.877656,0.855885,0.882344,2.38419e-07
4,0.875,0.25,0.87375,0.854583,0.88625,4.17233e-07
4,0.875,0.28125,0.869844,0.853281,0.890156,2.38419e-07
4,0.875,0.3125,0.865938,0.851979,0.894062,2.98023e-07
4,0.875,0.34375,0.862031,0.850677,0.897969,2.38419e-07
4,0.875,0.375,0.858125,0.849375,0.901875,4.17233e-07
4,0.875,0.40625,0.854219,0.848073,0.905781,5.36442e-07
4,0.875,0.4375,0.850313,0.846771,0.909688,2.98023e-07
4,0.875,0.46875,0.846406,0.845469,0.913593,2.98023e-07
4,0.875,0.5,0.8425,0.844167,0.9175,1.19209e-07
4,0.875,0.53125,0.838594,0.842864,0.921406,2.38419e-07
4,0.875,0.5625,0.834687,0.841562,0.925312,1.19209e-07
4,0.875,0.59375,0.830781,0.84026,0.929219,2.38419e-07
4,0.875,0.625,0.826876,0.838958,0.933125,5.36442e-07
4,0.875,0.65625,0.822969,0.837656,0.937031,2.98023e-07
4,0.875,0.6875,0.819063,0.836354,0.940938,1.19209e-07
4,0.875,0.71875,0.815156,0.835052,0.944844,5.96046e-08
4,0.875,0.75,0.811251,0.83375,0.94875,6.55651e-07
4,0.875,0.78125,0.807344,0.832448,0.952656,1.78814e-07
4,0.875,0.8125,0.803438,0.831146,0.956562,2.98023e-07
4,0.875,0.84375,0.799531,0.829844,0.960468,2.98023e-07
4,0.875,0.875,0.795625,0.828541,0.964375,4.17233e-07
4,0.875,0.90625,0.791718,0.82724,0.968281,4.17233e-07
4,0.875,0.9375,0.787812,0.825938,0.972187,7.15256e-07
4,0.875,0.96875,0.783906,0.824636,0.976094,4.76837e-07
4,0.875,1,0.78,0.823333,0.98,1.19209e-07
4,0.90625,0,0.93625,0.89625,0.88625,3.57628e-07
4,0.90625,0.03125,0.93332,0.895274,0.88918,2.98023e-07
4,0.90625,0.0625,0.930391,0.894297,0.892109,1.78814e-07
4,0.90625,0.09375,0.927461,0.89332,0.895039,5.96046e-08
4,0.90625,0.125,0.924531,0.892344,0.897969,1.19209e-07
4,0.90625,0.15625,0.921601,0.891367,0.900898,4.76837e-07
4,0.90625,0.1875,0.918672,0.890391,0.903828,1.19209e-07
4,0.90625,0.21875,0.915742,0.889414,0.906758,2.98023e-07
4,0.90625,0.25,0.912813,0.888437,0.909688,4.17233e-07
4,0.90625,0.28125,0.909883,0.887461,0.912617,1.78814e-07
4,0.90625,0.3125,0.906953,0.886484,0.915547,1.78814e-07
4,0.90625,0.34375,0.904024,0.885508,0.918477,1.78814e-07
4,0.90625,0.375,0.901093,0.884532,0.921406,6.55651e-07
4,0.90625,0.40625,0.898164,0.883555,0.924336,5.96046e-08
4,0.90625,0.4375,0.895234,0.882578,0.927266,1.19209e-07
4,0.90625,0.46875,0.892305,0.881602,0.930195,1.78814e-07
4,0.90625,0.5,0.889375,0.880625,0.933125,1.19209e-07
4,0.90625,0.53125,0.886446,0.879649,0.936055,2.98023e-07
4,0.90625,0.5625,0.883515,0.878672,0.938984,1.78814e-07
4,0.90625,0.59375,0.880587,0.877695,0.941914,8.34465e-07
4,0.90625,0.625,0.877656,0.876719,0.944844,5.96046e-07
4,0.90625,0.65625,0.874727,0.875742,0.947773,3.57628e-07
4,0.90625,0.6875,0.871797,0.874766,0.950703,2.98023e-07
4,0.90625,0.71875,0.868868,0.873789,0.953633,4.17233e-07
4,0.90625,0.75,0.865937,0.872813,0.956562,3.57628e-07
4,0.90625,0.78125,0.863008,0.871836,0.959492,2.38419e-07
4,0.90625,0.8125,0.860078,0.870859,0.962422,2.38419e-07
4,0.90625,0.84375,0.857149,0.869883,0.965352,1.78814e-07
4,0.90625,0.875,0.854219,0.868906,0.968281,4.76837e-07
4,0.90625,0.90625,0.851289,0.86793,0.971211,3.57628e-07
4,0.90625,0.9375,0.848359,0.866953,0.97414,1.78814e-07
4,0.90625,0.96875,0.845429,0.865977,0.97707,3.57628e-07
4,0.90625,1,0.8425,0.865,0.98,5.96046e-08
4,0.9375,0,0.9675,0.9275,0.9175,1.78814e-07
4,0.9375,0.03125,0.965547,0.926849,0.919453,1.78814e-07
4,0.9375,0.0625,0.963594,0.926198,0.921406,6.55651e-07
4,0.9375,0.09375,0.961641,0.925546,0.923359,4.17233e-07
4,0.9375,0.125,0.959688,0.924896,0.925312,2.98023e-07
4,0.9375,0.15625,0.957734,0.924245,0.927265,2.38419e-07
4,0.9375,0.1875,0.955782,0.923594,0.929219,4.17233e-07
4,0.9375,0.21875,0.953828,0.922943,0.931172,5.36442e-07
4,0.9375,0.25,0.951875,0.922292,0.933125,2.98023e-07
4,0.9375,0.28125,0.949922,0.921641,0.935078,1.19209e-07
4,0.9375,0.3125,0.947968,0.92099,0.937031,2.98023e-07
4,0.9375,0.34375,0.946016,0.920338,0.938984,2.98023e-07
4,0.9375,0.375,0.944063,0.919688,0.940937,1.78814e-07
4,0.9375,0.40625,0.942109,0.919036,0.94289,1.78814e-07
4,0.9375,0.4375,0.940157,0.918385,0.944844,3.57628e-07
4,0.9375,0.46875,0.938203,0.917734,0.946797,1.78814e-07
4,0.9375,0.5,0.93625,0.917083,0.94875,3.57628e-07
4,0.9375,0.53125,0.934297,0.916432,0.950703,1.78814e-07
4,0.9375,0.5625,0.932344,0.915781,0.952656,1.78814e-07
4,0.9375,0.59375,0.93039,0.91513,0.954609,2.98023e-07
4,0.9375,0.625,0.928437,0.914479,0.956562,4.76837e-07
4,0.9375,0.65625,0.926485,0.913828,0.958516,3.57628e-07
4,0.9375,0.6875,0.924532,0.913177,0.960469,2.98023e-07
4,0.9375,0.71875,0.922578,0.912526,0.962422,1.78814e-07
4,0.9375,0.75,0.920625,0.911875,0.964375,3.57628e-07
4,0.9375,0.78125,0.918672,0.911224,0.966328,1.78814e-07
4,0.9375,0.8125,0.916719,0.910573,0.968281,1.78814e-07
4,0.9375,0.84375,0.914766,0.909922,0.970234,4.17233e-07
4,0.9375,0.875,0.912813,0.909271,0.972187,2.38419e-07
4,0.9375,0.90625,0.910859,0.90862,0.97414,2.98023e-07
4,0.9375,0.9375,0.908906,0.907969,0.976093,2.98023e-07
4,0.9375,0.96875,0.906953,0.907317,0.978047,2.38419e-07
4,0.9375,1,0.905,0.906667,0.98,2.98023e-07
4,0.96875,0,0.99875,0.95875,0.94875,1.78814e-07
4,0.96875,0.03125,0.997773,0.958425,0.949726,1.78814e-07
4,0.96875,0.0625,0.996797,0.958099,0.950703,2.98023e-07
4,0.96875,0.09375,0.995821,0.957773,0.951679,4.17233e-07
4,0.96875,0.125,0.994844,0.957448,0.952656,1.78814e-07
4,0.96875,0.15625,0.993867,0.957123,0.953633,2.98023e-07
4,0.96875,0.1875,0.99289,0.956797,0.954609,4.17233e-07
4,0.96875,0.21875,0.991914,0.956472,0.955586,2.98023e-07
4,0.96875,0.25,0.990937,0.956146,0.956562,5.36442e-07
4,0.96875,0.28125,0.989961,0.95582,0.957539,1.78814e-07
4,0.96875,0.3125,0.988985,0.955495,0.958516,2.98023e-07
4,0.96875,0.34375,0.988008,0.955169,0.959492,5.96046e-08
4,0.96875,0.375,0.987031,0.954844,0.960469,1.78814e-07
4,0.96875,0.40625,0.986054,0.954518,0.961445,2.98023e-07
4,0.96875,0.4375,0.985078,0.954192,0.962422,2.98023e-07
4,0.96875,0.46875,0.984101,0.953867,0.963398,2.98023e-07
4,0.96875,0.5,0.983125,0.953542,0.964375,5.96046e-08
4,0.96875,0.53125,0.982149,0.953216,0.965351,2.98023e-07
4,0.96875,0.5625,0.981172,0.95289,0.966328,2.98023e-07
4,0.96875,0.59375,0.980195,0.952565,0.967304,2.98023e-07
4,0.96875,0.625,0.979219,0.952239,0.968281,1.78814e-07
4,0.96875,0.65625,0.978242,0.951914,0.969258,2.98023e-07
4,0.96875,0.6875,0.977266,0.951588,0.970234,2.38419e-07
4,0.96875,0.71875,0.976289,0.951263,0.971211,1.78814e-07
4,0.96875,0.75,0.975312,0.950937,0.972187,1.78814e-07
4,0.96875,0.78125,0.974336,0.950612,0.973164,1.78814e-07
4,0.96875,0.8125,0.97336,0.950286,0.97414,2.98023e-07
4,0.96875,0.84375,0.972383,0.949961,0.975117,2.98023e-07
4,0.96875,0.875,0.971407,0.949635,0.976094,4.17233e-07
4,0.96875,0.90625,0.97043,0.94931,0.97707,1.19209e-07
4,0.96875,0.9375,0.969453,0.948984,0.978046,4.17233e-07
4,0.96875,0.96875,0.968476,0.948659,0.979024,1.78814e-07
4,0.96875,1,0.9675,0.948334,0.98,2.98023e-07
4,1,0,1,0.99,0.98,2.98023e-07
4,1,0.03125,1,0.99,0.98,2.98023e-07
4,1,0.0625,1,0.99,0.98,2.98023e-07
4,1,0.09375,1,0.99,0.98,2.98023e-07
4,1,0.125,1,0.99,0.98,2.98023e-07
4,1,0.15625,1,0.99,0.98,2.98023e-07
4,1,0.1875,1,0.99,0.98,2.98023e-07
4,1,0.21875,1,0.99,0.98,2.98023e-07
4,1,0.25,1,0.99,0.98,2.98023e-07
4,1,0.28125,1,0.99,0.98,2.98023e-07
4,1,0.3125,1,0.99,0.98,2.98023e-07
4,1,0.34375,1,0.99,0.98,2.98023e-07
4,1,0.375,1,0.99,0.98,2.98023e-07
4,1,0.40625,1,0.99,0.98,2.98023e-07
4,1,0.4375,1,0.99,0.98,2.98023e-07
4,1,0.46875,1,0.99,0.98,2.98023e-07
4,1,0.5,1,0.99,0.98,2.98023e-07
4,1,0.53125,1,0.99,0.98,2.98023e-07
4,1,0.5625,1,0.99,0.98,2.98023e-07
4,1,0.59375,1,0.99,0.98,2.98023e-07
4,1,0.625,1,0.99,0.98,2.98023e-07
4,1,0.65625,1,0.99,0.98,2.98023e-07
4,1,0.6875,1,0.99,0.98,2.98023e-07
4,1,0.71875,1,0.99,0.98,2.98023e-07
4,1,0.75,1,0.99,0.98,2.98023e-07
4,1,0.78125,1,0.99,0.98,2.98023e-07
4,1,0.8125,1,0.99,0.98,2.98023e-07
4,1,0.84375,1,0.99,0.98,2.98023e-07
4,1,0.875,1,0.99,0.98,2.98023e-07
4,1,0.90625,1,0.99,0.98,2.98023e-07
4,1,0.9375,1,0.99,0.98,2.98023e-07
4,1,0.96875,1,0.99,0.98,2.98023e-07
4,1,1,1,0.99,0.98,2.98023e-07
5,0,0,0.03,3.5722e-09,2.63215e-09,1.49012e-08
5,0,0.03125,0.03,3.5722e-09,2.63215e-09,1.49012e-08
5,0,0.0625,0.03,3.5722e-09,2.63215e-09,1.49012e-08
5,0,0.09375,0.03,3.5722e-09,2.63215e-09,1.49012e-08
5,0,0.125,0.03,3.5722e-09,2.63215e-09,1.49012e-08
5,0,0.15625,0.03,3.5722e-09,2.63215e-09,1.49012e-08
5,0,0.1875,0.03,3.5722e-09,2.63215e-09,1.49012e-08
5,0,0.21875,0.03,3.5722e-09,2.63215e-09,1.49012e-08
5,0,0.25,0.03,3.5722e-09,2.63215e-09,1.49012e-08
5,0,0.28125,0.03,3.5722e-09,2.63215e-09,1.49012e-08
5,0,0.3125,0.03,3.5722e-09,2.63215e-09,1.49012e-08
5,0,0.34375,0.03,3.5722e-09,2.63215e-09,1.49012e-08
5,0,0.375,0.03,3.5722e-09,2.63215e-09,1.49012e-08
5,0,0.40625,0.03,3.5722e-09,2.63215e-09,1.49012e-08
5,0,0.4375,0.03,3.5722e-09,2.63215e-09,1.49012e-08
5,0,0.46875,0.03,3.5722e-09,2.63215e-09,1.49012e-08
5,0,0.5,0.03,3.5722e-09,2.63215e-09,1.49012e-08
5,0,0.53125,0.03,3.5722e-09,2.63215e-09,1.49012e-08
5,0,0.5625,0.03,3.5722e-09,2.63215e-09,1.49012e-08
5,0,0.59375,0.03,3.5722e-09,2.63215e-09,1.49012e-08
5,0,0.625,0.03,3.5722e-09,2.63215e-09,1.49012e-08
5,0,0.65625,0.03,3.5722e-09,2.63215e-09,1.49012e-08
5,0,0.6875,0.03,3.5722e-09,2.63215e-09,1.49012e-08
5,0,0.71875,0.03,3.5722e-09,2.63215e-09,1.49012e-08
5,0,0.75,0.03,3.5722e-09,2.63215e-09,1.49012e-08
5,0,0.78125,0.03,3.5722e-09,2.63215e-09,1.49012e-08
5,0,0.8125,0.03,3.5722e-09,2.63215e-09,1.49012e-08
5,0,0.84375,0.03,3.5722e-09,2.63215e-09,1.49012e-08
5,0,0.875,0.03,3.5722e-09,2.63215e-09,1.49012e-08
5,0,0.90625,0.03,3.5722e-09,2.63215e-09,1.49012e-08
5,0,0.9375,0.03,3.5722e-09,2.63215e-09,1.49012e-08
5,0,0.96875,0.03,3.5722e-09,2.63215e-09,1.49012e-08
5,0,1,0.03,3.5722e-09,2.63215e-09,1.49012e-08
5,0.03125,0,0.06125,0.02125,0.01125,2.23517e-08
5,0.03125,0.03125,0.0601197,0.0209886,0.0123171,0.000153743
5,0.03125,0.0625,0.0587097,0.0208423,0.0135325,0.000587143
5,0.03125,0.09375,0.0570594,0.0207918,0.0148495,0.0012609
5,0.03125,0.125,0.0552046,0.0208198,0.0162233,0.00213917
5,0.03125,0.15625,0.0531779,0.020911,0.0176114,0.00318929
5,0.03125,0.1875,0.0510102,0.0210516,0.0189729,0.0043804
5,0.03125,0.21875,0.0487302,0.0212295,0.0202698,0.00568389
5,0.03125,0.25,0.0463651,0.0214342,0.0214671,0.00707243
5,0.03125,0.28125,0.0439413,0.0216562,0.022534,0.00851963
5,0.03125,0.3125,0.0414733,0.0218907,0.0234476,0.0100111
5,0.03125,0.34375,0.0389704,0.0221322,0.0241878,0.0115374
5,0.03125,0.375,0.0365411,0.0223702,0.0247376,0.0129902
5,0.03125,0.40625,0.0342362,0.0225957,0.0250893,0.0143185
5,0.03125,0.4375,0.0320792,0.0227992,0.0252435,0.015499
5,0.03125,0.46875,0.0300913,0.022971,0.0252095,0.0165103
5,0.03125,0.5,0.0282925,0.0231002,0.0250059,0.0173325
5,0.03125,0.53125,0.026701,0.0231756,0.0246603,0.0179475
5,0.03125,0.5625,0.0251837,0.0232055,0.0244723,0.0184882
5,0.03125,0.59375,0.0234782,0.0232156,0.0249779,0.0192171
5,0.03125,0.625,0.02201,0.0231366,0.0255024,0.0197088
5,0.03125,0.65625,0.020814,0.0229518,0.0260645,0.0199282
5,0.03125,0.6875,0.0198697,0.0226714,0.0266678,0.019896
5,0.03125,0.71875,0.0189588,0.0223824,0.027257,0.0198303
5,0.03125,0.75,0.0180575,0.0220927,0.0278255,0.019755
5,0.03125,0.78125,0.0171659,0.0218026,0.0283723,0.0196701
5,0.03125,0.8125,0.0162839,0.0215122,0.0288966,0.0195755
5,0.03125,0.84375,0.0154117,0.0212215,0.0293966,0.0194711
5,0.03125,0.875,0.0145495,0.0209308,0.0298716,0.0193567
5,0.03125,0.90625,0.0136975,0.02064,0.0303201,0.0192322
5,0.03125,0.9375,0.0128553,0.0203496,0.0307423,0.0190978
5,0.03125,0.96875,0.012018,0.0200624,0.0311532,0.0189586
5,0.03125,1,0.0111882,0.0197775,0.0315441,0.0188118
5,0.0625,0,0.0925,0.0524999,0.0425,5.21541e-08
5,0.0625,0.03125,0.0901568,0.0520404,0.0447469,0.000390045
5,0.0625,0.0625,0.0871554,0.0519033,0.0473449,0.00143836
5,0.0625,0.09375,0.0836684,0.0520014,0.049987,0.00297218
5,0.0625,0.125,0.0798574,0.0522565,0.0524276,0.00483007
5,0.0625,0.15625,0.075874,0.0526014,0.0544804,0.00686035
5,0.0625,0.1875,0.0718627,0.0529789,0.0560154,0.00891855
5,0.0625,0.21875,0.0679607,0.05334,0.0569568,0.0108674
5,0.0625,0.25,0.0642971,0.0536411,0.057283,0.0125779
5,0.0625,0.28125,0.0601852,0.0539066,0.0588554,0.0147366
5,0.0625,0.3125,0.0561616,0.0540444,0.0606606,0.0168072
5,0.0625,0.34375,0.0524511,0.0540055,0.0624936,0.0185645
5,0.0625,0.375,0.0492018,0.0537499,0.0643676,0.0198607
5,0.0625,0.40625,0.0465673,0.0532448,0.0662655,0.0205421
5,0.0625,0.4375,0.0444438,0.052547,0.0681768,0.0207125
5,0.0625,0.46875,0.0423225,0.0518492,0.0700692,0.0208806
5,0.0625,0.5,0.0401738,0.0511599,0.071944,0.0210762
5,0.0625,0.53125,0.0380071,0.0504807,0.073803,0.0212898
5,0.0625,0.5625,0.0358777,0.0498123,0.0756476,0.0214661
5,0.0625,0.59375,0.0337867,0.0491587,0.077479,0.0216039
5,0.0625,0.625,0.0317287,0.0485182,0.0792972,0.0217088
5,0.0625,0.65625,0.0296971,0.0478878,0.0811018,0.0217873
5,0.0625,0.6875,0.0276909,0.0472683,0.0828926,0.0218403
5,0.0625,0.71875,0.0257091,0.0466606,0.0846689,0.0218691
5,0.0625,0.75,0.0237511,0.0460652,0.0864302,0.0218739
5,0.0625,0.78125,0.0218161,0.0454832,0.0881757,0.0218557
5,0.0625,0.8125,0.0199037,0.0449153,0.089904,0.021815
5,0.0625,0.84375,0.018016,0.0443649,0.0916133,0.0217497
5,0.0625,0.875,0.0161424,0.0438244,0.0933052,0.0216701
5,0.0625,0.90625,0.0142719,0.0432851,0.0949823,0.0215875
5,0.0625,0.9375,0.012405,0.0427473,0.0966446,0.0215013
5,0.0625,0.96875,0.0105418,0.0422111,0.0982914,0.0214113
5,0.0625,1,0.00868274,0.0416769,0.0999224,0.0213173
5,0.09375,0,0.12375,0.0837499,0.07375,8.9407e-08
5,0.09375,0.03125,0.12003,0.0831282,0.0772039,0.000789888
5,0.09375,0.0625,0.115104,0.0830585,0.0810523,0.00278663
5,0.09375,0.09375,0.109486,0.0833258,0.0845067,0.00547519
5,0.09375,0.125,0.103641,0.0837512,0.0870286,0.00838984
5,0.09375,0.15625,0.0979936,0.0841861,0.0883192,0.0111079
5,0.09375,0.1875,0.0920832,0.0845679,0.0902154,0.0140887
5,0.09375,0.21875,0.0861237,0.0847576,0.0929363,0.0171185
5,0.09375,0.25,0.0808295,0.0846001,0.0957125,0.019483
5,0.09375,0.28125,0.0766209,0.0839773,0.0985679,0.0207619
5,0.09375,0.3125,0.0734636,0.0829452,0.101495,0.0209896
5,0.09375,0.34375,0.0703574,0.0818903,0.104424,0.0211661
5,0.09375,0.375,0.067246,0.0808333,0.107352,0.0213478
5,0.09375,0.40625,0.0641301,0.0797739,0.110278,0.021534
5,0.09375,0.4375,0.0610097,0.0787117,0.113205,0.0217247
5,0.09375,0.46875,0.0578855,0.0776463,0.116131,0.0219192
5,0.09375,0.5,0.0547574,0.0765774,0.119058,0.0221176
5,0.09375,0.53125,0.0516261,0.0755045,0.121985,0.0223192
5,0.09375,0.5625,0.0484919,0.0744273,0.124915,0.0225237
5,0.09375,0.59375,0.0453546,0.0733457,0.127846,0.0227314
5,0.09375,0.625,0.042166,0.0722772,0.130758,0.0229902
5,0.09375,0.65625,0.0389,0.0712256,0.133653,0.0233265
5,0.09375,0.6875,0.0356598,0.0701929,0.136532,0.0236371
5,0.09375,0.71875,0.0324912,0.069181,0.139395,0.023876
5,0.09375,0.75,0.0293894,0.0681917,0.142244,0.0240481
5,0.09375,0.78125,0.0263491,0.067227,0.145078,0.0241587
5,0.09375,0.8125,0.0233666,0.066289,0.147897,0.0242116
5,0.09375,0.84375,0.0204376,0.0653796,0.150701,0.0242108
5,0.09375,0.875,0.0175584,0.0645012,0.153489,0.0241603
5,0.09375,0.90625,0.0147271,0.063658,0.15626,0.024062
5,0.09375,0.9375,0.0119152,0.0628279,0.159018,0.0239442
5,0.09375,0.96875,0.00911343,0.0620033,0.161767,0.0238163
5,0.09375,1,0.00632116,0.0611845,0.164507,0.0236788
5,0.125,0,0.155,0.115,0.105,1.49012e-08
5,0.125,0.03125,0.149818,0.114241,0.109663,0.00127533
5,0.125,0.0625,0.142896,0.114263,0.114522,0.00429174
5,0.125,0.09375,0.135319,0.11467,0.118121,0.00796267
5,0.125,0.125,0.128001,0.115144,0.119741,0.0113743
5,0.125,0.15625,0.119892,0.115545,0.123355,0.0155768
5,0.125,0.1875,0.112533,0.115511,0.127036,0.0190298
5,0.125,0.21875,0.10675,0.114785,0.130832,0.0209065
5,0.125,0.25,0.102582,0.113424,0.134737,0.021168
5,0.125,0.28125,0.0984805,0.112034,0.138644,0.0213632
5,0.125,0.3125,0.0943731,0.110642,0.14255,0.0215644
5,0.125,0.34375,0.0902596,0.109247,0.146453,0.0217717
5,0.125,0.375,0.0861408,0.107849,0.150356,0.0219842
5,0.125,0.40625,0.0820173,0.106447,0.154259,0.0222014
5,0.125,0.4375,0.0778891,0.105041,0.158163,0.0224234
5,0.125,0.46875,0.0737571,0.10363,0.162067,0.0226492
5,0.125,0.5,0.0696216,0.102213,0.165973,0.0228784
5,0.125,0.53125,0.0654833,0.100791,0.169881,0.0231104
5,0.125,0.5625,0.0613421,0.0993621,0.173792,0.0233454
5,0.125,0.59375,0.0571992,0.0979265,0.177706,0.023582
5,0.125,0.625,0.053055,0.0964836,0.181625,0.02382
5,0.125,0.65625,0.0489091,0.095033,0.185547,0.0240596
5,0.125,0.6875,0.0447678,0.0935725,0.189475,0.0242947
5,0.125,0.71875,0.0405497,0.0921244,0.193394,0.0246066
5,0.125,0.75,0.0362431,0.0907044,0.197296,0.0250069
5,0.125,0.78125,0.0320459,0.0893153,0.201182,0.0252978
5,0.125,0.8125,0.0279498,0.0879602,0.205054,0.0254878
5,0.125,0.84375,0.0239458,0.0866423,0.208911,0.0255855
5,0.125,0.875,0.0200264,0.0853644,0.212752,0.0255986
5,0.125,0.90625,0.016183,0.0841301,0.216578,0.0255357
5,0.125,0.9375,0.0124064,0.0829419,0.220387,0.0254061
5,0.125,0.96875,0.00865345,0.0817632,0.224187,0.0252528
5,0.125,1,0.00491493,0.0805881,0.227982,0.0250851
5,0.15625,0,0.18625,0.14625,0.13625,8.9407e-08
5,0.15625,0.03125,0.179546,0.145372,0.142102,0.00182122
5,0.15625,0.0625,0.170655,0.145492,0.147662,0.00582924
5,0.15625,0.09375,0.161474,0.145977,0.150707,0.0101279
5,0.15625,0.125,0.151662,0.14645,0.154666,0.0150565
5,0.15625,0.15625,0.142558,0.146391,0.159276,0.019278
5,0.15625,0.1875,0.135824,0.145316,0.164055,0.021129
5,0.15625,0.21875,0.130739,0.143596,0.168944,0.0213312
5,0.15625,0.25,0.125647,0.141874,0.173829,0.0215409
5,0.15625,0.28125,0.120547,0.140149,0.178711,0.0217576
5,0.15625,0.3125,0.115441,0.13842,0.183592,0.0219806
5,0.15625,0.34375,0.110329,0.136688,0.188471,0.0222101
5,0.15625,0.375,0.105211,0.134952,0.193351,0.0224449
5,0.15625,0.40625,0.100089,0.13321,0.198231,0.0226844
5,0.15625,0.4375,0.0949626,0.131463,0.203112,0.022928
5,0.15625,0.46875,0.0898323,0.12971,0.207995,0.0231755
5,0.15625,0.5,0.0846986,0.12795,0.212881,0.0234265
5,0.15625,0.53125,0.0795626,0.126182,0.21777,0.0236795
5,0.15625,0.5625,0.0744244,0.124407,0.222664,0.023935
5,0.15625,0.59375,0.0692848,0.122623,0.227561,0.0241918
5,0.15625,0.625,0.0641439,0.12083,0.232464,0.0244499
5,0.15625,0.65625,0.0590025,0.119027,0.237372,0.0247084
5,0.15625,0.6875,0.0538605,0.117214,0.242285,0.0249676
5,0.15625,0.71875,0.0487188,0.115391,0.247204,0.0252265
5,0.15625,0.75,0.0435824,0.113556,0.25213,0.0254801
5,0.15625,0.78125,0.0383115,0.111738,0.257047,0.0258682
5,0.15625,0.8125,0.0330696,0.109962,0.261947,0.0262272
5,0.15625,0.84375,0.0279681,0.108232,0.266832,0.0264459
5,0.15625,0.875,0.0229932,0.106552,0.2717,0.0265381
5,0.15625,0.90625,0.0181308,0.104925,0.276552,0.0265177
5,0.15625,0.9375,0.0133689,0.103359,0.281386,0.0263968
5,0.15625,0.96875,0.00866746,0.10183,0.286208,0.0262154
5,0.15625,1,0.00398625,0.100301,0.291026,0.0260138
5,0.1875,0,0.2175,0.1775,0.1675,1.19209e-07
5,0.1875,0.03125,0.209232,0.176518,0.174506,0.00240907
5,0.1875,0.0625,0.198474,0.176729,0.180419,0.00730687
5,0.1875,0.09375,0.187325,0.177266,0.184147,0.0125973
5,0.1875,0.125,0.175919,0.177467,0.18964,0.0181438
5,0.1875,0.15625,0.167084,0.17651,0.195323,0.0211192
5,0.1875,0.1875,0.160965,0.174479,0.201188,0.0213791
5,0.1875,0.21875,0.154888,0.172426,0.207052,0.0215967
5,0.1875,0.25,0.148802,0.170371,0.212912,0.0218227
5,0.1875,0.28125,0.14271,0.168313,0.21877,0.0220555
5,0.1875,0.3125,0.136611,0.16625,0.224627,0.0222952
5,0.1875,0.34375,0.130506,0.164183,0.230483,0.022541
5,0.1875,0.375,0.124395,0.162111,0.236339,0.0227922
5,0.1875,0.40625,0.11828,0.160032,0.242197,0.0230478
5,0.1875,0.4375,0.112161,0.157947,0.248056,0.023308
5,0.1875,0.46875,0.106038,0.155855,0.253919,0.0235713
5,0.1875,0.5,0.0999121,0.153755,0.259785,0.0238379
5,0.1875,0.53125,0.093784,0.151645,0.265655,0.0241067
5,0.1875,0.5625,0.0876542,0.149527,0.271529,0.0243771
5,0.1875,0.59375,0.0815231,0.147399,0.27741,0.0246488
5,0.1875,0.625,0.0753916,0.14526,0.283296,0.0249209
5,0.1875,0.65625,0.0692598,0.14311,0.289188,0.0251934
5,0.1875,0.6875,0.0631271,0.14095,0.295085,0.0254667
5,0.1875,0.71875,0.0569948,0.138777,0.30099,0.0257396
5,0.1875,0.75,0.0508621,0.136593,0.3069,0.0260129
5,0.1875,0.78125,0.0447285,0.134396,0.312816,0.0262871
5,0.1875,0.8125,0.038506,0.132203,0.318732,0.0266502
5,0.1875,0.84375,0.0322794,0.130063,0.324629,0.0270175
5,0.1875,0.875,0.0262286,0.127982,0.330509,0.0272089
5,0.1875,0.90625,0.020333,0.125967,0.33637,0.0272451
5,0.1875,0.9375,0.0145728,0.124023,0.342213,0.027146
5,0.1875,0.96875,0.00891614,0.122142,0.348039,0.0269432
5,0.1875,1,0.00328976,0.120267,0.353861,0.0267102
5,0.21875,0,0.24875,0.20875,0.19875,1.78814e-07
5,0.21875,0.03125,0.23889,0.207676,0.206862,0.00302365
5,0.21875,0.0625,0.226421,0.20796,0.212766,0.00865668
5,0.21875,0.09375,0.213109,0.208474,0.218169,0.0151332
5,0.21875,0.125,0.201101,0.208108,0.224678,0.0203057
5,0.21875,0.15625,0.193218,0.206052,0.231471,0.0213526
5,0.21875,0.1875,0.18616,0.203671,0.238315,0.0215742
5,0.21875,0.21875,0.179094,0.201288,0.245154,0.0218044
5,0.21875,0.25,0.17202,0.198901,0.25199,0.0220426
5,0.21875,0.28125,0.164938,0.196511,0.258824,0.0222882
5,0.21875,0.3125,0.15785,0.194116,0.265657,0.0225407
5,0.21875,0.34375,0.150756,0.191715,0.27249,0.0227989
5,0.21875,0.375,0.143656,0.189309,0.279324,0.023063
5,0.21875,0.40625,0.136551,0.186895,0.286159,0.0233316
5,0.21875,0.4375,0.129443,0.184474,0.292997,0.0236041
5,0.21875,0.46875,0.122331,0.182045,0.299838,0.0238799
5,0.21875,0.5,0.115217,0.179607,0.306684,0.024158
5,0.21875,0.53125,0.108101,0.177159,0.313534,0.0244384
5,0.21875,0.5625,0.100983,0.174701,0.32039,0.0247201
5,0.21875,0.59375,0.0938645,0.172232,0.327252,0.0250027
5,0.21875,0.625,0.0867449,0.169751,0.33412,0.0252864
5,0.21875,0.65625,0.0796253,0.167259,0.340995,0.02557
5,0.21875,0.6875,0.0725056,0.164754,0.347876,0.0258538
5,0.21875,0.71875,0.0653854,0.162237,0.354764,0.026138
5,0.21875,0.75,0.0582645,0.159707,0.361658,0.026423
5,0.21875,0.78125,0.0511407,0.157165,0.368557,0.0267109
5,0.21875,0.8125,0.0440131,0.15461,0.375461,0.0270025
5,0.21875,0.84375,0.0367803,0.152065,0.382363,0.0273994
5,0.21875,0.875,0.0296307,0.149589,0.389245,0.027713
5,0.21875,0.90625,0.0226869,0.147189,0.396106,0.0278209
5,0.21875,0.9375,0.0159192,0.144871,0.402947,0.0277527
5,0.21875,0.96875,0.00929571,0.142637,0.409769,0.0275402
5,0.21875,1,0.00272151,0.14042,0.416584,0.0272785
5,0.25,0,0.28,0.24,0.23,7.45058e-08
5,0.25,0.03125,0.268535,0.238843,0.239159,0.00365204
5,0.25,0.0625,0.254458,0.23918,0.2449,0.00991747
5,0.25,0.09375,0.239195,0.239545,0.252215,0.0173676
5,0.25,0.125,0.227481,0.238299,0.259795,0.0212686
5,0.25,0.15625,0.219438,0.235594,0.267618,0.0214996
5,0.25,0.1875,0.211394,0.232884,0.275438,0.0217305
5,0.25,0.21875,0.203342,0.230171,0.283253,0.0219707
5,0.25,0.25,0.195281,0.227454,0.291065,0.0222192
5,0.25,0.28125,0.187213,0.224732,0.298875,0.0224749
5,0.25,0.3125,0.179138,0.222006,0.306685,0.0227373
5,0.25,0.34375,0.171056,0.219273,0.314495,0.0230061
5,0.25,0.375,0.16297,0.216534,0.322306,0.0232801
5,0.25,0.40625,0.154879,0.213787,0.330119,0.0235583
5,0.25,0.4375,0.146784,0.211032,0.337935,0.0238408
5,0.25,0.46875,0.138686,0.208268,0.345755,0.0241261
5,0.25,0.5,0.130587,0.205494,0.35358,0.0244135
5,0.25,0.53125,0.122484,0.20271,0.36141,0.0247033
5,0.25,0.5625,0.114381,0.199914,0.369247,0.0249943
5,0.25,0.59375,0.106277,0.197107,0.377089,0.0252855
5,0.25,0.625,0.0981724,0.194287,0.384939,0.0255776
5,0.25,0.65625,0.0900674,0.191455,0.392795,0.0258701
5,0.25,0.6875,0.0819627,0.18861,0.400658,0.0261623
5,0.25,0.71875,0.0738555,0.185752,0.408528,0.026457
5,0.25,0.75,0.065747,0.182881,0.416404,0.026753
5,0.25,0.78125,0.0576347,0.179997,0.424285,0.0270528
5,0.25,0.8125,0.0495167,0.1771,0.43217,0.0273583
5,0.25,0.84375,0.0413939,0.174192,0.44006,0.0276686
5,0.25,0.875,0.0331498,0.171323,0.447938,0.0281002
5,0.25,0.90625,0.0251401,0.168541,0.455794,0.0282974
5,0.25,0.9375,0.0173538,0.165854,0.463627,0.0282712
5,0.25,0.96875,0.00975259,0.163268,0.471438,0.0280599
5,0.25,1,0.00222802,0.160713,0.479241,0.027772
5,0.28125,0,0.31125,0.27125,0.26125,1.78814e-07
5,0.28125,0.03125,0.298176,0.270017,0.271391,0.0042845
5,0.28125,0.0625,0.282099,0.270417,0.277996,0.0115727
5,0.28125,0.09375,0.265691,0.270449,0.286289,0.0191917
5,0.28125,0.125,0.254703,0.268188,0.294962,0.0213906
5,0.28125,0.15625,0.245685,0.265152,0.303763,0.0216202
5,0.28125,0.1875,0.236657,0.262112,0.312558,0.021859
5,0.28125,0.21875,0.227619,0.25907,0.321349,0.0221072
5,0.28125,0.25,0.218574,0.256023,0.330138,0.0223635
5,0.28125,0.28125,0.209521,0.252971,0.338924,0.0226276
5,0.28125,0.3125,0.200461,0.249914,0.347711,0.0228985
5,0.28125,0.34375,0.191395,0.246851,0.356497,0.0231754
5,0.28125,0.375,0.182324,0.24378,0.365285,0.0234576
5,0.28125,0.40625,0.173248,0.240701,0.374076,0.023744
5,0.28125,0.4375,0.164169,0.237613,0.38287,0.0240344
5,0.28125,0.46875,0.155087,0.234516,0.391669,0.0243272
5,0.28125,0.5,0.146002,0.231408,0.400473,0.0246228
5,0.28125,0.53125,0.136917,0.228288,0.409283,0.0249194
5,0.28125,0.5625,0.127829,0.225157,0.418099,0.0252174
5,0.28125,0.59375,0.118742,0.222014,0.426922,0.0255163
5,0.28125,0.625,0.109654,0.218857,0.435752,0.0258151
5,0.28125,0.65625,0.100564,0.215688,0.444589,0.0261154
5,0.28125,0.6875,0.0914758,0.212505,0.453433,0.0264148
5,0.28125,0.71875,0.082384,0.209308,0.462284,0.0267175
5,0.28125,0.75,0.0732893,0.206099,0.47114,0.0270232
5,0.28125,0.78125,0.0641891,0.202876,0.480002,0.0273343
5,0.28125,0.8125,0.0550787,0.199642,0.488868,0.0276556
5,0.28125,0.84375,0.0459533,0.196396,0.497736,0.027992
5,0.28125,0.875,0.0367513,0.193151,0.506605,0.028405
5,0.28125,0.90625,0.027662,0.189991,0.515451,0.0287052
5,0.28125,0.9375,0.0188464,0.186937,0.524272,0.0287317
5,0.28125,0.96875,0.0102603,0.183998,0.533069,0.0285288
5,0.28125,1,0.0017818,0.181109,0.541856,0.0282182
5,0.3125,0,0.3425,0.3025,0.2925,1.78814e-07
5,0.3125,0.03125,0.327822,0.301198,0.303551,0.00491205
5,0.3125,0.0625,0.309792,0.301626,0.311097,0.0131772
5,0.3125,0.09375,0.292692,0.301158,0.320395,0.0205112
5,0.3125,0.125,0.281953,0.298084,0.330128,0.0214845
5,0.3125,0.15625,0.271952,0.294719,0.339905,0.0217203
5,0.3125,0.1875,0.26194,0.291351,0.349676,0.021966
5,0.3125,0.21875,0.25192,0.28798,0.359444,0.0222209
5,0.3125,0.25,0.241891,0.284604,0.369209,0.0224839
5,0.3125,0.28125,0.231854,0.281224,0.378972,0.0227552
5,0.3125,0.3125,0.221811,0.277837,0.388734,0.023033
5,0.3125,0.34375,0.211761,0.274443,0.398498,0.0233167
5,0.3125,0.375,0.201707,0.271041,0.408263,0.0236056
5,0.3125,0.40625,0.191648,0.267631,0.418032,0.0238989
5,0.3125,0.4375,0.181586,0.264212,0.427804,0.0241955
5,0.3125,0.46875,0.171521,0.260782,0.437581,0.0244948
5,0.3125,0.5,0.161454,0.257341,0.447364,0.0247964
5,0.3125,0.53125,0.151385,0.253888,0.457153,0.0250996
5,0.3125,0.5625,0.141315,0.250423,0.466948,0.0254036
5,0.3125,0.59375,0.131245,0.246945,0.476751,0.0257085
5,0.3125,0.625,0.121174,0.243454,0.486561,0.0260132
5,0.3125,0.65625,0.111103,0.239949,0.496378,0.0263189
5,0.3125,0.6875,0.10103,0.23643,0.506203,0.026626
5,0.3125,0.71875,0.0909546,0.232897,0.516033,0.026936
5,0.3125,0.75,0.0808748,0.229351,0.52587,0.0272502
5,0.3125,0.78125,0.0707878,0.225793,0.535711,0.0275716
5,0.3125,0.8125,0.0606869,0.222222,0.545556,0.0279069
5,0.3125,0.84375,0.0505656,0.218641,0.555403,0.0282625
5,0.3125,0.875,0.0404199,0.215049,0.565252,0.0286426
5,0.3125,0.90625,0.0302352,0.211514,0.575087,0.0290617
5,0.3125,0.9375,0.0203781,0.208096,0.584894,0.0291531
5,0.3125,0.96875,0.0107983,0.204805,0.594676,0.0289673
5,0.3125,1,0.00136412,0.201584,0.604442,0.0286359
5,0.34375,0,0.37375,0.33375,0.32375,2.08616e-07
5,0.34375,0.03125,0.357481,0.332382,0.335634,0.0055272
5,0.34375,0.0625,0.337562,0.332797,0.344204,0.0147032
5,0.34375,0.09375,0.32028,0.331645,0.35454,0.0212433
5,0.34375,0.125,0.309217,0.327989,0.365293,0.0215638
5,0.34375,0.15625,0.298234,0.324296,0.376046,0.0218053
5,0.34375,0.1875,0.287241,0.3206,0.386793,0.0220563
5,0.34375,0.21875,0.276237,0.3169,0.397537,0.0223172
5,0.34375,0.25,0.265226,0.313196,0.408278,0.0225863
5,0.34375,0.28125,0.254207,0.309486,0.419018,0.0228632
5,0.34375,0.3125,0.243182,0.30577,0.429757,0.0231464
5,0.34375,0.34375,0.23215,0.302047,0.440498,0.0234362
5,0.34375,0.375,0.221113,0.298315,0.45124,0.0237308
5,0.34375,0.40625,0.210072,0.294575,0.461986,0.0240295
5,0.34375,0.4375,0.199028,0.290824,0.472736,0.0243314
5,0.34375,0.46875,0.18798,0.287063,0.483491,0.0246367
5,0.34375,0.5,0.176932,0.28329,0.494253,0.0249431
5,0.34375,0.53125,0.165881,0.279505,0.50502,0.0252514
5,0.34375,0.5625,0.15483,0.275707,0.515795,0.0255605
5,0.34375,0.59375,0.143778,0.271896,0.526577,0.0258703
5,0.34375,0.625,0.132726,0.268071,0.537367,0.0261799
5,0.34375,0.65625,0.121672,0.264232,0.548163,0.0264917
5,0.34375,0.6875,0.110618,0.260379,0.558967,0.0268042
5,0.34375,0.71875,0.0995586,0.256512,0.569777,0.0271211
5,0.34375,0.75,0.0884944,0.252631,0.580593,0.0274431
5,0.34375,0.78125,0.0774206,0.248738,0.591413,0.0277747
5,0.34375,0.8125,0.0663296,0.244834,0.602236,0.0281235
5,0.34375,0.84375,0.0552143,0.240919,0.613062,0.0284966
5,0.34375,0.875,0.0440566,0.236995,0.623889,0.0289121
5,0.34375,0.90625,0.0328454,0.233093,0.634708,0.0293812
5,0.34375,0.9375,0.0219399,0.229313,0.6455,0.0295445
5,0.34375,0.96875,0.011358,0.225671,0.656264,0.0293842
5,0.34375,1,0.000965022,0.222119,0.66701,0.029035
5,0.375,0,0.405,0.365,0.355,2.38419e-07
5,0.375,0.03125,0.387158,0.363568,0.367637,0.00612336
5,0.375,0.0625,0.365438,0.363923,0.377319,0.0161248
5,0.375,0.09375,0.348447,0.361917,0.388721,0.0213971
5,0.375,0.125,0.336493,0.357899,0.400456,0.021632
5,0.375,0.15625,0.324528,0.353879,0.412185,0.021878
5,0.375,0.1875,0.312553,0.349855,0.423909,0.0221343
5,0.375,0.21875,0.300569,0.345827,0.435629,0.0223997
5,0.375,0.25,0.288576,0.341795,0.447346,0.0226739
5,0.375,0.28125,0.276575,0.337757,0.459063,0.0229559
5,0.375,0.3125,0.264568,0.333712,0.470779,0.0232442
5,0.375,0.34375,0.252555,0.32966,0.482496,0.0235387
5,0.375,0.375,0.240537,0.325599,0.494216,0.0238384
5,0.375,0.40625,0.228515,0.321528,0.50594,0.0241412
5,0.375,0.4375,0.216489,0.317448,0.517667,0.0244487
5,0.375,0.46875,0.204461,0.313356,0.5294,0.0247576
5,0.375,0.5,0.192431,0.309252,0.54114,0.0250686
5,0.375,0.53125,0.1804,0.305136,0.552886,0.025381
5,0.375,0.5625,0.168369,0.301006,0.56464,0.0256939
5,0.375,0.59375,0.156335,0.296862,0.576401,0.0260085
5,0.375,0.625,0.144302,0.292705,0.588169,0.0263225
5,0.375,0.65625,0.132267,0.288533,0.599945,0.0266394
5,0.375,0.6875,0.12023,0.284347,0.611728,0.0269575
5,0.375,0.71875,0.10819,0.280147,0.623517,0.0272791
5,0.375,0.75,0.0961401,0.275933,0.635311,0.0276099
5,0.375,0.78125,0.0840803,0.271707,0.64711,0.027951
5,0.375,0.8125,0.0719994,0.26747,0.658912,0.0283131
5,0.375,0.84375,0.0598888,0.263223,0.670715,0.0287049
5,0.375,0.875,0.0477273,0.258968,0.682518,0.0291477
5,0.375,0.90625,0.0354907,0.254716,0.694319,0.0296655
5,0.375,0.9375,0.0235227,0.250576,0.706094,0.0299148
5,0.375,0.96875,0.011935,0.246585,0.717839,0.0297838
5,0.375,1,0.000582575,0.2427,0.729564,0.0294174
5,0.40625,0,0.43625,0.39625,0.38625,1.49012e-07
5,0.40625,0.03125,0.416859,0.394757,0.399555,0.00669536
5,0.40625,0.0625,0.39344,0.394997,0.410443,0.0174194
5,0.40625,0.09375,0.376712,0.39216,0.422907,0.0214518
5,0.40625,0.125,0.363778,0.387815,0.435619,0.0216909
5,0.40625,0.15625,0.350832,0.383467,0.448324,0.0219411
5,0.40625,0.1875,0.337876,0.379116,0.461024,0.0222017
5,0.40625,0.21875,0.324911,0.374761,0.47372,0.0224716
5,0.40625,0.25,0.311938,0.3704,0.486414,0.0227497
5,0.40625,0.28125,0.298956,0.366034,0.499107,0.0230361
5,0.40625,0.3125,0.285968,0.361661,0.5118,0.0233293
5,0.40625,0.34375,0.272974,0.35728,0.524494,0.0236273
5,0.40625,0.375,0.259975,0.35289,0.537191,0.023931
5,0.40625,0.40625,0.246972,0.34849,0.549892,0.0242385
5,0.40625,0.4375,0.233966,0.34408,0.562597,0.0245492
5,0.40625,0.46875,0.220958,0.339658,0.575308,0.0248626
5,0.40625,0.5,0.207947,0.335224,0.588026,0.0251777
5,0.40625,0.53125,0.194937,0.330776,0.60075,0.0254931
5,0.40625,0.5625,0.181923,0.326316,0.613482,0.0258109
5,0.40625,0.59375,0.168911,0.321841,0.626222,0.0261283
5,0.40625,0.625,0.155897,0.317352,0.638969,0.0264467
5,0.40625,0.65625,0.142881,0.312848,0.651724,0.0267674
5,0.40625,0.6875,0.129863,0.30833,0.664486,0.0270897
5,0.40625,0.71875,0.11684,0.303798,0.677253,0.0274175
5,0.40625,0.75,0.103808,0.299252,0.690026,0.0277545
5,0.40625,0.78125,0.0907606,0.294695,0.702802,0.0281066
5,0.40625,0.8125,0.0776918,0.290126,0.715582,0.0284801
5,0.40625,0.84375,0.0645865,0.285548,0.728363,0.02889
5,0.40625,0.875,0.051421,0.280963,0.741143,0.0293602
5,0.40625,0.90625,0.0381616,0.276373,0.753922,0.0299243
5,0.40625,0.9375,0.0251232,0.271874,0.766679,0.0302674
5,0.40625,0.96875,0.0125235,0.267536,0.779405,0.0301718
5,0.40625,1,0.000206577,0.26332,0.792109,0.0297934
5,0.4375,0,0.4675,0.4275,0.4175,2.68221e-07
5,0.4375,0.03125,0.446589,0.425944,0.431388,0.00723866
5,0.4375,0.0625,0.421591,0.426012,0.443577,0.0185652
5,0.4375,0.09375,0.404984,0.422406,0.457092,0.0215002
5,0.4375,0.125,0.39107,0.417734,0.47078,0.0217426
5,0.4375,0.15625,0.377144,0.413059,0.484462,0.0219963
5,0.4375,0.1875,0.363208,0.408381,0.498138,0.0222605
5,0.4375,0.21875,0.349263,0.403699,0.511811,0.0225343
5,0.4375,0.25,0.335309,0.399011,0.525481,0.0228161
5,0.4375,0.28125,0.321348,0.394316,0.539151,0.0231056
5,0.4375,0.3125,0.307379,0.389615,0.55282,0.0234026
5,0.4375,0.34375,0.293405,0.384906,0.566491,0.0237045
5,0.4375,0.375,0.279425,0.380187,0.580165,0.0240121
5,0.4375,0.40625,0.265442,0.375459,0.593843,0.0243232
5,0.4375,0.4375,0.251456,0.370719,0.607526,0.0246373
5,0.4375,0.46875,0.237468,0.365968,0.621215,0.0249543
5,0.4375,0.5,0.223478,0.361204,0.634911,0.0252722
5,0.4375,0.53125,0.209486,0.356427,0.648613,0.0255924
5,0.4375,0.5625,0.195494,0.351636,0.662323,0.0259123
5,0.4375,0.59375,0.181501,0.34683,0.676041,0.026233
5,0.4375,0.625,0.167507,0.34201,0.689767,0.0265552
5,0.4375,0.65625,0.153511,0.337175,0.7035,0.0268795
5,0.4375,0.6875,0.139512,0.332326,0.71724,0.0272064
5,0.4375,0.71875,0.125508,0.327463,0.730986,0.0275392
5,0.4375,0.75,0.111492,0.322586,0.744737,0.0278833
5,0.4375,0.78125,0.0974608,0.317698,0.758492,0.0282423
5,0.4375,0.8125,0.0834024,0.312799,0.772249,0.0286288
5,0.4375,0.84375,0.0693021,0.307891,0.786006,0.0290573
5,0.4375,0.875,0.0551349,0.302976,0.799763,0.0295526
5,0.4375,0.90625,0.0408546,0.298058,0.813518,0.030161
5,0.4375,0.9375,0.0267367,0.293202,0.827258,0.030607
5,0.4375,0.96875,0.0131196,0.288517,0.840964,0.0305523
5,0.4375,1,0,0.284026,0.854526,0.03
5,0.46875,0,0.49875,0.45875,0.44875,8.9407e-08
5,0.46875,0.03125,0.476353,0.457131,0.463133,0.00774834
5,0.46875,0.0625,0.44991,0.45696,0.476721,0.0195429
5,0.46875,0.09375,0.433262,0.452656,0.491276,0.0215426
5,0.46875,0.125,0.418368,0.447657,0.50594,0.0217883
5,0.46875,0.15625,0.403463,0.442655,0.520599,0.0220453
5,0.46875,0.1875,0.388547,0.43765,0.535251,0.0223128
5,0.46875,0.21875,0.373622,0.43264,0.549901,0.0225891
5,0.46875,0.25,0.358688,0.427625,0.564548,0.0228744
5,0.46875,0.28125,0.343747,0.422603,0.579194,0.0231675
5,0.46875,0.3125,0.328798,0.417574,0.59384,0.0234673
5,0.46875,0.34375,0.313845,0.412537,0.608488,0.0237727
5,0.46875,0.375,0.298885,0.40749,0.623139,0.0240839
5,0.46875,0.40625,0.283923,0.402433,0.637794,0.0243972
5,0.46875,0.4375,0.268956,0.397365,0.652455,0.0247155
5,0.46875,0.46875,0.253989,0.392285,0.667121,0.0250347
5,0.46875,0.5,0.239019,0.387191,0.681794,0.0253558
5,0.46875,0.53125,0.224048,0.382085,0.696475,0.0256783
5,0.46875,0.5625,0.209076,0.376964,0.711163,0.0260018
5,0.46875,0.59375,0.194105,0.371828,0.725859,0.0263247
5,0.46875,0.625,0.179131,0.366678,0.740563,0.0266499
5,0.46875,0.65625,0.164155,0.361512,0.755275,0.0269774
5,0.46875,0.6875,0.149175,0.356333,0.769993,0.0273094
5,0.46875,0.71875,0.134189,0.351139,0.784717,0.0276472
5,0.46875,0.75,0.11919,0.345932,0.799446,0.0279971
5,0.46875,0.78125,0.104174,0.340714,0.814178,0.0283648
5,0.46875,0.8125,0.0891283,0.335484,0.828912,0.0287623
5,0.46875,0.84375,0.0740343,0.330247,0.843647,0.0292079
5,0.46875,0.875,0.0588633,0.325004,0.85838,0.0297305
5,0.46875,0.90625,0.0435636,0.319757,0.873111,0.0303817
5,0.46875,0.9375,0.0283573,0.314553,0.887831,0.0309396
5,0.46875,0.96875,0.0137199,0.309522,0.902517,0.0309286
5,0.46875,1,0,0.304825,0.916799,0.03
5,0.5,0,0.53,0.49,0.48,2.38419e-07
5,0.5,0.03125,0.506044,0.488324,0.495038,0.00833106
5,0.5,0.0625,0.478415,0.487837,0.509879,0.0203345
5,0.5,0.09375,0.461544,0.482908,0.52546,0.0215806
5,0.5,0.125,0.445671,0.477582,0.541101,0.0218291
5,0.5,0.15625,0.429786,0.472254,0.556735,0.0220886
5,0.5,0.1875,0.413891,0.466922,0.572365,0.0223589
5,0.5,0.21875,0.397987,0.461585,0.58799,0.0226384
5,0.5,0.25,0.382073,0.456243,0.603614,0.0229269
5,0.5,0.28125,0.366152,0.450894,0.619236,0.0232227
5,0.5,0.3125,0.350224,0.445537,0.634859,0.0235255
5,0.5,0.34375,0.334291,0.440172,0.650484,0.0238344
5,0.5,0.375,0.318353,0.434797,0.666112,0.0241468
5,0.5,0.40625,0.302411,0.429412,0.681745,0.0244641
5,0.5,0.4375,0.286466,0.424015,0.697383,0.0247839
5,0.5,0.46875,0.270519,0.418607,0.713026,0.0251063
5,0.5,0.5,0.25457,0.413184,0.728677,0.0254298
5,0.5,0.53125,0.23862,0.407748,0.744336,0.0257554
5,0.5,0.5625,0.222669,0.402298,0.760002,0.0260808
5,0.5,0.59375,0.206718,0.396833,0.775676,0.0264073
5,0.5,0.625,0.190764,0.391353,0.791358,0.0267356
5,0.5,0.65625,0.174809,0.385858,0.807047,0.0270656
5,0.5,0.6875,0.15885,0.380348,0.822743,0.0274001
5,0.5,0.71875,0.142883,0.374825,0.838445,0.027742
5,0.5,0.75,0.126902,0.369288,0.854152,0.0280979
5,0.5,0.78125,0.1109,0.36374,0.869861,0.0284747
5,0.5,0.8125,0.0948656,0.358182,0.885573,0.0288844
5,0.5,0.84375,0.0787784,0.352616,0.901284,0.0293466
5,0.5,0.875,0.0626056,0.347044,0.916995,0.0298944
5,0.5,0.90625,0.0462869,0.341471,0.932702,0.0305882
5,0.5,0.9375,0.0299866,0.335923,0.9484,0.0312634
5,0.5,0.96875,0.0143202,0.330548,0.964065,0.0313048
5,0.5,1,0,0.325632,0.979099,0.03
5,0.53125,0,0.56125,0.52125,0.51125,2.38419e-07
5,0.53125,0.03125,0.539122,0.519499,0.525635,0.00747907
5,0.53125,0.0625,0.512773,0.5193,0.539248,0.0191806
5,0.53125,0.09375,0.495776,0.515157,0.553777,0.0215285
5,0.53125,0.125,0.48091,0.510171,0.568442,0.0217461
5,0.53125,0.15625,0.466036,0.505182,0.583101,0.0219714
5,0.53125,0.1875,0.451153,0.500192,0.597756,0.0222064
5,0.53125,0.21875,0.436261,0.495198,0.612407,0.0224496
5,0.53125,0.25,0.421364,0.490199,0.627056,0.0226988
5,0.53125,0.28125,0.406458,0.485197,0.641703,0.0229557
5,0.53125,0.3125,0.391547,0.48019,0.656349,0.023219
5,0.53125,0.34375,0.376631,0.475176,0.670996,0.0234861
5,0.53125,0.375,0.361709,0.470156,0.685644,0.0237595
5,0.53125,0.40625,0.346784,0.465129,0.700294,0.0240359
5,0.53125,0.4375,0.331855,0.460093,0.714947,0.0243165
5,0.53125,0.46875,0.316924,0.455049,0.729604,0.0245993
5,0.53125,0.5,0.30199,0.449996,0.744265,0.0248846
5,0.53125,0.53125,0.287056,0.444933,0.758931,0.0251704
5,0.53125,0.5625,0.27212,0.43986,0.773603,0.0254582
5,0.53125,0.59375,0.257184,0.434775,0.78828,0.0257457
5,0.53125,0.625,0.242246,0.42968,0.802964,0.0260356
5,0.53125,0.65625,0.227308,0.424573,0.817654,0.0263249
5,0.53125,0.6875,0.212369,0.419454,0.832351,0.0266159
5,0.53125,0.71875,0.197429,0.414323,0.847053,0.0269073
5,0.53125,0.75,0.182484,0.409181,0.861761,0.0272031
5,0.53125,0.78125,0.167537,0.404027,0.876473,0.0275019
5,0.53125,0.8125,0.152583,0.398863,0.891191,0.0278077
5,0.53125,0.84375,0.137617,0.393689,0.905911,0.0281249
5,0.53125,0.875,0.122638,0.388505,0.920635,0.0284559
5,0.53125,0.90625,0.107631,0.383313,0.93536,0.0288138
5,0.53125,0.9375,0.0925881,0.378115,0.950085,0.0292087
5,0.53125,0.96875,0.0774887,0.372912,0.964809,0.0296597
5,0.53125,1,0.0623007,0.367706,0.979532,0.0301993
5,0.5625,0,0.5925,0.5525,0.5425,2.38419e-07
5,0.5625,0.03125,0.572093,0.5507,0.556356,0.00673491
5,0.5625,0.0625,0.547399,0.550649,0.568636,0.0177568
5,0.5625,0.09375,0.530002,0.547404,0.582093,0.0214824
5,0.5625,0.125,0.51614,0.542755,0.595782,0.0216721
5,0.5625,0.15625,0.502272,0.538105,0.609466,0.0218688
5,0.5625,0.1875,0.488396,0.533453,0.623146,0.0220723
5,0.5625,0.21875,0.474514,0.528799,0.636822,0.0222828
5,0.5625,0.25,0.460625,0.524143,0.650496,0.0224995
5,0.5625,0.28125,0.446731,0.519483,0.664168,0.0227222
5,0.5625,0.3125,0.432831,0.51482,0.677839,0.02295
5,0.5625,0.34375,0.418928,0.510153,0.691509,0.0231813
5,0.5625,0.375,0.405019,0.505481,0.705179,0.023418
5,0.5625,0.40625,0.391107,0.500805,0.71885,0.023659
5,0.5625,0.4375,0.377192,0.496122,0.732522,0.0239019
5,0.5625,0.46875,0.363273,0.491434,0.746197,0.0241485
5,0.5625,0.5,0.349352,0.486739,0.759873,0.0243979
5,0.5625,0.53125,0.335429,0.482038,0.773553,0.0246488
5,0.5625,0.5625,0.321505,0.477329,0.787236,0.0249013
5,0.5625,0.59375,0.30758,0.472612,0.800924,0.0251546
5,0.5625,0.625,0.293652,0.467888,0.814615,0.0254103
5,0.5625,0.65625,0.279724,0.463155,0.828311,0.0256662
5,0.5625,0.6875,0.265797,0.458413,0.842012,0.0259217
5,0.5625,0.71875,0.251869,0.453663,0.855718,0.0261776
5,0.5625,0.75,0.237939,0.448903,0.869428,0.0264359
5,0.5625,0.78125,0.22401,0.444134,0.883144,0.0266927
5,0.5625,0.8125,0.210078,0.439356,0.896864,0.026953
5,0.5625,0.84375,0.196144,0.434569,0.910589,0.0272152
5,0.5625,0.875,0.182209,0.429773,0.924317,0.0274785
5,0.5625,0.90625,0.168267,0.424968,0.938049,0.0277487
5,0.5625,0.9375,0.15432,0.420155,0.951784,0.0280237
5,0.5625,0.96875,0.140357,0.415335,0.965521,0.0283148
5,0.5625,1,0.126383,0.410508,0.97926,0.0286174
5,0.59375,0,0.62375,0.58375,0.57375,1.19209e-07
5,0.59375,0.03125,0.605057,0.581921,0.586966,0.0059973
5,0.59375,0.0625,0.582212,0.581917,0.598038,0.0161477
5,0.59375,0.09375,0.564222,0.579648,0.61041,0.0214419
5,0.59375,0.125,0.551362,0.575336,0.623121,0.021607
5,0.59375,0.15625,0.538495,0.571023,0.63583,0.021778
5,0.59375,0.1875,0.525623,0.566709,0.648534,0.0219549
5,0.59375,0.21875,0.512746,0.562393,0.661235,0.0221367
5,0.59375,0.25,0.499864,0.558075,0.673935,0.0223236
5,0.59375,0.28125,0.486976,0.553755,0.686631,0.0225158
5,0.59375,0.3125,0.474085,0.549433,0.699327,0.0227115
5,0.59375,0.34375,0.46119,0.545108,0.712022,0.0229118
5,0.59375,0.375,0.44829,0.54078,0.724715,0.0231163
5,0.59375,0.40625,0.435387,0.536449,0.737409,0.0233237
5,0.59375,0.4375,0.422481,0.532114,0.750103,0.0235345
5,0.59375,0.46875,0.409572,0.527775,0.762798,0.0237482
5,0.59375,0.5,0.396661,0.523431,0.775494,0.0239642
5,0.59375,0.53125,0.383747,0.519083,0.788192,0.0241832
5,0.59375,0.5625,0.37083,0.51473,0.800891,0.024404
5,0.59375,0.59375,0.357914,0.510371,0.813593,0.0246252
5,0.59375,0.625,0.344995,0.506007,0.826298,0.0248483
5,0.59375,0.65625,0.332076,0.501637,0.839006,0.0250722
5,0.59375,0.6875,0.319155,0.497261,0.851716,0.0252978
5,0.59375,0.71875,0.306235,0.492878,0.864431,0.0255228
5,0.59375,0.75,0.293313,0.488488,0.877149,0.0257493
5,0.59375,0.78125,0.280392,0.484092,0.88987,0.0259752
5,0.59375,0.8125,0.267468,0.479689,0.902596,0.026204
5,0.59375,0.84375,0.254546,0.475279,0.915325,0.0264308
5,0.59375,0.875,0.241622,0.470861,0.928058,0.0266595
5,0.59375,0.90625,0.228698,0.466436,0.940795,0.0268876
5,0.59375,0.9375,0.215773,0.462005,0.953535,0.0271176
5,0.59375,0.96875,0.202846,0.457566,0.966279,0.0273494
5,0.59375,1,0.189913,0.45312,0.979025,0.0275873
5,0.625,0,0.655,0.615,0.605,1.19209e-07
5,0.625,0.03125,0.638009,0.613162,0.617474,0.00527185
5,0.625,0.0625,0.61714,0.613131,0.627449,0.0144224
5,0.625,0.09375,0.598672,0.6118,0.638741,0.0211721
5,0.625,0.125,0.586576,0.607914,0.65046,0.0215487
5,0.625,0.15625,0.574709,0.603937,0.662192,0.0216973
5,0.625,0.1875,0.562837,0.599958,0.673921,0.02185
5,0.625,0.21875,0.550962,0.595979,0.685647,0.0220067
5,0.625,0.25,0.539082,0.591999,0.697371,0.0221683
5,0.625,0.28125,0.527198,0.588016,0.709093,0.0223333
5,0.625,0.3125,0.515311,0.584033,0.720813,0.0225018
5,0.625,0.34375,0.50342,0.580047,0.732533,0.022674
5,0.625,0.375,0.491527,0.57606,0.744251,0.0228484
5,0.625,0.40625,0.479628,0.57207,0.755969,0.0230278
5,0.625,0.4375,0.467729,0.568078,0.767686,0.0232088
5,0.625,0.46875,0.455826,0.564083,0.779403,0.0233925
5,0.625,0.5,0.443921,0.560085,0.791121,0.0235786
5,0.625,0.53125,0.432014,0.556084,0.80284,0.0237673
5,0.625,0.5625,0.420105,0.552079,0.814559,0.0239573
5,0.625,0.59375,0.408194,0.548071,0.82628,0.0241501
5,0.625,0.625,0.396282,0.544059,0.838002,0.0243431
5,0.625,0.65625,0.384367,0.540043,0.849725,0.024539
5,0.625,0.6875,0.372453,0.536023,0.861451,0.0247349
5,0.625,0.71875,0.360538,0.531998,0.873179,0.0249307
5,0.625,0.75,0.34862,0.527969,0.884909,0.0251297
5,0.625,0.78125,0.336704,0.523934,0.896641,0.0253273
5,0.625,0.8125,0.324787,0.519895,0.908377,0.0255257
5,0.625,0.84375,0.312868,0.515851,0.920115,0.0257262
5,0.625,0.875,0.300949,0.511801,0.931856,0.0259264
5,0.625,0.90625,0.289032,0.507746,0.943601,0.0261247
5,0.625,0.9375,0.277112,0.503686,0.955347,0.0263253
5,0.625,0.96875,0.265192,0.49962,0.967098,0.0265267
5,0.625,1,0.253272,0.495548,0.97885,0.0267278
5,0.65625,0,0.68625,0.64625,0.63625,2.38419e-07
5,0.65625,0.03125,0.670942,0.644425,0.647891,0.00456625
5,0.65625,0.0625,0.652125,0.644315,0.656864,0.0126407
5,0.65625,0.09375,0.633937,0.643628,0.667126,0.020086
5,0.65625,0.125,0.621785,0.64049,0.677799,0.0214967
5,0.65625,0.15625,0.610914,0.636847,0.688554,0.0216249
5,0.65625,0.1875,0.600041,0.633204,0.699307,0.0217563
5,0.65625,0.21875,0.589164,0.629559,0.710057,0.0218908
5,0.65625,0.25,0.578284,0.625914,0.720805,0.0220289
5,0.65625,0.28125,0.5674,0.622269,0.731552,0.0221705
5,0.65625,0.3125,0.556513,0.618621,0.742297,0.0223147
5,0.65625,0.34375,0.545624,0.614973,0.753041,0.0224615
5,0.65625,0.375,0.534732,0.611324,0.763785,0.0226116
5,0.65625,0.40625,0.523837,0.607673,0.774527,0.0227643
5,0.65625,0.4375,0.512941,0.60402,0.785268,0.0229184
5,0.65625,0.46875,0.502042,0.600365,0.79601,0.0230754
5,0.65625,0.5,0.49114,0.596709,0.806751,0.0232351
5,0.65625,0.53125,0.480237,0.59305,0.817492,0.0233955
5,0.65625,0.5625,0.469331,0.58939,0.828233,0.0235596
5,0.65625,0.59375,0.458424,0.585726,0.838975,0.023724
5,0.65625,0.625,0.447516,0.58206,0.849717,0.0238902
5,0.65625,0.65625,0.436606,0.578392,0.86046,0.0240583
5,0.65625,0.6875,0.425695,0.574721,0.871204,0.0242272
5,0.65625,0.71875,0.414782,0.571046,0.88195,0.0243972
5,0.65625,0.75,0.403869,0.567369,0.892697,0.0245685
5,0.65625,0.78125,0.392956,0.563688,0.903445,0.0247395
5,0.65625,0.8125,0.38204,0.560004,0.914195,0.0249135
5,0.65625,0.84375,0.371125,0.556316,0.924947,0.0250859
5,0.65625,0.875,0.36021,0.552625,0.935701,0.025259
5,0.65625,0.90625,0.349293,0.548929,0.946456,0.0254332
5,0.65625,0.9375,0.338377,0.54523,0.957214,0.0256079
5,0.65625,0.96875,0.32746,0.541527,0.967973,0.0257822
5,0.65625,1,0.316541,0.537821,0.978735,0.0259587
5,0.6875,0,0.7175,0.6775,0.6675,4.17233e-07
5,0.6875,0.03125,0.703847,0.67571,0.678229,0.0038873
5,0.6875,0.0625,0.687117,0.67549,0.686282,0.0108522
5,0.6875,0.09375,0.669837,0.675197,0.695555,0.0183659
5,0.6875,0.125,0.656988,0.673064,0.705137,0.0214498
5,0.6875,0.15625,0.647112,0.669755,0.714915,0.0215596
5,0.6875,0.1875,0.637234,0.666445,0.724691,0.0216719
5,0.6875,0.21875,0.627354,0.663135,0.734466,0.021787
5,0.6875,0.25,0.61747,0.659825,0.744238,0.0219051
5,0.6875,0.28125,0.607584,0.656513,0.75401,0.0220255
5,0.6875,0.3125,0.597696,0.653202,0.76378,0.022148
5,0.6875,0.34375,0.587806,0.649888,0.773548,0.0222724
5,0.6875,0.375,0.577913,0.646575,0.783316,0.0223995
5,0.6875,0.40625,0.568018,0.643261,0.793083,0.022529
5,0.6875,0.4375,0.558121,0.639945,0.802849,0.02266
5,0.6875,0.46875,0.548222,0.636628,0.812615,0.0227935
5,0.6875,0.5,0.538322,0.63331,0.82238,0.0229279
5,0.6875,0.53125,0.52842,0.629991,0.832145,0.0230648
5,0.6875,0.5625,0.518516,0.62667,0.841909,0.0232031
5,0.6875,0.59375,0.508609,0.623348,0.851674,0.0233436
5,0.6875,0.625,0.498703,0.620024,0.861439,0.0234848
5,0.6875,0.65625,0.488795,0.616698,0.871204,0.0236272
5,0.6875,0.6875,0.478885,0.61337,0.880969,0.0237708
5,0.6875,0.71875,0.468975,0.61004,0.890735,0.0239159
5,0.6875,0.75,0.459063,0.606709,0.900501,0.0240622
5,0.6875,0.78125,0.44915,0.603375,0.910269,0.0242094
5,0.6875,0.8125,0.439236,0.600039,0.920037,0.0243577
5,0.6875,0.84375,0.429323,0.5967,0.929806,0.0245056
5,0.6875,0.875,0.419407,0.593359,0.939576,0.0246554
5,0.6875,0.90625,0.409491,0.590016,0.949348,0.0248058
5,0.6875,0.9375,0.399575,0.58667,0.95912,0.0249563
5,0.6875,0.96875,0.389659,0.583321,0.968894,0.0251067
5,0.6875,1,0.379742,0.57997,0.97867,0.0252577
5,0.71875,0,0.74875,0.70875,0.69875,2.98023e-07
5,0.71875,0.03125,0.736721,0.707019,0.7085,0.00324011
5,0.71875,0.0625,0.722071,0.706676,0.715697,0.00910085
5,0.71875,0.09375,0.70617,0.706583,0.724015,0.016213
5,0.71875,0.125,0.692642,0.705458,0.732505,0.0209522
5,0.71875,0.15625,0.683304,0.70266,0.741276,0.0215004
5,0.71875,0.1875,0.674419,0.699683,0.750076,0.0215965
5,0.71875,0.21875,0.665532,0.696707,0.758874,0.0216941
5,0.71875,0.25,0.656644,0.693729,0.76767,0.0217932
5,0.71875,0.28125,0.647753,0.690752,0.776465,0.0218949
5,0.71875,0.3125,0.638861,0.687774,0.78526,0.0219984
5,0.71875,0.34375,0.629967,0.684795,0.794053,0.0221037
5,0.71875,0.375,0.621071,0.681816,0.802845,0.0222104
5,0.71875,0.40625,0.612173,0.678837,0.811637,0.022319
5,0.71875,0.4375,0.603274,0.675857,0.820427,0.0224295
5,0.71875,0.46875,0.594373,0.672875,0.829218,0.022541
5,0.71875,0.5,0.58547,0.669894,0.838007,0.0226545
5,0.71875,0.53125,0.576567,0.666911,0.846796,0.0227687
5,0.71875,0.5625,0.567662,0.663927,0.855585,0.022885
5,0.71875,0.59375,0.558755,0.660943,0.864373,0.0230025
5,0.71875,0.625,0.549848,0.657957,0.873162,0.0231212
5,0.71875,0.65625,0.540939,0.654971,0.88195,0.0232411
5,0.71875,0.6875,0.532029,0.651983,0.890739,0.0233619
5,0.71875,0.71875,0.523118,0.648993,0.899527,0.0234837
5,0.71875,0.75,0.514206,0.646003,0.908315,0.0236068
5,0.71875,0.78125,0.505292,0.643011,0.917104,0.0237316
5,0.71875,0.8125,0.496378,0.640018,0.925893,0.0238565
5,0.71875,0.84375,0.487463,0.637023,0.934682,0.0239824
5,0.71875,0.875,0.478548,0.634027,0.943473,0.0241078
5,0.71875,0.90625,0.469631,0.631029,0.952263,0.0242363
5,0.71875,0.9375,0.460715,0.628029,0.961055,0.0243636
5,0.71875,0.96875,0.451797,0.625028,0.969846,0.0244921
5,0.71875,1,0.442879,0.622025,0.978639,0.0246206
5,0.75,0,0.78,0.74,0.73,2.98023e-07
5,0.75,0.03125,0.769554,0.738352,0.738716,0.00263298
5,0.75,0.0625,0.756952,0.737886,0.745109,0.00742334
5,0.75,0.09375,0.742761,0.737853,0.752494,0.0138019
5,0.75,0.125,0.729533,0.737359,0.759956,0.0192174
5,0.75,0.15625,0.71949,0.735563,0.767637,0.0214472
5,0.75,0.1875,0.711597,0.732919,0.775459,0.0215276
5,0.75,0.21875,0.703703,0.730274,0.78328,0.0216098
5,0.75,0.25,0.695807,0.72763,0.7911,0.0216934
5,0.75,0.28125,0.68791,0.724985,0.79892,0.0217777
5,0.75,0.3125,0.680011,0.72234,0.806738,0.0218641
5,0.75,0.34375,0.67211,0.719695,0.814555,0.021952
5,0.75,0.375,0.664209,0.71705,0.822372,0.0220407
5,0.75,0.40625,0.656307,0.714404,0.830188,0.0221309
5,0.75,0.4375,0.648403,0.711757,0.838003,0.0222221
5,0.75,0.46875,0.640497,0.70911,0.845818,0.022315
5,0.75,0.5,0.632591,0.706463,0.853632,0.022409
5,0.75,0.53125,0.624683,0.703815,0.861445,0.0225043
5,0.75,0.5625,0.616774,0.701167,0.869258,0.0226012
5,0.75,0.59375,0.608865,0.698518,0.877071,0.0226976
5,0.75,0.625,0.600954,0.695868,0.884884,0.022796
5,0.75,0.65625,0.593042,0.693218,0.892696,0.0228952
5,0.75,0.6875,0.58513,0.690567,0.900508,0.0229954
5,0.75,0.71875,0.577216,0.687915,0.90832,0.0230968
5,0.75,0.75,0.569301,0.685263,0.916132,0.0231988
5,0.75,0.78125,0.561386,0.682609,0.923944,0.0233014
5,0.75,0.8125,0.55347,0.679955,0.931755,0.023405
5,0.75,0.84375,0.545552,0.6773,0.939567,0.02351
5,0.75,0.875,0.537635,0.674643,0.947379,0.0236147
5,0.75,0.90625,0.529716,0.671986,0.955192,0.0237214
5,0.75,0.9375,0.521797,0.669328,0.963004,0.0238277
5,0.75,0.96875,0.513878,0.666669,0.970817,0.0239347
5,0.75,1,0.505957,0.664008,0.97863,0.0240425
5,0.78125,0,0.81125,0.77125,0.76125,1.78814e-07
5,0.78125,0.03125,0.802342,0.76971,0.768889,0.00207168
5,0.78125,0.0625,0.791477,0.769157,0.775074,0.00610071
5,0.78125,0.09375,0.779459,0.769068,0.780982,0.0112829
5,0.78125,0.125,0.767284,0.768904,0.787467,0.0166218
5,0.78125,0.15625,0.756617,0.768093,0.79406,0.0204537
5,0.78125,0.1875,0.748769,0.766152,0.800842,0.0214655
5,0.78125,0.21875,0.741866,0.763839,0.807686,0.0215328
5,0.78125,0.25,0.73496,0.761527,0.81453,0.0216021
5,0.78125,0.28125,0.728054,0.759214,0.821372,0.0216721
5,0.78125,0.3125,0.721147,0.756902,0.828214,0.0217435
5,0.78125,0.34375,0.71424,0.754589,0.835056,0.0218148
5,0.78125,0.375,0.70733,0.752276,0.841896,0.0218883
5,0.78125,0.40625,0.700421,0.749962,0.848736,0.0219617
5,0.78125,0.4375,0.69351,0.747649,0.855576,0.0220367
5,0.78125,0.46875,0.686599,0.745335,0.862415,0.0221123
5,0.78125,0.5,0.679686,0.743021,0.869253,0.0221889
5,0.78125,0.53125,0.672772,0.740707,0.876091,0.0222666
5,0.78125,0.5625,0.665858,0.738392,0.882929,0.0223453
5,0.78125,0.59375,0.658942,0.736077,0.889766,0.0224247
5,0.78125,0.625,0.652027,0.733761,0.896603,0.0225045
5,0.78125,0.65625,0.64511,0.731445,0.903439,0.0225852
5,0.78125,0.6875,0.638192,0.729129,0.910276,0.0226671
5,0.78125,0.71875,0.631274,0.726813,0.917112,0.0227498
5,0.78125,0.75,0.624354,0.724496,0.923948,0.022833
5,0.78125,0.78125,0.617435,0.722178,0.930783,0.0229168
5,0.78125,0.8125,0.610514,0.71986,0.93762,0.0230014
5,0.78125,0.84375,0.603593,0.717541,0.944455,0.0230864
5,0.78125,0.875,0.596671,0.715222,0.95129,0.0231723
5,0.78125,0.90625,0.589749,0.712902,0.958125,0.0232584
5,0.78125,0.9375,0.582826,0.710581,0.964961,0.0233456
5,0.78125,0.96875,0.575903,0.70826,0.971796,0.0234327
5,0.78125,1,0.568979,0.705939,0.978632,0.0235214
5,0.8125,0,0.8425,0.8025,0.7925,3.57628e-07
5,0.8125,0.03125,0.835077,0.801095,0.799031,0.00156343
5,0.8125,0.0625,0.825923,0.800478,0.804902,0.00485778
5,0.8125,0.09375,0.816135,0.800281,0.809471,0.00878721
5,0.8125,0.125,0.805533,0.800233,0.815013,0.0135295
5,0.8125,0.15625,0.795404,0.799955,0.820595,0.0177991
5,0.8125,0.1875,0.786634,0.799108,0.826271,0.0207095
5,0.8125,0.21875,0.780021,0.797401,0.832092,0.0214637
5,0.8125,0.25,0.774105,0.795421,0.837958,0.0215196
5,0.8125,0.28125,0.768189,0.793439,0.843824,0.0215761
5,0.8125,0.3125,0.762273,0.791458,0.849689,0.0216331
5,0.8125,0.34375,0.756356,0.789477,0.855554,0.0216913
5,0.8125,0.375,0.750437,0.787496,0.861418,0.0217503
5,0.8125,0.40625,0.744519,0.785514,0.867283,0.0218094
5,0.8125,0.4375,0.738599,0.783533,0.873146,0.0218695
5,0.8125,0.46875,0.732678,0.781552,0.879009,0.0219314
5,0.8125,0.5,0.726758,0.77957,0.884871,0.0219921
5,0.8125,0.53125,0.720837,0.777587,0.890734,0.022054
5,0.8125,0.5625,0.714915,0.775605,0.896595,0.0221167
5,0.8125,0.59375,0.708992,0.773623,0.902457,0.02218
5,0.8125,0.625,0.703069,0.77164,0.908318,0.0222434
5,0.8125,0.65625,0.697144,0.769658,0.914179,0.0223086
5,0.8125,0.6875,0.691221,0.767674,0.92004,0.0223728
5,0.8125,0.71875,0.685295,0.765691,0.9259,0.0224394
5,0.8125,0.75,0.67937,0.763708,0.93176,0.0225055
5,0.8125,0.78125,0.673444,0.761724,0.937621,0.0225719
5,0.8125,0.8125,0.667517,0.75974,0.94348,0.0226394
5,0.8125,0.84375,0.66159,0.757755,0.94934,0.0227069
5,0.8125,0.875,0.655662,0.755771,0.955199,0.0227754
5,0.8125,0.90625,0.649734,0.753786,0.961059,0.022844
5,0.8125,0.9375,0.643805,0.7518,0.966918,0.0229133
5,0.8125,0.96875,0.637877,0.749815,0.972777,0.0229825
5,0.8125,1,0.631947,0.747829,0.978636,0.023053
5,0.84375,0,0.87375,0.83375,0.82375,4.76837e-07
5,0.84375,0.03125,0.867752,0.832507,0.829157,0.00111508
5,0.84375,0.0625,0.860345,0.831854,0.834409,0.00363916
5,0.84375,0.09375,0.852583,0.831549,0.838149,0.0065189
5,0.84375,0.125,0.84396,0.83147,0.842575,0.0102587
5,0.84375,0.15625,0.83517,0.831404,0.847198,0.0141658
5,0.84375,0.1875,0.826785,0.831149,0.851854,0.0176681
5,0.84375,0.21875,0.819308,0.830513,0.856572,0.0202624
5,0.84375,0.25,0.813257,0.829306,0.861387,0.0214301
5,0.84375,0.28125,0.808316,0.827661,0.866275,0.021489
5,0.84375,0.3125,0.803388,0.826011,0.871163,0.0215337
5,0.84375,0.34375,0.79846,0.824361,0.876051,0.0215789
5,0.84375,0.375,0.793531,0.822711,0.880939,0.0216253
5,0.84375,0.40625,0.788601,0.821061,0.885826,0.0216721
5,0.84375,0.4375,0.783672,0.819411,0.890713,0.021719
5,0.84375,0.46875,0.778742,0.81776,0.8956,0.0217661
5,0.84375,0.5,0.773811,0.81611,0.900486,0.0218143
5,0.84375,0.53125,0.768879,0.81446,0.905372,0.0218627
5,0.84375,0.5625,0.763948,0.812809,0.910258,0.0219112
5,0.84375,0.59375,0.759016,0.811159,0.915144,0.0219606
5,0.84375,0.625,0.754084,0.809508,0.920029,0.02201
5,0.84375,0.65625,0.749151,0.807857,0.924914,0.0220597
5,0.84375,0.6875,0.744218,0.806206,0.929799,0.0221099
5,0.84375,0.71875,0.739284,0.804555,0.934684,0.0221611
5,0.84375,0.75,0.734351,0.802903,0.939568,0.0222119
5,0.84375,0.78125,0.729416,0.801252,0.944452,0.0222636
5,0.84375,0.8125,0.724481,0.799601,0.949336,0.0223157
5,0.84375,0.84375,0.719547,0.797949,0.95422,0.0223674
5,0.84375,0.875,0.714611,0.796297,0.959104,0.02242
5,0.84375,0.90625,0.709674,0.794645,0.963988,0.022474
5,0.84375,0.9375,0.704739,0.792993,0.968871,0.022527
5,0.84375,0.96875,0.699803,0.791341,0.973755,0.02258
5,0.84375,1,0.694866,0.789688,0.978638,0.0226344
5,0.875,0,0.905,0.865,0.855,1.78814e-07
5,0.875,0.03125,0.900361,0.863946,0.859279,0.000732303
5,0.875,0.0625,0.894685,0.863298,0.863666,0.0025025
5,0.875,0.09375,0.888537,0.862929,0.867384,0.00474417
5,0.875,0.125,0.882285,0.862732,0.870134,0.00709033
5,0.875,0.15625,0.875314,0.862674,0.873833,0.010155
5,0.875,0.1875,0.868284,0.862622,0.877531,0.0132782
5,0.875,0.21875,0.861439,0.86248,0.881245,0.0162172
5,0.875,0.25,0.855026,0.862151,0.88499,0.0187243
5,0.875,0.28125,0.849301,0.86154,0.888782,0.0205427
5,0.875,0.3125,0.844525,0.860549,0.892637,0.021413
5,0.875,0.34375,0.840553,0.859242,0.896547,0.0214785
5,0.875,0.375,0.836612,0.857922,0.900458,0.0215125
5,0.875,0.40625,0.832671,0.856603,0.904368,0.0215476
5,0.875,0.4375,0.82873,0.855283,0.908278,0.0215827
5,0.875,0.46875,0.824788,0.853964,0.912188,0.0216185
5,0.875,0.5,0.820846,0.852644,0.916098,0.021654
5,0.875,0.53125,0.816904,0.851324,0.920008,0.0216901
5,0.875,0.5625,0.812961,0.850005,0.923917,0.0217268
5,0.875,0.59375,0.809018,0.848685,0.927826,0.021763
5,0.875,0.625,0.805075,0.847366,0.931736,0.0217997
5,0.875,0.65625,0.801132,0.846046,0.935645,0.0218369
5,0.875,0.6875,0.797188,0.844726,0.939553,0.0218747
5,0.875,0.71875,0.793244,0.843407,0.943462,0.0219123
5,0.875,0.75,0.7893,0.842087,0.94737,0.0219504
5,0.875,0.78125,0.785356,0.840767,0.951279,0.0219882
5,0.875,0.8125,0.781411,0.839446,0.955187,0.0220264
5,0.875,0.84375,0.777466,0.838127,0.959095,0.0220655
5,0.875,0.875,0.773521,0.836806,0.963003,0.0221038
5,0.875,0.90625,0.769575,0.835486,0.966911,0.0221434
5,0.875,0.9375,0.76563,0.834166,0.970818,0.0221828
5,0.875,0.96875,0.761684,0.832846,0.974726,0.0222221
5,0.875,1,0.757737,0.831525,0.978633,0.0222628
5,0.90625,0,0.93625,0.89625,0.88625,3.57628e-07
5,0.90625,0.03125,0.932898,0.895414,0.88941,0.000422359
5,0.90625,0.0625,0.928884,0.894822,0.892754,0.00150675
5,0.90625,0.09375,0.924457,0.89442,0.895921,0.0030036
5,0.90625,0.125,0.91984,0.894156,0.898625,0.00469089
5,0.90625,0.15625,0.915225,0.893985,0.900652,0.00637674
5,0.90625,0.1875,0.910159,0.893906,0.903241,0.00851262
5,0.90625,0.21875,0.904908,0.893867,0.906015,0.0108342
5,0.90625,0.25,0.899653,0.89382,0.90879,0.013159
5,0.90625,0.28125,0.894496,0.893725,0.911573,0.0153872
5,0.90625,0.3125,0.889536,0.893543,0.914371,0.0174168
5,0.90625,0.34375,0.88488,0.893233,0.91719,0.0191432
5,0.90625,0.375,0.880634,0.892755,0.920037,0.0204596
5,0.90625,0.40625,0.876906,0.892071,0.922919,0.0212585
5,0.90625,0.4375,0.873775,0.891151,0.925841,0.0214595
5,0.90625,0.46875,0.87082,0.890162,0.928774,0.0214847
5,0.90625,0.5,0.867866,0.889173,0.931707,0.0215094
5,0.90625,0.53125,0.864911,0.888184,0.93464,0.0215346
5,0.90625,0.5625,0.861955,0.887194,0.937573,0.0215603
5,0.90625,0.59375,0.859,0.886205,0.940505,0.0215858
5,0.90625,0.625,0.856045,0.885216,0.943438,0.0216112
5,0.90625,0.65625,0.853089,0.884227,0.94637,0.0216372
5,0.90625,0.6875,0.850133,0.883238,0.949302,0.0216634
5,0.90625,0.71875,0.847177,0.882249,0.952234,0.0216898
5,0.90625,0.75,0.844222,0.881259,0.955167,0.0217156
5,0.90625,0.78125,0.841265,0.88027,0.958099,0.0217429
5,0.90625,0.8125,0.838309,0.879281,0.961031,0.0217687
5,0.90625,0.84375,0.835353,0.878291,0.963962,0.0217958
5,0.90625,0.875,0.832397,0.877302,0.966894,0.021822
5,0.90625,0.90625,0.829439,0.876313,0.969826,0.0218498
5,0.90625,0.9375,0.826483,0.875323,0.972757,0.0218765
5,0.90625,0.96875,0.823525,0.874334,0.975688,0.0219043
5,0.90625,1,0.820569,0.873344,0.97862,0.0219314
5,0.9375,0,0.9675,0.9275,0.9175,1.78814e-07
5,0.9375,0.03125,0.965354,0.926912,0.919565,0.000192702
5,0.9375,0.0625,0.962879,0.926439,0.921769,0.000714242
5,0.9375,0.09375,0.960151,0.926066,0.923996,0.00148982
5,0.9375,0.125,0.957243,0.925775,0.926144,0.00244492
5,0.9375,0.15625,0.954219,0.925552,0.928125,0.00351542
5,0.9375,0.1875,0.951142,0.925384,0.929867,0.00463969
5,0.9375,0.21875,0.948065,0.925257,0.931309,0.00576359
5,0.9375,0.25,0.944932,0.925165,0.932645,0.00694293
5,0.9375,0.28125,0.941493,0.925118,0.934498,0.00842839
5,0.9375,0.3125,0.938009,0.925086,0.936347,0.00995928
5,0.9375,0.34375,0.934508,0.925057,0.938197,0.0115072
5,0.9375,0.375,0.931018,0.92502,0.940048,0.0130446
5,0.9375,0.40625,0.927568,0.924963,0.941902,0.0145416
5,0.9375,0.4375,0.924187,0.924874,0.943762,0.0159692
5,0.9375,0.46875,0.920906,0.924742,0.945629,0.0172971
5,0.9375,0.5,0.917756,0.924555,0.947505,0.0184944
5,0.9375,0.53125,0.914766,0.924302,0.949393,0.0195308
5,0.9375,0.5625,0.911968,0.923971,0.951292,0.0203757
5,0.9375,0.59375,0.909393,0.923551,0.953208,0.0209972
5,0.9375,0.625,0.907073,0.92303,0.955141,0.0213646
5,0.9375,0.65625,0.905026,0.922401,0.957091,0.0214581
5,0.9375,0.6875,0.903057,0.921742,0.959046,0.0214741
5,0.9375,0.71875,0.901087,0.921083,0.961001,0.0214906
5,0.9375,0.75,0.899118,0.920423,0.962957,0.0215067
5,0.9375,0.78125,0.897149,0.919765,0.964912,0.021523
5,0.9375,0.8125,0.89518,0.919105,0.966867,0.021539
5,0.9375,0.84375,0.89321,0.918446,0.968822,0.0215553
5,0.9375,0.875,0.89124,0.917787,0.970777,0.0215722
5,0.9375,0.90625,0.889271,0.917128,0.972732,0.0215884
5,0.9375,0.9375,0.887301,0.916468,0.974687,0.0216049
5,0.9375,0.96875,0.885331,0.915809,0.976642,0.0216223
5,0.9375,1,0.883361,0.91515,0.978597,0.0216385
5,0.96875,0,0.99875,0.95875,0.94875,1.78814e-07
5,0.96875,0.03125,0.997724,0.95844,0.949757,4.9293e-05
5,0.96875,0.0625,0.996607,0.958161,0.950813,0.000189841
5,0.96875,0.09375,0.995408,0.95791,0.951904,0.000411928
5,0.96875,0.125,0.994137,0.957686,0.953014,0.000706851
5,0.96875,0.15625,0.992803,0.957487,0.95413,0.00106376
5,0.96875,0.1875,0.991417,0.957309,0.955238,0.00147349
5,0.96875,0.21875,0.989986,0.957152,0.956326,0.00192791
5,0.96875,0.25,0.988519,0.957014,0.957384,0.00241834
5,0.96875,0.28125,0.987023,0.956893,0.9584,0.0029375
5,0.96875,0.3125,0.985507,0.956787,0.959365,0.00347704
5,0.96875,0.34375,0.983977,0.956694,0.96027,0.00403076
5,0.96875,0.375,0.98244,0.956613,0.961109,0.00459081
5,0.96875,0.40625,0.980904,0.956543,0.961873,0.00515085
5,0.96875,0.4375,0.979374,0.956481,0.962557,0.00570422
5,0.96875,0.46875,0.977856,0.956426,0.963155,0.00624591
5,0.96875,0.5,0.97625,0.956384,0.9639,0.00687462
5,0.96875,0.53125,0.974546,0.956355,0.964827,0.00760251
5,0.96875,0.5625,0.972825,0.956332,0.965753,0.00834674
5,0.96875,0.59375,0.971093,0.956312,0.966679,0.00910264
5,0.96875,0.625,0.969353,0.956295,0.967604,0.00986606
5,0.96875,0.65625,0.967607,0.956279,0.968529,0.0106347
5,0.96875,0.6875,0.965861,0.956262,0.969454,0.0114043
5,0.96875,0.71875,0.964117,0.956244,0.97038,0.012172
5,0.96875,0.75,0.962379,0.956222,0.971306,0.0129339
5,0.96875,0.78125,0.96065,0.956196,0.972232,0.0136861
5,0.96875,0.8125,0.958934,0.956163,0.973161,0.0144253
5,0.96875,0.84375,0.957235,0.956123,0.974089,0.0151482
5,0.96875,0.875,0.955555,0.956074,0.97502,0.0158507
5,0.96875,0.90625,0.953901,0.956014,0.975953,0.0165291
5,0.96875,0.9375,0.952273,0.955943,0.976887,0.0171798
5,0.96875,0.96875,0.950677,0.955858,0.977824,0.0177992
5,0.96875,1,0.949117,0.955759,0.978763,0.0183833
5,1,0,1,0.99,0.98,2.98023e-07
5,1,0.03125,1,0.99,0.98,2.98023e-07
5,1,0.0625,1,0.99,0.98,2.98023e-07
5,1,0.09375,1,0.99,0.98,2.98023e-07
5,1,0.125,1,0.99,0.98,2.98023e-07
5,1,0.15625,1,0.99,0.98,2.98023e-07
5,1,0.1875,1,0.99,0.98,2.98023e-07
5,1,0.21875,1,0.99,0.98,2.98023e-07
5,1,0.25,1,0.99,0.98,2.98023e-07
5,1,0.28125,1,0.99,0.98,2.98023e-07
5,1,0.3125,1,0.99,0.98,2.98023e-07
5,1,0.34375,1,0.99,0.98,2.98023e-07
5,1,0.375,1,0.99,0.98,2.98023e-07
5,1,0.40625,1,0.99,0.98,2.98023e-07
5,1,0.4375,1,0.99,0.98,2.98023e-07
5,1,0.46875,1,0.99,0.98,2.98023e-07
5,1,0.5,1,0.99,0.98,2.98023e-07
5,1,0.53125,1,0.99,0.98,2.98023e-07
5,1,0.5625,1,0.99,0.98,2.98023e-07
5,1,0.59375,1,0.99,0.98,2.98023e-07
5,1,0.625,1,0.99,0.98,2.98023e-07
5,1,0.65625,1,0.99,0.98,2.98023e-07
5,1,0.6875,1,0.99,0.98,2.98023e-07
5,1,0.71875,1,0.99,0.98,2.98023e-07
5,1,0.75,1,0.99,0.98,2.98023e-07
5,1,0.78125,1,0.99,0.98,2.98023e-07
5,1,0.8125,1,0.99,0.98,2.98023e-07
5,1,0.84375,1,0.99,0.98,2.98023e-07
5,1,0.875,1,0.99,0.98,2.98023e-07
5,1,0.90625,1,0.99,0.98,2.98023e-07
5,1,0.9375,1,0.99,0.98,2.98023e-07
5,1,0.96875,1,0.99,0.98,2.98023e-07
5,1,1,1,0.99,0.98,2.98023e-07
6,0,0,0,0,0,0.03
6,0,0.03125,0,0,0,0.03
6,0,0.0625,0,0,0,0.03
6,0,0.09375,0,0,0,0.03
6,0,0.125,0,0,0,0.03
6,0,0.15625,0,0,0,0.03
6,0,0.1875,0,0,0,0.03
6,0,0.21875,0,0,0,0.03
6,0,0.25,0,0,0,0.03
6,0,0.28125,0,0,0,0.03
6,0,0.3125,0,0,0,0.03
6,0,0.34375,0,0,0,0.03
6,0,0.375,0,0,0,0.03
6,0,0.40625,0,0,0,0.03
6,0,0.4375,0,0,0,0.03
6,0,0.46875,0,0,0,0.03
6,0,0.5,0,0,0,0.03
6,0,0.53125,0,0,0,0.03
6,0,0.5625,0,0,0,0.03
6,0,0.59375,0,0,0,0.03
6,0,0.625,0,0,0,0.03
6,0,0.65625,0,0,0,0.03
6,0,0.6875,0,0,0,0.03
6,0,0.71875,0,0,0,0.03
6,0,0.75,0,0,0,0.03
6,0,0.78125,0,0,0,0.03
6,0,0.8125,0,0,0,0.03
6,0,0.84375,0,0,0,0.03
6,0,0.875,0,0,0,0.03
6,0,0.90625,0,0,0,0.03
6,0,0.9375,0,0,0,0.03
6,0,0.96875,0,0,0,0.03
6,0,1,0,0,0,0.03
6,0.03125,0,0.0345419,0.0303245,0.0288125,0.0267081
6,0.03125,0.03125,0.0334775,0.0300131,0.0298368,0.026796
6,0.03125,0.0625,0.0324153,0.0297019,0.0308609,0.0268816
6,0.03125,0.09375,0.0313554,0.0293909,0.0318849,0.0269649
6,0.03125,0.125,0.0302976,0.02908,0.0329087,0.0270462
6,0.03125,0.15625,0.0292417,0.0287694,0.0339324,0.0271255
6,0.03125,0.1875,0.0281879,0.0284588,0.034956,0.0272027
6,0.03125,0.21875,0.0271358,0.0281486,0.0359793,0.0272782
6,0.03125,0.25,0.0260857,0.0278385,0.0370026,0.0273518
6,0.03125,0.28125,0.0250374,0.0275285,0.0380257,0.0274236
6,0.03125,0.3125,0.0239907,0.0272188,0.0390593,0.0274937
6,0.03125,0.34375,0.0229459,0.0269091,0.0401104,0.0275619
6,0.03125,0.375,0.021903,0.0265996,0.0411584,0.0276283
6,0.03125,0.40625,0.0208617,0.0262901,0.0421982,0.027693
6,0.03125,0.4375,0.0198218,0.0259809,0.043235,0.0277563
6,0.03125,0.46875,0.0187836,0.0256716,0.044269,0.027818
6,0.03125,0.5,0.0177469,0.0253624,0.0453003,0.0278781
6,0.03125,0.53125,0.0167113,0.0250534,0.0463292,0.0279371
6,0.03125,0.5625,0.0156772,0.0247444,0.0473558,0.0279947
6,0.03125,0.59375,0.0146442,0.0244355,0.0483803,0.0280511
6,0.03125,0.625,0.0136124,0.0241266,0.0494028,0.0281064
6,0.03125,0.65625,0.0125816,0.0238178,0.0504236,0.0281606
6,0.03125,0.6875,0.0115523,0.0235091,0.0514427,0.0282134
6,0.03125,0.71875,0.0105235,0.0232004,0.0524602,0.0282656
6,0.03125,0.75,0.00949495,0.0228915,0.0534762,0.0283176
6,0.03125,0.78125,0.00846663,0.0225827,0.054491,0.0283693
6,0.03125,0.8125,0.00743881,0.0222737,0.0555046,0.0284206
6,0.03125,0.84375,0.00641115,0.0219646,0.0565171,0.0284717
6,0.03125,0.875,0.00538394,0.0216555,0.0575286,0.0285223
6,0.03125,0.90625,0.00435698,0.0213462,0.0585391,0.0285727
6,0.03125,0.9375,0.00333042,0.0210368,0.059549,0.0286227
6,0.03125,0.96875,0.00230408,0.0207274,0.0605593,0.0286725
6,0.03125,1,0.00127818,0.0204178,0.0615693,0.0287218
6,0.0625,0,0.0713143,0.0600719,0.0572152,0.0211857
6,0.0625,0.03125,0.0692483,0.0594594,0.0592385,0.0212986
6,0.0625,0.0625,0.0671855,0.058846,0.0612609,0.0214082
6,0.0625,0.09375,0.0651262,0.0582314,0.0632825,0.0215144
6,0.0625,0.125,0.0630704,0.0576158,0.0653032,0.0216171
6,0.0625,0.15625,0.0610179,0.0569991,0.0673229,0.0217164
6,0.0625,0.1875,0.0589693,0.0563812,0.0693417,0.0218119
6,0.0625,0.21875,0.0569241,0.0557623,0.0713593,0.021904
6,0.0625,0.25,0.0548828,0.0551422,0.0733758,0.0219922
6,0.0625,0.28125,0.0528453,0.0545211,0.0753911,0.0220766
6,0.0625,0.3125,0.0508116,0.0538988,0.0774051,0.0221571
6,0.0625,0.34375,0.048782,0.0532754,0.0794178,0.0222337
6,0.0625,0.375,0.0467637,0.0526505,0.0814288,0.0222988
6,0.0625,0.40625,0.044715,0.0520256,0.0834396,0.0223944
6,0.0625,0.4375,0.0426234,0.0514006,0.0854503,0.0225328
6,0.0625,0.46875,0.040485,0.0507757,0.0874609,0.0227182
6,0.0625,0.5,0.0382926,0.0501508,0.0894714,0.0229574
6,0.0625,0.53125,0.0361164,0.0495259,0.0914816,0.0231805
6,0.0625,0.5625,0.0339564,0.0489011,0.0934916,0.0233874
6,0.0625,0.59375,0.0318116,0.0482772,0.0955013,0.0235791
6,0.0625,0.625,0.0296816,0.0476534,0.0975106,0.0237559
6,0.0625,0.65625,0.0275662,0.0470285,0.0995196,0.0239182
6,0.0625,0.6875,0.0254648,0.0464023,0.101528,0.0240664
6,0.0625,0.71875,0.0233765,0.0457751,0.103536,0.0242017
6,0.0625,0.75,0.0213009,0.0451467,0.105544,0.0243241
6,0.0625,0.78125,0.0192377,0.0445173,0.107551,0.0244342
6,0.0625,0.8125,0.0171857,0.0438869,0.109557,0.024533
6,0.0625,0.84375,0.0151461,0.0432555,0.111563,0.0246195
6,0.0625,0.875,0.0131133,0.042623,0.113568,0.0246992
6,0.0625,0.90625,0.0110818,0.041989,0.115573,0.0247776
6,0.0625,0.9375,0.00905209,0.0413533,0.117577,0.0248542
6,0.0625,0.96875,0.00702361,0.0407162,0.11958,0.0249295
6,0.0625,1,0.00499665,0.0400722,0.121583,0.0250033
6,0.09375,0,0.108322,0.0893936,0.0846195,0.0154277
6,0.09375,0.03125,0.105213,0.0884823,0.0876687,0.0156069
6,0.09375,0.0625,0.10211,0.0875694,0.0907161,0.0157809
6,0.09375,0.09375,0.0990116,0.0866544,0.0937618,0.0159493
6,0.09375,0.125,0.0959192,0.0857377,0.0968055,0.0161121
6,0.09375,0.15625,0.0928326,0.0848191,0.0998472,0.0162689
6,0.09375,0.1875,0.0897523,0.0838984,0.102887,0.0164196
6,0.09375,0.21875,0.0866782,0.0829758,0.105924,0.016564
6,0.09375,0.25,0.0836106,0.0820512,0.108958,0.0167019
6,0.09375,0.28125,0.0805499,0.0811245,0.111991,0.0168329
6,0.09375,0.3125,0.077496,0.0801957,0.11502,0.0169571
6,0.09375,0.34375,0.0744494,0.0792647,0.118047,0.017074
6,0.09375,0.375,0.0714101,0.0783316,0.12107,0.0171836
6,0.09375,0.40625,0.0683787,0.0773964,0.124091,0.0172854
6,0.09375,0.4375,0.0653549,0.0764589,0.127108,0.0173795
6,0.09375,0.46875,0.0623393,0.0755193,0.130122,0.0174654
6,0.09375,0.5,0.059332,0.0745775,0.133133,0.017543
6,0.09375,0.53125,0.0563332,0.0736335,0.13614,0.0176122
6,0.09375,0.5625,0.0533432,0.0726872,0.139144,0.0176724
6,0.09375,0.59375,0.0503614,0.0717388,0.142144,0.0177245
6,0.09375,0.625,0.0473175,0.0707903,0.145143,0.0178388
6,0.09375,0.65625,0.0441952,0.0698416,0.148141,0.0180314
6,0.09375,0.6875,0.0409833,0.0688931,0.151138,0.0183136
6,0.09375,0.71875,0.0376788,0.0679445,0.154133,0.0186884
6,0.09375,0.75,0.0344155,0.0669959,0.157127,0.019022
6,0.09375,0.78125,0.0312029,0.0660473,0.16012,0.0193049
6,0.09375,0.8125,0.0280387,0.0650989,0.163111,0.0195394
6,0.09375,0.84375,0.0249218,0.0641505,0.1661,0.0197266
6,0.09375,0.875,0.0218503,0.0632021,0.169088,0.0198684
6,0.09375,0.90625,0.0188248,0.062254,0.172075,0.0199643
6,0.09375,0.9375,0.0158125,0.0613054,0.17506,0.0200469
6,0.09375,0.96875,0.0128028,0.0603558,0.178043,0.0201269
6,0.09375,1,0.00979578,0.0594053,0.181024,0.0202042
6,0.125,0,0.145085,0.11868,0.112049,0.00991467
6,0.125,0.03125,0.140954,0.117462,0.116111,0.0101393
6,0.125,0.0625,0.136829,0.116242,0.120171,0.0103584
6,0.125,0.09375,0.13271,0.11502,0.124229,0.0105714
6,0.125,0.125,0.128597,0.113796,0.128284,0.0107779
6,0.125,0.15625,0.124491,0.11257,0.132336,0.0109777
6,0.125,0.1875,0.120392,0.111342,0.136385,0.0111704
6,0.125,0.21875,0.116301,0.110111,0.140431,0.0113553
6,0.125,0.25,0.112218,0.108877,0.144473,0.0115321
6,0.125,0.28125,0.108143,0.107641,0.148512,0.0117006
6,0.125,0.3125,0.104077,0.106402,0.152547,0.0118601
6,0.125,0.34375,0.100021,0.10516,0.156578,0.0120107
6,0.125,0.375,0.0959733,0.103915,0.160605,0.0121517
6,0.125,0.40625,0.0919363,0.102667,0.164627,0.0122825
6,0.125,0.4375,0.0879095,0.101417,0.168644,0.012403
6,0.125,0.46875,0.0838932,0.100163,0.172657,0.0125131
6,0.125,0.5,0.0798878,0.098906,0.176664,0.0126122
6,0.125,0.53125,0.0758943,0.0976458,0.180667,0.0126994
6,0.125,0.5625,0.071912,0.0963828,0.184664,0.0127755
6,0.125,0.59375,0.067942,0.0951165,0.188656,0.0128392
6,0.125,0.625,0.0639844,0.0938471,0.192642,0.0128906
6,0.125,0.65625,0.0600395,0.0925746,0.196622,0.0129292
6,0.125,0.6875,0.0561118,0.0912988,0.200596,0.0129507
6,0.125,0.71875,0.0521379,0.0900216,0.204567,0.0130183
6,0.125,0.75,0.048068,0.0887442,0.208535,0.013182
6,0.125,0.78125,0.0438852,0.0874665,0.212501,0.0134585
6,0.125,0.8125,0.0395598,0.0861884,0.216465,0.0138777
6,0.125,0.84375,0.0352138,0.0849102,0.220426,0.0143175
6,0.125,0.875,0.0309912,0.0836316,0.224384,0.0146338
6,0.125,0.90625,0.0268883,0.0823527,0.22834,0.0148305
6,0.125,0.9375,0.0228983,0.0810735,0.232293,0.0149142
6,0.125,0.96875,0.018929,0.079793,0.236243,0.0149772
6,0.125,1,0.014964,0.0785111,0.24019,0.015036
6,0.15625,0,0.181029,0.1482,0.139978,0.00522086
6,0.15625,0.03125,0.175915,0.146661,0.145025,0.00545228
6,0.15625,0.0625,0.170804,0.145119,0.15007,0.0056802
6,0.15625,0.09375,0.165697,0.143577,0.155114,0.00590423
6,0.15625,0.125,0.160595,0.142033,0.160156,0.00612333
6,0.15625,0.15625,0.155499,0.140488,0.165196,0.00633708
6,0.15625,0.1875,0.150408,0.13894,0.170233,0.00654486
6,0.15625,0.21875,0.145325,0.13739,0.175267,0.00674579
6,0.15625,0.25,0.140248,0.135838,0.180297,0.00693959
6,0.15625,0.28125,0.13518,0.134283,0.185324,0.00712496
6,0.15625,0.3125,0.13012,0.132726,0.190347,0.00730214
6,0.15625,0.34375,0.125069,0.131165,0.195365,0.00747007
6,0.15625,0.375,0.120028,0.129602,0.200379,0.00762821
6,0.15625,0.40625,0.114997,0.128035,0.205387,0.00777627
6,0.15625,0.4375,0.109977,0.126465,0.210391,0.00791316
6,0.15625,0.46875,0.104969,0.124892,0.215389,0.00803901
6,0.15625,0.5,0.0999722,0.123315,0.22038,0.00815281
6,0.15625,0.53125,0.0949875,0.121735,0.225366,0.0082547
6,0.15625,0.5625,0.0900159,0.120151,0.230345,0.0083435
6,0.15625,0.59375,0.0850573,0.118563,0.235318,0.00841931
6,0.15625,0.625,0.0801125,0.116971,0.240284,0.00848121
6,0.15625,0.65625,0.0751811,0.115376,0.245243,0.00852983
6,0.15625,0.6875,0.0702647,0.113777,0.250195,0.00856341
6,0.15625,0.71875,0.0653625,0.112175,0.255139,0.0085828
6,0.15625,0.75,0.0604781,0.110568,0.260077,0.00858443
6,0.15625,0.78125,0.0555508,0.10896,0.265008,0.0086289
6,0.15625,0.8125,0.0505261,0.10735,0.269937,0.00877081
6,0.15625,0.84375,0.0453831,0.10574,0.274862,0.009031
6,0.15625,0.875,0.04009,0.10413,0.279784,0.00944126
6,0.15625,0.90625,0.0347801,0.102518,0.284702,0.00986836
6,0.15625,0.9375,0.0297191,0.100905,0.289617,0.0100465
6,0.15625,0.96875,0.0247966,0.0992911,0.294528,0.0100862
6,0.15625,1,0.0198799,0.0976752,0.299435,0.0101201
6,0.1875,0,0.215684,0.178178,0.168797,0.00181577
6,0.1875,0.03125,0.209642,0.176294,0.174787,0.00199905
6,0.1875,0.0625,0.203597,0.174411,0.180779,0.00218427
6,0.1875,0.09375,0.197552,0.172529,0.186773,0.00237036
6,0.1875,0.125,0.191506,0.170646,0.192767,0.00255641
6,0.1875,0.15625,0.185462,0.168764,0.198761,0.00274161
6,0.1875,0.1875,0.179419,0.166881,0.204755,0.0029248
6,0.1875,0.21875,0.173379,0.164997,0.210748,0.00310495
6,0.1875,0.25,0.167344,0.163112,0.216739,0.00328106
6,0.1875,0.28125,0.161313,0.161226,0.222729,0.0034523
6,0.1875,0.3125,0.155288,0.159337,0.228715,0.00361803
6,0.1875,0.34375,0.14927,0.157447,0.234699,0.00377721
6,0.1875,0.375,0.143259,0.155555,0.240679,0.00392893
6,0.1875,0.40625,0.137256,0.15366,0.246655,0.00407219
6,0.1875,0.4375,0.131262,0.151762,0.252626,0.00420678
6,0.1875,0.46875,0.125277,0.149861,0.258592,0.00433204
6,0.1875,0.5,0.119304,0.147957,0.264553,0.0044465
6,0.1875,0.53125,0.11334,0.146049,0.270507,0.00455055
6,0.1875,0.5625,0.107389,0.144138,0.276456,0.00464261
6,0.1875,0.59375,0.101449,0.142224,0.282398,0.004723
6,0.1875,0.625,0.095522,0.140306,0.288334,0.00479051
6,0.1875,0.65625,0.0896073,0.138384,0.294262,0.00484585
6,0.1875,0.6875,0.0837061,0.136458,0.300183,0.0048876
6,0.1875,0.71875,0.0778189,0.134528,0.306096,0.00491545
6,0.1875,0.75,0.0719454,0.132595,0.312002,0.00492959
6,0.1875,0.78125,0.0660862,0.130657,0.317899,0.00492938
6,0.1875,0.8125,0.0602221,0.128717,0.32379,0.0049341
6,0.1875,0.84375,0.0542868,0.126775,0.329677,0.00501008
6,0.1875,0.875,0.0482588,0.124831,0.33556,0.00517873
6,0.1875,0.90625,0.042116,0.122887,0.341439,0.0054621
6,0.1875,0.9375,0.0359072,0.120941,0.347315,0.00581155
6,0.1875,0.96875,0.0300043,0.118993,0.353186,0.00585508
6,0.1875,1,0.0241335,0.117044,0.359053,0.00586649
6,0.21875,0,0.248632,0.208794,0.198834,0.000118166
6,0.21875,0.03125,0.241731,0.206539,0.205716,0.000182718
6,0.21875,0.0625,0.234819,0.204289,0.212606,0.000258744
6,0.21875,0.09375,0.227898,0.202042,0.219503,0.000344008
6,0.21875,0.125,0.220968,0.199799,0.226407,0.000438303
6,0.21875,0.15625,0.214031,0.197558,0.233315,0.000539273
6,0.21875,0.1875,0.207089,0.19532,0.240228,0.00064519
6,0.21875,0.21875,0.200143,0.193083,0.247144,0.000755787
6,0.21875,0.25,0.193194,0.190848,0.254063,0.000868827
6,0.21875,0.28125,0.186243,0.188613,0.260984,0.000983894
6,0.21875,0.3125,0.179292,0.186378,0.267906,0.00109863
6,0.21875,0.34375,0.172342,0.184144,0.274827,0.00121287
6,0.21875,0.375,0.165394,0.181909,0.281748,0.00132445
6,0.21875,0.40625,0.15845,0.179673,0.288668,0.00143325
6,0.21875,0.4375,0.15151,0.177436,0.295586,0.00153726
6,0.21875,0.46875,0.144574,0.175197,0.302502,0.00163665
6,0.21875,0.5,0.137646,0.172956,0.309413,0.00172946
6,0.21875,0.53125,0.130724,0.170713,0.316322,0.00181541
6,0.21875,0.5625,0.123809,0.168468,0.323225,0.00189369
6,0.21875,0.59375,0.116904,0.16622,0.330124,0.00196306
6,0.21875,0.625,0.110007,0.163969,0.337018,0.00202412
6,0.21875,0.65625,0.10312,0.161715,0.343906,0.00207525
6,0.21875,0.6875,0.0962427,0.159458,0.350788,0.00211667
6,0.21875,0.71875,0.0893756,0.157198,0.357664,0.00214782
6,0.21875,0.75,0.0825199,0.154935,0.364533,0.00216765
6,0.21875,0.78125,0.075674,0.152668,0.371395,0.00217751
6,0.21875,0.8125,0.0688398,0.150398,0.378251,0.00217584
6,0.21875,0.84375,0.0620034,0.148125,0.385101,0.00217626
6,0.21875,0.875,0.0551238,0.14585,0.391947,0.00222
6,0.21875,0.90625,0.0481893,0.143574,0.39879,0.00231849
6,0.21875,0.9375,0.0411837,0.141297,0.405629,0.00248823
6,0.21875,0.96875,0.034243,0.139018,0.412465,0.00259295
6,0.21875,1,0.0274128,0.136737,0.419297,0.0025872
6,0.25,0,0.28,0.24,0.23,7.45058e-08
6,0.25,0.03125,0.272187,0.237396,0.237812,1.19209e-07
6,0.25,0.0625,0.264375,0.234792,0.245625,8.9407e-08
6,0.25,0.09375,0.256562,0.232187,0.253437,1.78814e-07
6,0.25,0.125,0.24875,0.229583,0.26125,1.49012e-07
6,0.25,0.15625,0.240937,0.226979,0.269062,1.19209e-07
6,0.25,0.1875,0.233125,0.224375,0.276875,1.19209e-07
6,0.25,0.21875,0.225312,0.221771,0.284687,1.19209e-07
6,0.25,0.25,0.2175,0.219167,0.2925,2.68221e-07
6,0.25,0.28125,0.209682,0.216564,0.300316,5.21541e-06
6,0.25,0.3125,0.201855,0.213966,0.30814,2.03848e-05
6,0.25,0.34375,0.194019,0.21137,0.315969,4.34816e-05
6,0.25,0.375,0.186177,0.208777,0.323803,7.28667e-05
6,0.25,0.40625,0.17833,0.206186,0.331641,0.000107378
6,0.25,0.4375,0.17048,0.203597,0.339482,0.000145018
6,0.25,0.46875,0.162627,0.201008,0.347324,0.000185102
6,0.25,0.5,0.154774,0.19842,0.355168,0.000225902
6,0.25,0.53125,0.146921,0.195831,0.363012,0.000266552
6,0.25,0.5625,0.139069,0.193243,0.370855,0.000305861
6,0.25,0.59375,0.13122,0.190654,0.378698,0.000342816
6,0.25,0.625,0.123373,0.188064,0.386538,0.000376932
6,0.25,0.65625,0.11553,0.185472,0.394376,0.000407107
6,0.25,0.6875,0.107692,0.18288,0.402212,0.000433199
6,0.25,0.71875,0.0998587,0.180285,0.410044,0.000453793
6,0.25,0.75,0.0920306,0.177689,0.417873,0.000469439
6,0.25,0.78125,0.0842075,0.175091,0.425698,0.000479959
6,0.25,0.8125,0.0763907,0.17249,0.433519,0.00048431
6,0.25,0.84375,0.068579,0.169888,0.441336,0.000483513
6,0.25,0.875,0.0607646,0.167285,0.449151,0.00048542
6,0.25,0.90625,0.0529385,0.16468,0.456963,0.000499047
6,0.25,0.9375,0.0450962,0.162075,0.464773,0.00052885
6,0.25,0.96875,0.0372477,0.159468,0.472581,0.000564836
6,0.25,1,0.0294447,0.156861,0.480387,0.000555314
6,0.28125,0,0.31125,0.27125,0.26125,1.78814e-07
6,0.28125,0.03125,0.302461,0.26832,0.270039,8.9407e-08
6,0.28125,0.0625,0.293672,0.265391,0.278828,1.49012e-07
6,0.28125,0.09375,0.284883,0.262461,0.287617,1.19209e-07
6,0.28125,0.125,0.276094,0.259531,0.296406,8.9407e-08
6,0.28125,0.15625,0.267305,0.256602,0.305195,5.96046e-08
6,0.28125,0.1875,0.258515,0.253672,0.313984,1.49012e-07
6,0.28125,0.21875,0.249727,0.250742,0.322773,1.78814e-07
6,0.28125,0.25,0.240937,0.247813,0.331562,4.47035e-07
6,0.28125,0.28125,0.232148,0.244883,0.340351,1.04308e-07
6,0.28125,0.3125,0.22336,0.241953,0.349141,3.57628e-07
6,0.28125,0.34375,0.21457,0.239023,0.35793,1.19209e-07
6,0.28125,0.375,0.205781,0.236094,0.366719,1.19209e-07
6,0.28125,0.40625,0.196992,0.233164,0.375508,2.68221e-07
6,0.28125,0.4375,0.188203,0.230234,0.384297,8.9407e-08
6,0.28125,0.46875,0.179414,0.227305,0.393086,8.9407e-08
6,0.28125,0.5,0.170625,0.224375,0.401875,1.49012e-07
6,0.28125,0.53125,0.161836,0.221445,0.410664,2.38419e-07
6,0.28125,0.5625,0.153047,0.218516,0.419453,1.49012e-07
6,0.28125,0.59375,0.144258,0.215586,0.428242,5.96046e-08
6,0.28125,0.625,0.135469,0.212656,0.437031,1.78814e-07
6,0.28125,0.65625,0.12668,0.209726,0.44582,1.49012e-07
6,0.28125,0.6875,0.117891,0.206797,0.454609,1.11759e-07
6,0.28125,0.71875,0.109102,0.203867,0.463398,4.47035e-08
6,0.28125,0.75,0.100313,0.200937,0.472187,3.35276e-07
6,0.28125,0.78125,0.0915235,0.198008,0.480977,1.04308e-07
6,0.28125,0.8125,0.0827346,0.195078,0.489766,2.45869e-07
6,0.28125,0.84375,0.0739456,0.192148,0.498555,2.90573e-07
6,0.28125,0.875,0.0651565,0.189219,0.507344,2.08616e-07
6,0.28125,0.90625,0.0563675,0.186289,0.516133,3.05474e-07
6,0.28125,0.9375,0.0475783,0.183359,0.524922,2.16067e-07
6,0.28125,0.96875,0.0387896,0.18043,0.533711,5.66244e-07
6,0.28125,1,0.0299999,0.1775,0.5425,5.96046e-08
6,0.3125,0,0.3425,0.3025,0.2925,1.78814e-07
6,0.3125,0.03125,0.332734,0.299245,0.302266,8.9407e-08
6,0.3125,0.0625,0.322969,0.295989,0.312031,1.49012e-07
6,0.3125,0.09375,0.313203,0.292734,0.321797,2.08616e-07
6,0.3125,0.125,0.303438,0.289479,0.331562,2.08616e-07
6,0.3125,0.15625,0.293672,0.286224,0.341328,5.96046e-08
6,0.3125,0.1875,0.283906,0.282969,0.351094,1.49012e-07
6,0.3125,0.21875,0.27414,0.279714,0.360859,1.49012e-07
6,0.3125,0.25,0.264375,0.276458,0.370625,1.19209e-07
6,0.3125,0.28125,0.25461,0.273203,0.380391,2.08616e-07
6,0.3125,0.3125,0.244844,0.269948,0.390156,1.49012e-07
6,0.3125,0.34375,0.235078,0.266693,0.399922,8.9407e-08
6,0.3125,0.375,0.225313,0.263437,0.409687,1.19209e-07
6,0.3125,0.40625,0.215547,0.260182,0.419453,1.19209e-07
6,0.3125,0.4375,0.205781,0.256927,0.429219,2.38419e-07
6,0.3125,0.46875,0.196016,0.253672,0.438984,2.98023e-08
6,0.3125,0.5,0.18625,0.250417,0.44875,8.9407e-08
6,0.3125,0.53125,0.176484,0.247162,0.458515,1.78814e-07
6,0.3125,0.5625,0.166719,0.243906,0.468281,2.08616e-07
6,0.3125,0.59375,0.156953,0.240651,0.478047,2.68221e-07
6,0.3125,0.625,0.147187,0.237396,0.487812,8.9407e-08
6,0.3125,0.65625,0.137422,0.23414,0.497578,3.57628e-07
6,0.3125,0.6875,0.127656,0.230885,0.507344,1.78814e-07
6,0.3125,0.71875,0.117891,0.22763,0.517109,3.94881e-07
6,0.3125,0.75,0.108125,0.224375,0.526875,4.99189e-07
6,0.3125,0.78125,0.0983586,0.22112,0.536641,7.37607e-07
6,0.3125,0.8125,0.0885939,0.217864,0.546406,1.71363e-07
6,0.3125,0.84375,0.0788284,0.214609,0.556172,2.90573e-07
6,0.3125,0.875,0.0690615,0.211354,0.565937,9.76026e-07
6,0.3125,0.90625,0.0592966,0.208099,0.575703,2.68221e-07
6,0.3125,0.9375,0.0495308,0.204844,0.585469,4.24683e-07
6,0.3125,0.96875,0.039766,0.201589,0.595234,3.39001e-07
6,0.3125,1,0.0299998,0.198333,0.605,2.45869e-07
6,0.34375,0,0.37375,0.33375,0.32375,2.08616e-07
6,0.34375,0.03125,0.363008,0.330169,0.334492,1.78814e-07
6,0.34375,0.0625,0.352265,0.326589,0.345234,2.08616e-07
6,0.34375,0.09375,0.341523,0.323008,0.355976,2.98023e-07
6,0.34375,0.125,0.330781,0.319427,0.366719,8.9407e-08
6,0.34375,0.15625,0.320039,0.315846,0.377461,5.96046e-08
6,0.34375,0.1875,0.309297,0.312266,0.388203,1.78814e-07
6,0.34375,0.21875,0.298554,0.308685,0.398945,2.08616e-07
6,0.34375,0.25,0.287813,0.305104,0.409687,3.8743e-07
6,0.34375,0.28125,0.27707,0.301523,0.42043,2.38419e-07
6,0.34375,0.3125,0.266328,0.297943,0.431172,1.49012e-07
6,0.34375,0.34375,0.255586,0.294362,0.441914,2.38419e-07
6,0.34375,0.375,0.244844,0.290781,0.452656,1.19209e-07
6,0.34375,0.40625,0.234101,0.287201,0.463398,2.68221e-07
6,0.34375,0.4375,0.223359,0.28362,0.474141,1.19209e-07
6,0.34375,0.46875,0.212617,0.280039,0.484883,5.66244e-07
6,0.34375,0.5,0.201875,0.276458,0.495625,1.78814e-07
6,0.34375,0.53125,0.191133,0.272878,0.506367,8.9407e-08
6,0.34375,0.5625,0.180391,0.269297,0.517109,1.19209e-07
6,0.34375,0.59375,0.169648,0.265716,0.527852,2.38419e-07
6,0.34375,0.625,0.158906,0.262135,0.538594,1.78814e-07
6,0.34375,0.65625,0.148164,0.258555,0.549336,2.38419e-07
6,0.34375,0.6875,0.137422,0.254974,0.560078,1.19209e-07
6,0.34375,0.71875,0.12668,0.251393,0.57082,5.96046e-08
6,0.34375,0.75,0.115937,0.247813,0.581563,2.75671e-07
6,0.34375,0.78125,0.105195,0.244232,0.592304,4.99189e-07
6,0.34375,0.8125,0.0944528,0.240651,0.603047,2.98023e-07
6,0.34375,0.84375,0.0837108,0.23707,0.613789,1.86265e-07
6,0.34375,0.875,0.0729695,0.233489,0.624531,7.07805e-07
6,0.34375,0.90625,0.0622274,0.229909,0.635273,8.12113e-07
6,0.34375,0.9375,0.0514844,0.226328,0.646016,1.04308e-07
6,0.34375,0.96875,0.0407427,0.222747,0.656758,5.06639e-07
6,0.34375,1,0.029999,0.219167,0.6675,9.68575e-07
6,0.375,0,0.405,0.365,0.355,2.38419e-07
6,0.375,0.03125,0.393281,0.361094,0.366719,1.49012e-07
6,0.375,0.0625,0.381563,0.357187,0.378437,2.38419e-07
6,0.375,0.09375,0.369844,0.353281,0.390156,1.78814e-07
6,0.375,0.125,0.358125,0.349375,0.401875,3.57628e-07
6,0.375,0.15625,0.346406,0.345469,0.413594,1.78814e-07
6,0.375,0.1875,0.334687,0.341562,0.425312,5.96046e-08
6,0.375,0.21875,0.322969,0.337656,0.437031,1.49012e-07
6,0.375,0.25,0.31125,0.33375,0.44875,1.19209e-07
6,0.375,0.28125,0.299531,0.329844,0.460469,1.19209e-07
6,0.375,0.3125,0.287813,0.325937,0.472187,3.8743e-07
6,0.375,0.34375,0.276094,0.322031,0.483906,1.19209e-07
6,0.375,0.375,0.264375,0.318125,0.495625,8.9407e-08
6,0.375,0.40625,0.252656,0.314219,0.507344,1.49012e-07
6,0.375,0.4375,0.240938,0.310312,0.519062,1.78814e-07
6,0.375,0.46875,0.229219,0.306406,0.530781,2.38419e-07
6,0.375,0.5,0.2175,0.3025,0.5425,1.19209e-07
6,0.375,0.53125,0.205781,0.298594,0.554219,1.19209e-07
6,0.375,0.5625,0.194063,0.294687,0.565937,1.19209e-07
6,0.375,0.59375,0.182344,0.290781,0.577656,1.49012e-07
6,0.375,0.625,0.170625,0.286875,0.589375,1.78814e-07
6,0.375,0.65625,0.158906,0.282969,0.601094,1.78814e-07
6,0.375,0.6875,0.147188,0.279062,0.612812,2.38419e-07
6,0.375,0.71875,0.135469,0.275156,0.624531,8.9407e-08
6,0.375,0.75,0.12375,0.27125,0.63625,2.01166e-07
6,0.375,0.78125,0.112031,0.267344,0.647969,5.96046e-08
6,0.375,0.8125,0.100312,0.263438,0.659688,7.97212e-07
6,0.375,0.84375,0.0885936,0.259531,0.671406,1.19209e-07
6,0.375,0.875,0.0768748,0.255625,0.683125,1.56462e-07
6,0.375,0.90625,0.0651555,0.251719,0.694844,7.45058e-07
6,0.375,0.9375,0.0534372,0.247812,0.706562,2.6077e-07
6,0.375,0.96875,0.0417171,0.243906,0.718281,1.66148e-06
6,0.375,1,0.030001,0.24,0.73,9.574e-07
6,0.40625,0,0.43625,0.39625,0.38625,1.49012e-07
6,0.40625,0.03125,0.423555,0.392018,0.398945,1.19209e-07
6,0.40625,0.0625,0.410859,0.387787,0.411641,2.98023e-07
6,0.40625,0.09375,0.398164,0.383555,0.424336,1.19209e-07
6,0.40625,0.125,0.385469,0.379323,0.437031,1.19209e-07
6,0.40625,0.15625,0.372773,0.375091,0.449727,2.98023e-08
6,0.40625,0.1875,0.360078,0.370859,0.462422,1.49012e-07
6,0.40625,0.21875,0.347383,0.366628,0.475117,1.19209e-07
6,0.40625,0.25,0.334687,0.362396,0.487812,2.98023e-07
6,0.40625,0.28125,0.321992,0.358164,0.500508,1.19209e-07
6,0.40625,0.3125,0.309297,0.353932,0.513203,2.08616e-07
6,0.40625,0.34375,0.296602,0.3497,0.525898,3.8743e-07
6,0.40625,0.375,0.283906,0.345469,0.538594,1.78814e-07
6,0.40625,0.40625,0.271211,0.341237,0.551289,1.78814e-07
6,0.40625,0.4375,0.258516,0.337005,0.563984,8.9407e-08
6,0.40625,0.46875,0.24582,0.332773,0.57668,1.49012e-07
6,0.40625,0.5,0.233125,0.328542,0.589375,1.78814e-07
6,0.40625,0.53125,0.22043,0.32431,0.60207,1.78814e-07
6,0.40625,0.5625,0.207735,0.320078,0.614766,5.06639e-07
6,0.40625,0.59375,0.195039,0.315846,0.627461,1.49012e-07
6,0.40625,0.625,0.182344,0.311615,0.640156,1.78814e-07
6,0.40625,0.65625,0.169649,0.307383,0.652852,5.96046e-07
6,0.40625,0.6875,0.156953,0.303151,0.665547,2.98023e-07
6,0.40625,0.71875,0.144258,0.298919,0.678242,3.57628e-07
6,0.40625,0.75,0.131563,0.294687,0.690938,7.45058e-07
6,0.40625,0.78125,0.118867,0.290456,0.703633,1.19209e-07
6,0.40625,0.8125,0.106172,0.286224,0.716328,2.01166e-07
6,0.40625,0.84375,0.0934771,0.281992,0.729023,4.99189e-07
6,0.40625,0.875,0.0807815,0.27776,0.741719,2.90573e-07
6,0.40625,0.90625,0.068087,0.273528,0.754414,1.11014e-06
6,0.40625,0.9375,0.0553916,0.269297,0.767109,9.46224e-07
6,0.40625,0.96875,0.0426963,0.265065,0.779805,9.98378e-07
6,0.40625,1,0.0300012,0.260833,0.7925,1.24611e-06
6,0.4375,0,0.4675,0.4275,0.4175,2.68221e-07
6,0.4375,0.03125,0.453828,0.422943,0.431172,8.9407e-08
6,0.4375,0.0625,0.440156,0.418385,0.444844,5.96046e-08
6,0.4375,0.09375,0.426484,0.413828,0.458516,2.68221e-07
6,0.4375,0.125,0.412813,0.409271,0.472187,2.38419e-07
6,0.4375,0.15625,0.39914,0.404714,0.485859,4.76837e-07
6,0.4375,0.1875,0.385469,0.400156,0.499531,2.08616e-07
6,0.4375,0.21875,0.371797,0.395599,0.513203,5.96046e-08
6,0.4375,0.25,0.358125,0.391042,0.526875,1.19209e-07
6,0.4375,0.28125,0.344453,0.386484,0.540547,8.9407e-08
6,0.4375,0.3125,0.330781,0.381927,0.554219,2.38419e-07
6,0.4375,0.34375,0.317109,0.37737,0.56789,2.68221e-07
6,0.4375,0.375,0.303437,0.372813,0.581563,2.98023e-07
6,0.4375,0.40625,0.289766,0.368255,0.595234,2.08616e-07
6,0.4375,0.4375,0.276094,0.363698,0.608906,1.19209e-07
6,0.4375,0.46875,0.262422,0.359141,0.622578,3.57628e-07
6,0.4375,0.5,0.24875,0.354583,0.63625,3.27826e-07
6,0.4375,0.53125,0.235078,0.350026,0.649922,1.78814e-07
6,0.4375,0.5625,0.221406,0.345469,0.663594,4.17233e-07
6,0.4375,0.59375,0.207734,0.340911,0.677266,1.49012e-07
6,0.4375,0.625,0.194062,0.336354,0.690937,2.68221e-07
6,0.4375,0.65625,0.180391,0.331797,0.704609,4.47035e-07
6,0.4375,0.6875,0.166718,0.32724,0.718281,3.57628e-07
6,0.4375,0.71875,0.153047,0.322682,0.731953,2.98023e-07
6,0.4375,0.75,0.139375,0.318125,0.745625,3.8743e-07
6,0.4375,0.78125,0.125703,0.313568,0.759297,2.38419e-07
6,0.4375,0.8125,0.112031,0.309011,0.772969,3.94881e-07
6,0.4375,0.84375,0.0983593,0.304453,0.786641,1.11759e-07
6,0.4375,0.875,0.0846878,0.299896,0.800313,3.20375e-07
6,0.4375,0.90625,0.0710163,0.295338,0.813984,6.78003e-07
6,0.4375,0.9375,0.057345,0.290781,0.827656,1.2368e-06
6,0.4375,0.96875,0.0436727,0.286224,0.841328,8.71718e-07
6,0.4375,1,0.0300011,0.281667,0.855,1.05239e-06
6,0.46875,0,0.49875,0.45875,0.44875,8.9407e-08
6,0.46875,0.03125,0.484102,0.453867,0.463398,2.68221e-07
6,0.46875,0.0625,0.469453,0.448984,0.478047,3.27826e-07
6,0.46875,0.09375,0.454805,0.444101,0.492695,2.68221e-07
6,0.46875,0.125,0.440156,0.439219,0.507344,1.78814e-07
6,0.46875,0.15625,0.425508,0.434336,0.521992,6.55651e-07
6,0.46875,0.1875,0.41086,0.429453,0.536641,2.08616e-07
6,0.46875,0.21875,0.396211,0.42457,0.551289,1.49012e-07
6,0.46875,0.25,0.381563,0.419688,0.565937,1.19209e-07
6,0.46875,0.28125,0.366914,0.414805,0.580586,1.19209e-07
6,0.46875,0.3125,0.352265,0.409922,0.595234,2.38419e-07
6,0.46875,0.34375,0.337618,0.405039,0.609883,5.36442e-07
6,0.46875,0.375,0.322969,0.400156,0.624531,3.8743e-07
6,0.46875,0.40625,0.308321,0.395273,0.63918,2.08616e-07
6,0.46875,0.4375,0.293672,0.390391,0.653828,1.78814e-07
6,0.46875,0.46875,0.279023,0.385508,0.668476,1.19209e-07
6,0.46875,0.5,0.264375,0.380625,0.683125,1.19209e-07
6,0.46875,0.53125,0.249726,0.375742,0.697773,1.19209e-07
6,0.46875,0.5625,0.235077,0.37086,0.712422,6.85453e-07
6,0.46875,0.59375,0.220429,0.365977,0.72707,8.9407e-07
6,0.46875,0.625,0.205781,0.361094,0.741719,5.06639e-07
6,0.46875,0.65625,0.191132,0.356211,0.756367,8.9407e-07
6,0.46875,0.6875,0.176484,0.351328,0.771016,8.9407e-08
6,0.46875,0.71875,0.161835,0.346445,0.785664,4.47035e-07
6,0.46875,0.75,0.147188,0.341562,0.800312,4.76837e-07
6,0.46875,0.78125,0.132538,0.33668,0.814961,7.45058e-07
6,0.46875,0.8125,0.117891,0.331797,0.829609,1.78814e-07
6,0.46875,0.84375,0.103242,0.326914,0.844258,4.39584e-07
6,0.46875,0.875,0.0885937,0.322031,0.858906,1.19209e-07
6,0.46875,0.90625,0.0739466,0.317148,0.873555,1.24425e-06
6,0.46875,0.9375,0.0592973,0.312266,0.888203,3.8743e-07
6,0.46875,0.96875,0.0446457,0.307383,0.902852,2.68966e-06
6,0.46875,1,0.0300004,0.3025,0.9175,3.78117e-07
6,0.5,0,0.53,0.49,0.48,2.38419e-07
6,0.5,0.03125,0.514375,0.484792,0.495625,1.49012e-07
6,0.5,0.0625,0.49875,0.479583,0.51125,3.27826e-07
6,0.5,0.09375,0.483125,0.474375,0.526875,4.47035e-07
6,0.5,0.125,0.4675,0.469166,0.5425,3.27826e-07
6,0.5,0.15625,0.451875,0.463958,0.558125,2.68221e-07
6,0.5,0.1875,0.43625,0.45875,0.57375,1.78814e-07
6,0.5,0.21875,0.420625,0.453541,0.589375,2.98023e-07
6,0.5,0.25,0.405,0.448333,0.605,2.98023e-07
6,0.5,0.28125,0.389375,0.443125,0.620625,3.8743e-07
6,0.5,0.3125,0.37375,0.437917,0.63625,4.47035e-07
6,0.5,0.34375,0.358125,0.432708,0.651875,2.38419e-07
6,0.5,0.375,0.3425,0.4275,0.6675,1.49012e-07
6,0.5,0.40625,0.326875,0.422292,0.683125,4.76837e-07
6,0.5,0.4375,0.31125,0.417083,0.69875,2.68221e-07
6,0.5,0.46875,0.295625,0.411875,0.714375,1.78814e-07
6,0.5,0.5,0.28,0.406667,0.73,3.57628e-07
6,0.5,0.53125,0.264375,0.401458,0.745625,1.78814e-07
6,0.5,0.5625,0.248751,0.39625,0.76125,8.34465e-07
6,0.5,0.59375,0.233125,0.391042,0.776875,2.08616e-07
6,0.5,0.625,0.2175,0.385833,0.7925,1.19209e-07
6,0.5,0.65625,0.201875,0.380625,0.808125,3.57628e-07
6,0.5,0.6875,0.18625,0.375417,0.82375,2.38419e-07
6,0.5,0.71875,0.170624,0.370208,0.839375,5.06639e-07
6,0.5,0.75,0.155,0.365,0.855,8.9407e-08
6,0.5,0.78125,0.139375,0.359792,0.870625,3.27826e-07
6,0.5,0.8125,0.12375,0.354583,0.88625,2.01166e-07
6,0.5,0.84375,0.108125,0.349375,0.901875,1.41561e-07
6,0.5,0.875,0.0925004,0.344166,0.9175,3.94881e-07
6,0.5,0.90625,0.0768751,0.338958,0.933125,1.78814e-07
6,0.5,0.9375,0.0612513,0.33375,0.94875,1.30385e-06
6,0.5,0.96875,0.0456254,0.328542,0.964375,3.57628e-07
6,0.5,1,0.0300022,0.323333,0.98,2.20723e-06
6,0.53125,0,0.56125,0.52125,0.51125,2.38419e-07
6,0.53125,0.03125,0.546602,0.516367,0.525898,5.96046e-08
6,0.53125,0.0625,0.531953,0.511484,0.540547,2.98023e-07
6,0.53125,0.09375,0.517305,0.506602,0.555195,5.96046e-08
6,0.53125,0.125,0.502656,0.501719,0.569844,1.19209e-07
6,0.53125,0.15625,0.488007,0.496836,0.584492,5.06639e-07
6,0.53125,0.1875,0.47336,0.491953,0.599141,1.78814e-07
6,0.53125,0.21875,0.458711,0.48707,0.613789,2.68221e-07
6,0.53125,0.25,0.444063,0.482187,0.628438,5.96046e-08
6,0.53125,0.28125,0.429414,0.477305,0.643086,3.8743e-07
6,0.53125,0.3125,0.414766,0.472422,0.657734,2.98023e-07
6,0.53125,0.34375,0.400117,0.467539,0.672383,2.68221e-07
6,0.53125,0.375,0.385469,0.462656,0.687031,1.19209e-07
6,0.53125,0.40625,0.37082,0.457773,0.70168,2.38419e-07
6,0.53125,0.4375,0.356171,0.452891,0.716328,8.64267e-07
6,0.53125,0.46875,0.341524,0.448008,0.730976,3.27826e-07
6,0.53125,0.5,0.326875,0.443125,0.745625,3.8743e-07
6,0.53125,0.53125,0.312227,0.438242,0.760273,4.17233e-07
6,0.53125,0.5625,0.297578,0.43336,0.774922,1.78814e-07
6,0.53125,0.59375,0.28293,0.428477,0.78957,8.9407e-08
6,0.53125,0.625,0.268281,0.423594,0.804218,2.98023e-07
6,0.53125,0.65625,0.253633,0.418711,0.818867,8.9407e-08
6,0.53125,0.6875,0.238984,0.413828,0.833516,5.06639e-07
6,0.53125,0.71875,0.224335,0.408946,0.848164,6.85453e-07
6,0.53125,0.75,0.209687,0.404063,0.862812,3.57628e-07
6,0.53125,0.78125,0.195038,0.39918,0.877461,6.25849e-07
6,0.53125,0.8125,0.180389,0.394297,0.892109,1.43051e-06
6,0.53125,0.84375,0.165742,0.389414,0.906758,2.68221e-07
6,0.53125,0.875,0.151094,0.384531,0.921406,8.9407e-08
6,0.53125,0.90625,0.136446,0.379648,0.936055,2.68221e-07
6,0.53125,0.9375,0.121796,0.374766,0.950703,1.22935e-06
6,0.53125,0.96875,0.107149,0.369883,0.965352,3.7998e-07
6,0.53125,1,0.0925019,0.365,0.98,1.9446e-06
6,0.5625,0,0.5925,0.5525,0.5425,2.38419e-07
6,0.5625,0.03125,0.578828,0.547943,0.556172,1.78814e-07
6,0.5625,0.0625,0.565156,0.543386,0.569844,3.57628e-07
6,0.5625,0.09375,0.551484,0.538828,0.583516,5.96046e-08
6,0.5625,0.125,0.537813,0.534271,0.597187,1.19209e-07
6,0.5625,0.15625,0.524141,0.529714,0.610859,1.19209e-07
6,0.5625,0.1875,0.510469,0.525156,0.624531,2.38419e-07
6,0.5625,0.21875,0.496797,0.520599,0.638203,5.96046e-08
6,0.5625,0.25,0.483125,0.516042,0.651875,8.9407e-08
6,0.5625,0.28125,0.469453,0.511484,0.665547,5.96046e-08
6,0.5625,0.3125,0.455781,0.506927,0.679219,2.68221e-07
6,0.5625,0.34375,0.442109,0.50237,0.692891,2.68221e-07
6,0.5625,0.375,0.428437,0.497812,0.706562,2.38419e-07
6,0.5625,0.40625,0.414766,0.493255,0.720234,8.9407e-08
6,0.5625,0.4375,0.401093,0.488698,0.733906,3.27826e-07
6,0.5625,0.46875,0.387422,0.48414,0.747578,2.38419e-07
6,0.5625,0.5,0.37375,0.479583,0.76125,1.49012e-07
6,0.5625,0.53125,0.360079,0.475026,0.774922,4.76837e-07
6,0.5625,0.5625,0.346406,0.470469,0.788594,3.57628e-07
6,0.5625,0.59375,0.332734,0.465911,0.802266,1.78814e-07
6,0.5625,0.625,0.319063,0.461354,0.815937,6.85453e-07
6,0.5625,0.65625,0.30539,0.456797,0.829609,3.27826e-07
6,0.5625,0.6875,0.291719,0.452239,0.843281,2.38419e-07
6,0.5625,0.71875,0.278046,0.447683,0.856953,5.66244e-07
6,0.5625,0.75,0.264375,0.443125,0.870625,3.27826e-07
6,0.5625,0.78125,0.250704,0.438567,0.884297,3.8743e-07
6,0.5625,0.8125,0.237031,0.43401,0.897969,8.9407e-08
6,0.5625,0.84375,0.223359,0.429453,0.911641,8.9407e-08
6,0.5625,0.875,0.209688,0.424896,0.925312,1.78814e-07
6,0.5625,0.90625,0.196016,0.420338,0.938984,7.45058e-07
6,0.5625,0.9375,0.182343,0.415781,0.952656,4.47035e-07
6,0.5625,0.96875,0.168673,0.411224,0.966328,9.53674e-07
6,0.5625,1,0.155,0.406667,0.98,1.49012e-07
6,0.59375,0,0.62375,0.58375,0.57375,1.19209e-07
6,0.59375,0.03125,0.611054,0.579518,0.586445,1.78814e-07
6,0.59375,0.0625,0.598359,0.575287,0.59914,5.36442e-07
6,0.59375,0.09375,0.585664,0.571055,0.611836,4.17233e-07
6,0.59375,0.125,0.572969,0.566823,0.624531,2.38419e-07
6,0.59375,0.15625,0.560273,0.562591,0.637227,1.78814e-07
6,0.59375,0.1875,0.547578,0.558359,0.649922,1.78814e-07
6,0.59375,0.21875,0.534883,0.554128,0.662617,1.19209e-07
6,0.59375,0.25,0.522187,0.549896,0.675313,1.78814e-07
6,0.59375,0.28125,0.509492,0.545664,0.688008,3.57628e-07
6,0.59375,0.3125,0.496797,0.541432,0.700703,2.68221e-07
6,0.59375,0.34375,0.484102,0.5372,0.713398,2.68221e-07
6,0.59375,0.375,0.471407,0.532969,0.726094,2.68221e-07
6,0.59375,0.40625,0.458711,0.528737,0.738789,1.78814e-07
6,0.59375,0.4375,0.446016,0.524505,0.751484,1.78814e-07
6,0.59375,0.46875,0.43332,0.520274,0.76418,5.96046e-08
6,0.59375,0.5,0.420625,0.516042,0.776875,1.78814e-07
6,0.59375,0.53125,0.407929,0.51181,0.78957,7.15256e-07
6,0.59375,0.5625,0.395234,0.507578,0.802265,2.68221e-07
6,0.59375,0.59375,0.382539,0.503346,0.814961,1.78814e-07
6,0.59375,0.625,0.369844,0.499115,0.827656,2.38419e-07
6,0.59375,0.65625,0.357148,0.494883,0.840352,1.78814e-07
6,0.59375,0.6875,0.344453,0.490651,0.853047,2.98023e-07
6,0.59375,0.71875,0.331758,0.486419,0.865742,1.19209e-07
6,0.59375,0.75,0.319062,0.482188,0.878438,8.34465e-07
6,0.59375,0.78125,0.306367,0.477956,0.891133,1.78814e-07
6,0.59375,0.8125,0.293671,0.473724,0.903828,4.17233e-07
6,0.59375,0.84375,0.280977,0.469492,0.916523,3.27826e-07
6,0.59375,0.875,0.268282,0.46526,0.929219,5.36442e-07
6,0.59375,0.90625,0.255586,0.461029,0.941914,2.38419e-07
6,0.59375,0.9375,0.242891,0.456797,0.954609,2.98023e-07
6,0.59375,0.96875,0.230194,0.452565,0.967305,8.34465e-07
6,0.59375,1,0.2175,0.448333,0.98,1.19209e-07
6,0.625,0,0.655,0.615,0.605,1.19209e-07
6,0.625,0.03125,0.643281,0.611094,0.616719,1.19209e-07
6,0.625,0.0625,0.631562,0.607187,0.628437,1.19209e-07
6,0.625,0.09375,0.619844,0.603281,0.640156,5.96046e-08
6,0.625,0.125,0.608125,0.599375,0.651875,2.38419e-07
6,0.625,0.15625,0.596406,0.595469,0.663593,2.98023e-07
6,0.625,0.1875,0.584688,0.591562,0.675312,1.19209e-07
6,0.625,0.21875,0.572969,0.587656,0.687031,2.38419e-07
6,0.625,0.25,0.56125,0.58375,0.69875,2.98023e-07
6,0.625,0.28125,0.549531,0.579844,0.710469,1.19209e-07
6,0.625,0.3125,0.537813,0.575937,0.722187,5.36442e-07
6,0.625,0.34375,0.526094,0.572031,0.733906,1.19209e-07
6,0.625,0.375,0.514375,0.568125,0.745625,2.98023e-07
6,0.625,0.40625,0.502656,0.564219,0.757344,5.96046e-08
6,0.625,0.4375,0.490937,0.560313,0.769062,2.68221e-07
6,0.625,0.46875,0.479219,0.556406,0.780781,2.38419e-07
6,0.625,0.5,0.4675,0.5525,0.7925,3.27826e-07
6,0.625,0.53125,0.455782,0.548593,0.804219,7.45058e-07
6,0.625,0.5625,0.444063,0.544687,0.815938,1.49012e-07
6,0.625,0.59375,0.432344,0.540781,0.827657,2.68221e-07
6,0.625,0.625,0.420625,0.536875,0.839375,4.17233e-07
6,0.625,0.65625,0.408906,0.532969,0.851094,4.47035e-07
6,0.625,0.6875,0.397187,0.529063,0.862812,3.57628e-07
6,0.625,0.71875,0.385468,0.525156,0.874531,2.68221e-07
6,0.625,0.75,0.373749,0.52125,0.88625,7.45058e-07
6,0.625,0.78125,0.362031,0.517344,0.897968,3.57628e-07
6,0.625,0.8125,0.350313,0.513437,0.909688,2.68221e-07
6,0.625,0.84375,0.338594,0.509531,0.921406,2.08616e-07
6,0.625,0.875,0.326875,0.505625,0.933125,1.78814e-07
6,0.625,0.90625,0.315157,0.501719,0.944844,3.57628e-07
6,0.625,0.9375,0.303437,0.497813,0.956562,5.96046e-07
6,0.625,0.96875,0.291719,0.493906,0.968281,1.49012e-07
6,0.625,1,0.28,0.49,0.98,1.78814e-07
6,0.65625,0,0.68625,0.64625,0.63625,2.38419e-07
6,0.65625,0.03125,0.675508,0.642669,0.646992,1.78814e-07
6,0.65625,0.0625,0.664766,0.639088,0.657734,1.78814e-07
6,0.65625,0.09375,0.654023,0.635508,0.668476,1.78814e-07
6,0.65625,0.125,0.643281,0.631927,0.679219,2.98023e-07
6,0.65625,0.15625,0.632539,0.628346,0.689961,1.78814e-07
6,0.65625,0.1875,0.621797,0.624766,0.700703,1.19209e-07
6,0.65625,0.21875,0.611054,0.621185,0.711445,1.78814e-07
6,0.65625,0.25,0.600313,0.617604,0.722187,2.38419e-07
6,0.65625,0.28125,0.58957,0.614024,0.73293,2.98023e-07
6,0.65625,0.3125,0.578828,0.610443,0.743672,1.78814e-07
6,0.65625,0.34375,0.568086,0.606862,0.754414,1.78814e-07
6,0.65625,0.375,0.557344,0.603281,0.765156,3.57628e-07
6,0.65625,0.40625,0.546602,0.5997,0.775898,2.38419e-07
6,0.65625,0.4375,0.53586,0.59612,0.78664,5.36442e-07
6,0.65625,0.46875,0.525118,0.592539,0.797383,6.55651e-07
6,0.65625,0.5,0.514374,0.588958,0.808125,4.76837e-07
6,0.65625,0.53125,0.503633,0.585378,0.818867,1.19209e-07
6,0.65625,0.5625,0.492891,0.581797,0.829609,3.27826e-07
6,0.65625,0.59375,0.482149,0.578216,0.840352,1.49012e-07
6,0.65625,0.625,0.471406,0.574636,0.851094,3.27826e-07
6,0.65625,0.65625,0.460664,0.571055,0.861836,2.98023e-07
6,0.65625,0.6875,0.449922,0.567474,0.872578,1.78814e-07
6,0.65625,0.71875,0.43918,0.563893,0.88332,6.25849e-07
6,0.65625,0.75,0.428437,0.560312,0.894063,2.38419e-07
6,0.65625,0.78125,0.417696,0.556732,0.904804,2.98023e-07
6,0.65625,0.8125,0.406953,0.553151,0.915547,1.49012e-07
6,0.65625,0.84375,0.396211,0.54957,0.926289,1.19209e-07
6,0.65625,0.875,0.385469,0.54599,0.937031,5.96046e-07
6,0.65625,0.90625,0.374726,0.542409,0.947773,5.06639e-07
6,0.65625,0.9375,0.363985,0.538828,0.958516,6.55651e-07
6,0.65625,0.96875,0.353242,0.535248,0.969258,5.36442e-07
6,0.65625,1,0.3425,0.531667,0.98,1.78814e-07
6,0.6875,0,0.7175,0.6775,0.6675,4.17233e-07
6,0.6875,0.03125,0.707734,0.674245,0.677266,5.96046e-08
6,0.6875,0.0625,0.697969,0.67099,0.687031,1.19209e-07
6,0.6875,0.09375,0.688202,0.667735,0.696797,1.01328e-06
6,0.6875,0.125,0.678437,0.664479,0.706563,5.96046e-08
6,0.6875,0.15625,0.668672,0.661224,0.716328,3.57628e-07
6,0.6875,0.1875,0.658907,0.657969,0.726094,3.57628e-07
6,0.6875,0.21875,0.649141,0.654713,0.735859,1.19209e-07
6,0.6875,0.25,0.639375,0.651458,0.745625,2.98023e-07
6,0.6875,0.28125,0.629609,0.648203,0.755391,5.96046e-08
6,0.6875,0.3125,0.619844,0.644948,0.765156,1.78814e-07
6,0.6875,0.34375,0.610078,0.641693,0.774922,2.38419e-07
6,0.6875,0.375,0.600312,0.638437,0.784687,1.19209e-07
6,0.6875,0.40625,0.590547,0.635182,0.794453,2.98023e-07
6,0.6875,0.4375,0.580781,0.631927,0.804219,1.78814e-07
6,0.6875,0.46875,0.571016,0.628672,0.813984,4.76837e-07
6,0.6875,0.5,0.56125,0.625417,0.82375,2.98023e-07
6,0.6875,0.53125,0.551484,0.622161,0.833516,1.19209e-07
6,0.6875,0.5625,0.541719,0.618906,0.843281,1.19209e-07
6,0.6875,0.59375,0.531953,0.615651,0.853047,5.96046e-08
6,0.6875,0.625,0.522188,0.612396,0.862813,5.96046e-08
6,0.6875,0.65625,0.512422,0.60914,0.872578,1.78814e-07
6,0.6875,0.6875,0.502656,0.605885,0.882344,5.96046e-08
6,0.6875,0.71875,0.492891,0.60263,0.892109,2.08616e-07
6,0.6875,0.75,0.483126,0.599375,0.901875,5.66244e-07
6,0.6875,0.78125,0.473359,0.59612,0.91164,1.78814e-07
6,0.6875,0.8125,0.463594,0.592864,0.921406,1.78814e-07
6,0.6875,0.84375,0.453829,0.589609,0.931172,3.8743e-07
6,0.6875,0.875,0.444062,0.586354,0.940937,2.38419e-07
6,0.6875,0.90625,0.434296,0.583099,0.950703,6.85453e-07
6,0.6875,0.9375,0.424531,0.579844,0.960469,1.78814e-07
6,0.6875,0.96875,0.414766,0.576589,0.970234,1.78814e-07
6,0.6875,1,0.405,0.573333,0.98,5.96046e-08
6,0.71875,0,0.74875,0.70875,0.69875,2.98023e-07
6,0.71875,0.03125,0.739961,0.70582,0.707539,2.38419e-07
6,0.71875,0.0625,0.731172,0.702891,0.716328,1.78814e-07
6,0.71875,0.09375,0.722383,0.699961,0.725117,1.78814e-07
6,0.71875,0.125,0.713593,0.697031,0.733906,4.76837e-07
6,0.71875,0.15625,0.704805,0.694102,0.742695,2.38419e-07
6,0.71875,0.1875,0.696016,0.691172,0.751484,1.78814e-07
6,0.71875,0.21875,0.687227,0.688242,0.760273,1.78814e-07
6,0.71875,0.25,0.678437,0.685313,0.769062,1.78814e-07
6,0.71875,0.28125,0.669649,0.682383,0.777852,1.19209e-07
6,0.71875,0.3125,0.660859,0.679453,0.786641,0
6,0.71875,0.34375,0.65207,0.676524,0.795429,3.57628e-07
6,0.71875,0.375,0.643281,0.673594,0.804219,2.38419e-07
6,0.71875,0.40625,0.634492,0.670664,0.813008,1.19209e-07
6,0.71875,0.4375,0.625703,0.667734,0.821797,2.98023e-07
6,0.71875,0.46875,0.616914,0.664805,0.830586,1.78814e-07
6,0.71875,0.5,0.608125,0.661875,0.839375,1.19209e-07
6,0.71875,0.53125,0.599336,0.658945,0.848164,5.96046e-08
6,0.71875,0.5625,0.590547,0.656016,0.856953,1.19209e-07
6,0.71875,0.59375,0.581758,0.653086,0.865742,2.98023e-07
6,0.71875,0.625,0.572969,0.650156,0.874531,3.57628e-07
6,0.71875,0.65625,0.56418,0.647227,0.88332,2.98023e-07
6,0.71875,0.6875,0.55539,0.644297,0.892109,2.38419e-07
6,0.71875,0.71875,0.546602,0.641367,0.900898,3.57628e-07
6,0.71875,0.75,0.537813,0.638438,0.909688,5.96046e-08
6,0.71875,0.78125,0.529023,0.635508,0.918476,1.78814e-07
6,0.71875,0.8125,0.520235,0.632578,0.927265,5.36442e-07
6,0.71875,0.84375,0.511445,0.629648,0.936055,2.38419e-07
6,0.71875,0.875,0.502656,0.626719,0.944844,2.38419e-07
6,0.71875,0.90625,0.493867,0.623789,0.953633,3.8743e-07
6,0.71875,0.9375,0.485078,0.620859,0.962422,3.27826e-07
6,0.71875,0.96875,0.476289,0.61793,0.971211,2.98023e-07
6,0.71875,1,0.4675,0.615,0.98,3.8743e-07
6,0.75,0,0.78,0.74,0.73,2.98023e-07
6,0.75,0.03125,0.772188,0.737396,0.737812,4.76837e-07
6,0.75,0.0625,0.764375,0.734792,0.745625,2.98023e-07
6,0.75,0.09375,0.756562,0.732188,0.753438,5.96046e-08
6,0.75,0.125,0.74875,0.729583,0.76125,1.78814e-07
6,0.75,0.15625,0.740937,0.726979,0.769062,2.98023e-07
6,0.75,0.1875,0.733125,0.724375,0.776875,2.38419e-07
6,0.75,0.21875,0.725313,0.721771,0.784687,1.78814e-07
6,0.75,0.25,0.7175,0.719167,0.7925,2.98023e-07
6,0.75,0.28125,0.709687,0.716563,0.800312,1.78814e-07
6,0.75,0.3125,0.701875,0.713958,0.808125,2.98023e-07
6,0.75,0.34375,0.694063,0.711354,0.815937,3.57628e-07
6,0.75,0.375,0.68625,0.70875,0.82375,2.38419e-07
6,0.75,0.40625,0.678437,0.706146,0.831563,2.38419e-07
6,0.75,0.4375,0.670625,0.703542,0.839375,1.19209e-07
6,0.75,0.46875,0.662813,0.700937,0.847187,1.78814e-07
6,0.75,0.5,0.655,0.698333,0.855,2.38419e-07
6,0.75,0.53125,0.647187,0.695729,0.862812,2.98023e-07
6,0.75,0.5625,0.639375,0.693125,0.870625,2.38419e-07
6,0.75,0.59375,0.631563,0.690521,0.878437,3.57628e-07
6,0.75,0.625,0.62375,0.687917,0.88625,4.76837e-07
6,0.75,0.65625,0.615937,0.685313,0.894062,4.76837e-07
6,0.75,0.6875,0.608125,0.682708,0.901875,2.38419e-07
6,0.75,0.71875,0.600312,0.680104,0.909687,4.17233e-07
6,0.75,0.75,0.5925,0.6775,0.9175,4.17233e-07
6,0.75,0.78125,0.584687,0.674896,0.925312,3.57628e-07
6,0.75,0.8125,0.576875,0.672292,0.933125,2.38419e-07
6,0.75,0.84375,0.569062,0.669688,0.940937,2.38419e-07
6,0.75,0.875,0.56125,0.667083,0.94875,4.17233e-07
6,0.75,0.90625,0.553437,0.664479,0.956562,4.76837e-07
6,0.75,0.9375,0.545626,0.661875,0.964375,1.07288e-06
6,0.75,0.96875,0.537813,0.659271,0.972187,1.78814e-07
6,0.75,1,0.53,0.656667,0.98,2.98023e-07
6,0.78125,0,0.81125,0.77125,0.76125,1.78814e-07
6,0.78125,0.03125,0.804414,0.768971,0.768086,1.78814e-07
6,0.78125,0.0625,0.797578,0.766693,0.774922,1.19209e-07
6,0.78125,0.09375,0.790742,0.764414,0.781758,1.78814e-07
6,0.78125,0.125,0.783906,0.762135,0.788594,1.78814e-07
6,0.78125,0.15625,0.77707,0.759857,0.79543,1.78814e-07
6,0.78125,0.1875,0.770234,0.757578,0.802265,2.98023e-07
6,0.78125,0.21875,0.763399,0.755299,0.809102,4.76837e-07
6,0.78125,0.25,0.756563,0.753021,0.815937,7.15256e-07
6,0.78125,0.28125,0.749727,0.750742,0.822773,2.98023e-07
6,0.78125,0.3125,0.742891,0.748463,0.829609,2.98023e-07
6,0.78125,0.34375,0.736055,0.746185,0.836445,1.19209e-07
6,0.78125,0.375,0.729218,0.743907,0.843281,5.36442e-07
6,0.78125,0.40625,0.722383,0.741628,0.850117,3.57628e-07
6,0.78125,0.4375,0.715547,0.739349,0.856953,2.38419e-07
6,0.78125,0.46875,0.70871,0.737071,0.863789,5.36442e-07
6,0.78125,0.5,0.701875,0.734792,0.870625,2.38419e-07
6,0.78125,0.53125,0.695039,0.732513,0.877461,5.96046e-08
6,0.78125,0.5625,0.688203,0.730234,0.884297,2.98023e-07
6,0.78125,0.59375,0.681367,0.727956,0.891133,1.78814e-07
6,0.78125,0.625,0.674532,0.725677,0.897969,4.17233e-07
6,0.78125,0.65625,0.667695,0.723398,0.904805,1.78814e-07
6,0.78125,0.6875,0.66086,0.72112,0.91164,2.98023e-07
6,0.78125,0.71875,0.654023,0.718841,0.918476,2.38419e-07
6,0.78125,0.75,0.647188,0.716562,0.925312,3.57628e-07
6,0.78125,0.78125,0.640352,0.714284,0.932148,4.17233e-07
6,0.78125,0.8125,0.633516,0.712005,0.938984,5.96046e-08
6,0.78125,0.84375,0.62668,0.709727,0.94582,1.78814e-07
6,0.78125,0.875,0.619844,0.707448,0.952656,1.78814e-07
6,0.78125,0.90625,0.613008,0.705169,0.959492,2.98023e-07
6,0.78125,0.9375,0.606172,0.702891,0.966328,2.98023e-07
6,0.78125,0.96875,0.599336,0.700612,0.973164,3.57628e-07
6,0.78125,1,0.5925,0.698333,0.98,1.78814e-07
6,0.8125,0,0.8425,0.8025,0.7925,3.57628e-07
6,0.8125,0.03125,0.836641,0.800547,0.798359,5.36442e-07
6,0.8125,0.0625,0.830781,0.798594,0.804219,1.78814e-07
6,0.8125,0.09375,0.824922,0.796641,0.810078,1.78814e-07
6,0.8125,0.125,0.819062,0.794688,0.815937,3.57628e-07
6,0.8125,0.15625,0.813203,0.792734,0.821797,2.38419e-07
6,0.8125,0.1875,0.807344,0.790781,0.827656,3.57628e-07
6,0.8125,0.21875,0.801485,0.788828,0.833516,1.78814e-07
6,0.8125,0.25,0.795625,0.786875,0.839375,1.78814e-07
6,0.8125,0.28125,0.789765,0.784922,0.845234,1.78814e-07
6,0.8125,0.3125,0.783906,0.782969,0.851094,2.38419e-07
6,0.8125,0.34375,0.778047,0.781016,0.856953,2.98023e-07
6,0.8125,0.375,0.772187,0.779063,0.862812,1.78814e-07
6,0.8125,0.40625,0.766328,0.77711,0.868672,2.38419e-07
6,0.8125,0.4375,0.760468,0.775156,0.874531,5.36442e-07
6,0.8125,0.46875,0.754609,0.773203,0.880391,1.19209e-07
6,0.8125,0.5,0.74875,0.77125,0.88625,2.38419e-07
6,0.8125,0.53125,0.742891,0.769297,0.892109,2.38419e-07
6,0.8125,0.5625,0.737032,0.767343,0.897969,7.15256e-07
6,0.8125,0.59375,0.731172,0.765391,0.903828,2.98023e-07
6,0.8125,0.625,0.725312,0.763438,0.909687,1.78814e-07
6,0.8125,0.65625,0.719454,0.761484,0.915547,4.17233e-07
6,0.8125,0.6875,0.713594,0.759531,0.921406,1.78814e-07
6,0.8125,0.71875,0.707735,0.757578,0.927265,3.57628e-07
6,0.8125,0.75,0.701875,0.755625,0.933125,1.78814e-07
6,0.8125,0.78125,0.696015,0.753672,0.938984,2.98023e-07
6,0.8125,0.8125,0.690156,0.751719,0.944844,2.38419e-07
6,0.8125,0.84375,0.684297,0.749766,0.950703,1.78814e-07
6,0.8125,0.875,0.678438,0.747812,0.956562,2.38419e-07
6,0.8125,0.90625,0.672577,0.74586,0.962422,9.53674e-07
6,0.8125,0.9375,0.666719,0.743906,0.968281,5.36442e-07
6,0.8125,0.96875,0.660859,0.741953,0.97414,2.98023e-07
6,0.8125,1,0.655,0.74,0.98,1.78814e-07
6,0.84375,0,0.87375,0.83375,0.82375,4.76837e-07
6,0.84375,0.03125,0.868867,0.832123,0.828633,5.96046e-07
6,0.84375,0.0625,0.863984,0.830495,0.833516,1.78814e-07
6,0.84375,0.09375,0.859102,0.828867,0.838398,1.19209e-07
6,0.84375,0.125,0.854219,0.827239,0.843281,2.98023e-07
6,0.84375,0.15625,0.849336,0.825612,0.848164,3.57628e-07
6,0.84375,0.1875,0.844453,0.823985,0.853047,2.38419e-07
6,0.84375,0.21875,0.83957,0.822357,0.857929,5.96046e-07
6,0.84375,0.25,0.834688,0.820729,0.862812,1.78814e-07
6,0.84375,0.28125,0.829805,0.819101,0.867695,2.38419e-07
6,0.84375,0.3125,0.824922,0.817474,0.872578,4.17233e-07
6,0.84375,0.34375,0.820039,0.815846,0.877461,1.78814e-07
6,0.84375,0.375,0.815156,0.814219,0.882344,5.96046e-08
6,0.84375,0.40625,0.810273,0.812591,0.887226,1.19209e-07
6,0.84375,0.4375,0.80539,0.810964,0.892109,5.36442e-07
6,0.84375,0.46875,0.800508,0.809336,0.896992,1.78814e-07
6,0.84375,0.5,0.795624,0.807708,0.901875,5.36442e-07
6,0.84375,0.53125,0.790742,0.806081,0.906758,2.98023e-07
6,0.84375,0.5625,0.785859,0.804453,0.91164,7.15256e-07
6,0.84375,0.59375,0.780976,0.802826,0.916523,2.98023e-07
6,0.84375,0.625,0.776093,0.801198,0.921406,3.57628e-07
6,0.84375,0.65625,0.771211,0.79957,0.926289,3.57628e-07
6,0.84375,0.6875,0.766328,0.797943,0.931172,1.19209e-07
6,0.84375,0.71875,0.761445,0.796315,0.936055,1.19209e-07
6,0.84375,0.75,0.756563,0.794687,0.940937,1.78814e-07
6,0.84375,0.78125,0.75168,0.79306,0.94582,1.78814e-07
6,0.84375,0.8125,0.746796,0.791432,0.950703,3.57628e-07
6,0.84375,0.84375,0.741914,0.789805,0.955586,2.98023e-07
6,0.84375,0.875,0.737031,0.788177,0.960469,1.78814e-07
6,0.84375,0.90625,0.732148,0.78655,0.965352,1.19209e-07
6,0.84375,0.9375,0.727265,0.784922,0.970234,5.96046e-07
6,0.84375,0.96875,0.722383,0.783294,0.975117,1.78814e-07
6,0.84375,1,0.717499,0.781667,0.98,7.15256e-07
6,0.875,0,0.905,0.865,0.855,1.78814e-07
6,0.875,0.03125,0.901094,0.863698,0.858906,5.96046e-08
6,0.875,0.0625,0.897187,0.862396,0.862812,5.96046e-08
6,0.875,0.09375,0.893281,0.861094,0.866719,2.38419e-07
6,0.875,0.125,0.889375,0.859792,0.870625,1.78814e-07
6,0.875,0.15625,0.885469,0.85849,0.874531,1.19209e-07
6,0.875,0.1875,0.881563,0.857187,0.878437,2.98023e-07
6,0.875,0.21875,0.877656,0.855885,0.882344,2.38419e-07
6,0.875,0.25,0.87375,0.854583,0.88625,4.17233e-07
6,0.875,0.28125,0.869844,0.853281,0.890156,2.38419e-07
6,0.875,0.3125,0.865938,0.851979,0.894062,2.98023e-07
6,0.875,0.34375,0.862031,0.850677,0.897969,2.38419e-07
6,0.875,0.375,0.858125,0.849375,0.901875,4.17233e-07
6,0.875,0.40625,0.854219,0.848073,0.905781,5.36442e-07
6,0.875,0.4375,0.850313,0.846771,0.909688,2.98023e-07
6,0.875,0.46875,0.846406,0.845469,0.913593,2.98023e-07
6,0.875,0.5,0.8425,0.844167,0.9175,1.19209e-07
6,0.875,0.53125,0.838594,0.842864,0.921406,2.38419e-07
6,0.875,0.5625,0.834687,0.841562,0.925312,1.19209e-07
6,0.875,0.59375,0.830781,0.84026,0.929219,2.38419e-07
6,0.875,0.625,0.826876,0.838958,0.933125,5.36442e-07
6,0.875,0.65625,0.822969,0.837656,0.937031,2.98023e-07
6,0.875,0.6875,0.819063,0.836354,0.940938,1.19209e-07
6,0.875,0.71875,0.815156,0.835052,0.944844,5.96046e-08
6,0.875,0.75,0.811251,0.83375,0.94875,6.55651e-07
6,0.875,0.78125,0.807344,0.832448,0.952656,1.78814e-07
6,0.875,0.8125,0.803438,0.831146,0.956562,2.98023e-07
6,0.875,0.84375,0.799531,0.829844,0.960468,2.98023e-07
6,0.875,0.875,0.795625,0.828541,0.964375,4.17233e-07
6,0.875,0.90625,0.791718,0.82724,0.968281,4.17233e-07
6,0.875,0.9375,0.787812,0.825938,0.972187,7.15256e-07
6,0.875,0.96875,0.783906,0.824636,0.976094,4.76837e-07
6,0.875,1,0.78,0.823333,0.98,1.19209e-07
6,0.90625,0,0.93625,0.89625,0.88625,3.57628e-07
6,0.90625,0.03125,0.93332,0.895274,0.88918,2.98023e-07
6,0.90625,0.0625,0.930391,0.894297,0.892109,1.78814e-07
6,0.90625,0.09375,0.927461,0.89332,0.895039,5.96046e-08
6,0.90625,0.125,0.924531,0.892344,0.897969,1.19209e-07
6,0.90625,0.15625,0.921601,0.891367,0.900898,4.76837e-07
6,0.90625,0.1875,0.918672,0.890391,0.903828,1.19209e-07
6,0.90625,0.21875,0.915742,0.889414,0.906758,2.98023e-07
6,0.90625,0.25,0.912813,0.888437,0.909688,4.17233e-07
6,0.90625,0.28125,0.909883,0.887461,0.912617,1.78814e-07
6,0.90625,0.3125,0.906953,0.886484,0.915547,1.78814e-07
6,0.90625,0.34375,0.904024,0.885508,0.918477,1.78814e-07
6,0.90625,0.375,0.901093,0.884532,0.921406,6.55651e-07
6,0.90625,0.40625,0.898164,0.883555,0.924336,5.96046e-08
6,0.90625,0.4375,0.895234,0.882578,0.927266,1.19209e-07
6,0.90625,0.46875,0.892305,0.881602,0.930195,1.78814e-07
6,0.90625,0.5,0.889375,0.880625,0.933125,1.19209e-07
6,0.90625,0.53125,0.886446,0.879649,0.936055,2.98023e-07
6,0.90625,0.5625,0.883515,0.878672,0.938984,1.78814e-07
6,0.90625,0.59375,0.880587,0.877695,0.941914,8.34465e-07
6,0.90625,0.625,0.877656,0.876719,0.944844,5.96046e-07
6,0.90625,0.65625,0.874727,0.875742,0.947773,3.57628e-07
6,0.90625,0.6875,0.871797,0.874766,0.950703,2.98023e-07
6,0.90625,0.71875,0.868868,0.873789,0.953633,4.17233e-07
6,0.90625,0.75,0.865937,0.872813,0.956562,3.57628e-07
6,0.90625,0.78125,0.863008,0.871836,0.959492,2.38419e-07
6,0.90625,0.8125,0.860078,0.870859,0.962422,2.38419e-07
6,0.90625,0.84375,0.857149,0.869883,0.965352,1.78814e-07
6,0.90625,0.875,0.854219,0.868906,0.968281,4.76837e-07
6,0.90625,0.90625,0.851289,0.86793,0.971211,3.57628e-07
6,0.90625,0.9375,0.848359,0.866953,0.97414,1.78814e-07
6,0.90625,0.96875,0.845429,0.865977,0.97707,3.57628e-07
6,0.90625,1,0.8425,0.865,0.98,5.96046e-08
6,0.9375,0,0.9675,0.9275,0.9175,1.78814e-07
6,0.9375,0.03125,0.965547,0.926849,0.919453,1.78814e-07
6,0.9375,0.0625,0.963594,0.926198,0.921406,6.55651e-07
6,0.9375,0.09375,0.961641,0.925546,0.923359,4.17233e-07
6,0.9375,0.125,0.959688,0.924896,0.925312,2.98023e-07
6,0.9375,0.15625,0.957734,0.924245,0.927265,2.38419e-07
6,0.9375,0.1875,0.955782,0.923594,0.929219,4.17233e-07
6,0.9375,0.21875,0.953828,0.922943,0.931172,5.36442e-07
6,0.9375,0.25,0.951875,0.922292,0.933125,2.98023e-07
6,0.9375,0.28125,0.949922,0.921641,0.935078,1.19209e-07
6,0.9375,0.3125,0.947968,0.92099,0.937031,2.98023e-07
6,0.9375,0.34375,0.946016,0.920338,0.938984,2.98023e-07
6,0.9375,0.375,0.944063,0.919688,0.940937,1.78814e-07
6,0.9375,0.40625,0.942109,0.919036,0.94289,1.78814e-07
6,0.9375,0.4375,0.940157,0.918385,0.944844,3.57628e-07
6,0.9375,0.46875,0.938203,0.917734,0.946797,1.78814e-07
6,0.9375,0.5,0.93625,0.917083,0.94875,3.57628e-07
6,0.9375,0.53125,0.934297,0.916432,0.950703,1.78814e-07
6,0.9375,0.5625,0.932344,0.915781,0.952656,1.78814e-07
6,0.9375,0.59375,0.93039,0.91513,0.954609,2.98023e-07
6,0.9375,0.625,0.928437,0.914479,0.956562,4.76837e-07
6,0.9375,0.65625,0.926485,0.913828,0.958516,3.57628e-07
6,0.9375,0.6875,0.924532,0.913177,0.960469,2.98023e-07
6,0.9375,0.71875,0.922578,0.912526,0.962422,1.78814e-07
6,0.9375,0.75,0.920625,0.911875,0.964375,3.57628e-07
6,0.9375,0.78125,0.918672,0.911224,0.966328,1.78814e-07
6,0.9375,0.8125,0.916719,0.910573,0.968281,1.78814e-07
6,0.9375,0.84375,0.914766,0.909922,0.970234,4.17233e-07
6,0.9375,0.875,0.912813,0.909271,0.972187,2.38419e-07
6,0.9375,0.90625,0.910859,0.90862,0.97414,2.98023e-07
6,0.9375,0.9375,0.908906,0.907969,0.976093,2.98023e-07
6,0.9375,0.96875,0.906953,0.907317,0.978047,2.38419e-07
6,0.9375,1,0.905,0.906667,0.98,2.98023e-07
6,0.96875,0,0.99875,0.95875,0.94875,1.78814e-07
6,0.96875,0.03125,0.997773,0.958425,0.949726,1.78814e-07
6,0.96875,0.0625,0.996797,0.958099,0.950703,2.98023e-07
6,0.96875,0.09375,0.995821,0.957773,0.951679,4.17233e-07
6,0.96875,0.125,0.994844,0.957448,0.952656,1.78814e-07
6,0.96875,0.15625,0.993867,0.957123,0.953633,2.98023e-07
6,0.96875,0.1875,0.99289,0.956797,0.954609,4.17233e-07
6,0.96875,0.21875,0.991914,0.956472,0.955586,2.98023e-07
6,0.96875,0.25,0.990937,0.956146,0.956562,5.36442e-07
6,0.96875,0.28125,0.989961,0.95582,0.957539,1.78814e-07
6,0.96875,0.3125,0.988985,0.955495,0.958516,2.98023e-07
6,0.96875,0.34375,0.988008,0.955169,0.959492,5.96046e-08
6,0.96875,0.375,0.987031,0.954844,0.960469,1.78814e-07
6,0.96875,0.40625,0.986054,0.954518,0.961445,2.98023e-07
6,0.96875,0.4375,0.985078,0.954192,0.962422,2.98023e-07
6,0.96875,0.46875,0.984101,0.953867,0.963398,2.98023e-07
6,0.96875,0.5,0.983125,0.953542,0.964375,5.96046e-08
6,0.96875,0.53125,0.982149,0.953216,0.965351,2.98023e-07
6,0.96875,0.5625,0.981172,0.95289,0.966328,2.98023e-07
6,0.96875,0.59375,0.980195,0.952565,0.967304,2.98023e-07
6,0.96875,0.625,0.979219,0.952239,0.968281,1.78814e-07
6,0.96875,0.65625,0.978242,0.951914,0.969258,2.98023e-07
6,0.96875,0.6875,0.977266,0.951588,0.970234,2.38419e-07
6,0.96875,0.71875,0.976289,0.951263,0.971211,1.78814e-07
6,0.96875,0.75,0.975312,0.950937,0.972187,1.78814e-07
6,0.96875,0.78125,0.974336,0.950612,0.973164,1.78814e-07
6,0.96875,0.8125,0.97336,0.950286,0.97414,2.98023e-07
6,0.96875,0.84375,0.972383,0.949961,0.975117,2.98023e-07
6,0.96875,0.875,0.971407,0.949635,0.976094,4.17233e-07
6,0.96875,0.90625,0.97043,0.94931,0.97707,1.19209e-07
6,0.96875,0.9375,0.969453,0.948984,0.978046,4.17233e-07
6,0.96875,0.96875,0.968476,0.948659,0.979024,1.78814e-07
6,0.96875,1,0.9675,0.948334,0.98,2.98023e-07
6,1,0,1,0.99,0.98,2.98023e-07
6,1,0.03125,1,0.99,0.98,2.98023e-07
6,1,0.0625,1,0.99,0.98,2.98023e-07
6,1,0.09375,1,0.99,0.98,2.98023e-07
6,1,0.125,1,0.99,0.98,2.98023e-07
6,1,0.15625,1,0.99,0.98,2.98023e-07
6,1,0.1875,1,0.99,0.98,2.98023e-07
6,1,0.21875,1,0.99,0.98,2.98023e-07
6,1,0.25,1,0.99,0.98,2.98023e-07
6,1,0.28125,1,0.99,0.98,2.98023e-07
6,1,0.3125,1,0.99,0.98,2.98023e-07
6,1,0.34375,1,0.99,0.98,2.98023e-07
6,1,0.375,1,0.99,0.98,2.98023e-07
6,1,0.40625,1,0.99,0.98,2.98023e-07
6,1,0.4375,1,0.99,0.98,2.98023e-07
6,1,0.46875,1,0.99,0.98,2.98023e-07
6,1,0.5,1,0.99,0.98,2.98023e-07
6,1,0.53125,1,0.99,0.98,2.98023e-07
6,1,0.5625,1,0.99,0.98,2.98023e-07
6,1,0.59375,1,0.99,0.98,2.98023e-07
6,1,0.625,1,0.99,0.98,2.98023e-07
6,1,0.65625,1,0.99,0.98,2.98023e-07
6,1,0.6875,1,0.99,0.98,2.98023e-07
6,1,0.71875,1,0.99,0.98,2.98023e-07
6,1,0.75,1,0.99,0.98,2.98023e-07
6,1,0.78125,1,0.99,0.98,2.98023e-07
6,1,0.8125,1,0.99,0.98,2.98023e-07
6,1,0.84375,1,0.99,0.98,2.98023e-07
6,1,0.875,1,0.99,0.98,2.98023e-07
6,1,0.90625,1,0.99,0.98,2.98023e-07
6,1,0.9375,1,0.99,0.98,2.98023e-07
6,1,0.96875,1,0.99,0.98,2.98023e-07
6,1,1,1,0.99,0.98,2.98023e-07
7,0,0,0.03,3.5722e-09,2.63215e-09,1.49012e-08
7,0,0.03125,0.03,3.5722e-09,2.63215e-09,1.49012e-08
7,0,0.0625,0.03,3.5722e-09,2.63215e-09,1.49012e-08
7,0,0.09375,0.03,3.5722e-09,2.63215e-09,1.49012e-08
7,0,0.125,0.03,3.5722e-09,2.63215e-09,1.49012e-08
7,0,0.15625,0.03,3.5722e-09,2.63215e-09,1.49012e-08
7,0,0.1875,0.03,3.5722e-09,2.63215e-09,1.49012e-08
7,0,0.21875,0.03,3.5722e-09,2.63215e-09,1.49012e-08
7,0,0.25,0.03,3.5722e-09,2.63215e-09,1.49012e-08
7,0,0.28125,0.03,3.5722e-09,2.63215e-09,1.49012e-08
7,0,0.3125,0.03,3.5722e-09,2.63215e-09,1.49012e-08
7,0,0.34375,0.03,3.5722e-09,2.63215e-09,1.49012e-08
7,0,0.375,0.03,3.5722e-09,2.63215e-09,1.49012e-08
7,0,0.40625,0.03,3.5722e-09,2.63215e-09,1.49012e-08
7,0,0.4375,0.03,3.5722e-09,2.63215e-09,1.49012e-08
7,0,0.46875,0.03,3.5722e-09,2.63215e-09,1.49012e-08
7,0,0.5,0.03,3.5722e-09,2.63215e-09,1.49012e-08
7,0,0.53125,0.03,3.5722e-09,2.63215e-09,1.49012e-08
7,0,0.5625,0.03,3.5722e-09,2.63215e-09,1.49012e-08
7,0,0.59375,0.03,3.5722e-09,2.63215e-09,1.49012e-08
7,0,0.625,0.03,3.5722e-09,2.63215e-09,1.49012e-08
7,0,0.65625,0.03,3.5722e-09,2.63215e-09,1.49012e-08
7,0,0.6875,0.03,3.5722e-09,2.63215e-09,1.49012e-08
7,0,0.71875,0.03,3.5722e-09,2.63215e-09,1.49012e-08
7,0,0.75,0.03,3.5722e-09,2.63215e-09,1.49012e-08
7,0,0.78125,0.03,3.5722e-09,2.63215e-09,1.49012e-08
7,0,0.8125,0.03,3.5722e-09,2.63215e-09,1.49012e-08
7,0,0.84375,0.03,3.5722e-09,2.63215e-09,1.49012e-08
7,0,0.875,0.03,3.5722e-09,2.63215e-09,1.49012e-08
7,0,0.90625,0.03,3.5722e-09,2.63215e-09,1.49012e-08
7,0,0.9375,0.03,3.5722e-09,2.63215e-09,1.49012e-08
7,0,0.96875,0.03,3.5722e-09,2.63215e-09,1.49012e-08
7,0,1,0.03,3.5722e-09,2.63215e-09,1.49012e-08
7,0.03125,0,0.06125,0.02125,0.01125,2.23517e-08
7,0.03125,0.03125,0.0602735,0.0209244,0.0122266,4.65661e-08
7,0.03125,0.0625,0.0592968,0.020599,0.0132031,4.47035e-08
7,0.03125,0.09375,0.0583202,0.0202734,0.0141797,7.45058e-08
7,0.03125,0.125,0.0573438,0.0199479,0.0151562,3.53903e-08
7,0.03125,0.15625,0.0563672,0.0196224,0.0161328,2.98023e-08
7,0.03125,0.1875,0.0553906,0.0192969,0.0171094,2.23517e-08
7,0.03125,0.21875,0.054414,0.0189714,0.0180859,5.96046e-08
7,0.03125,0.25,0.0534375,0.0186458,0.0190625,4.09782e-08
7,0.03125,0.28125,0.0524609,0.0183203,0.0200391,1.86265e-08
7,0.03125,0.3125,0.0514844,0.0179948,0.0210156,2.98023e-08
7,0.03125,0.34375,0.0505078,0.0176693,0.0219922,5.96046e-08
7,0.03125,0.375,0.0495312,0.0173437,0.0229688,2.23517e-08
7,0.03125,0.40625,0.0485547,0.0170182,0.0239453,2.98023e-08
7,0.03125,0.4375,0.0475781,0.0166927,0.0249219,1.11759e-08
7,0.03125,0.46875,0.0466015,0.0163672,0.0258984,1.49012e-08
7,0.03125,0.5,0.045625,0.0160416,0.026875,2.23517e-08
7,0.03125,0.53125,0.0446484,0.0157162,0.0278515,5.96046e-08
7,0.03125,0.5625,0.0436718,0.0153906,0.0288281,2.98023e-08
7,0.03125,0.59375,0.0426953,0.0150651,0.0298047,2.98023e-08
7,0.03125,0.625,0.0417187,0.0147396,0.0307813,2.98023e-08
7,0.03125,0.65625,0.0407422,0.0144141,0.0317578,1.86265e-08
7,0.03125,0.6875,0.0397656,0.0140886,0.0327343,5.21541e-08
7,0.03125,0.71875,0.0387891,0.013763,0.0337109,1.86265e-08
7,0.03125,0.75,0.0378126,0.0134375,0.0346875,6.33299e-08
7,0.03125,0.78125,0.0368359,0.013112,0.035664,2.98023e-08
7,0.03125,0.8125,0.0358594,0.0127865,0.0366406,1.21072e-08
7,0.03125,0.84375,0.0348828,0.012461,0.0376172,5.58794e-08
7,0.03125,0.875,0.0339062,0.0121354,0.0385938,2.6077e-08
7,0.03125,0.90625,0.0329297,0.0118099,0.0395703,2.32831e-08
7,0.03125,0.9375,0.0319531,0.0114844,0.0405468,2.6077e-08
7,0.03125,0.96875,0.0309766,0.0111588,0.0415234,3.35276e-08
7,0.03125,1,0.03,0.0108333,0.0425,2.04891e-08
7,0.0625,0,0.0925,0.0524999,0.0425,5.21541e-08
7,0.0625,0.03125,0.0905469,0.0518489,0.0444531,8.19564e-08
7,0.0625,0.0625,0.0885938,0.0511979,0.0464062,7.07805e-08
7,0.0625,0.09375,0.0866405,0.0505469,0.0483593,1.2666e-07
7,0.0625,0.125,0.0846875,0.0498958,0.0503125,4.47035e-08
7,0.0625,0.15625,0.0827344,0.0492447,0.0522656,5.21541e-08
7,0.0625,0.1875,0.0807812,0.0485937,0.0542187,4.09782e-08
7,0.0625,0.21875,0.0788281,0.0479427,0.0561718,5.58794e-08
7,0.0625,0.25,0.076875,0.0472917,0.058125,3.35276e-08
7,0.0625,0.28125,0.0749218,0.0466406,0.0600781,8.19564e-08
7,0.0625,0.3125,0.0729688,0.0459896,0.0620312,4.09782e-08
7,0.0625,0.34375,0.0710157,0.0453385,0.0639844,7.45058e-08
7,0.0625,0.375,0.0690626,0.0446874,0.0659374,8.9407e-08
7,0.0625,0.40625,0.0671094,0.0440364,0.0678906,4.47035e-08
7,0.0625,0.4375,0.0651563,0.0433854,0.0698437,8.9407e-08
7,0.0625,0.46875,0.0632031,0.0427344,0.0717969,2.98023e-08
7,0.0625,0.5,0.06125,0.0420833,0.07375,3.72529e-08
7,0.0625,0.53125,0.0592969,0.0414323,0.0757031,2.23517e-08
7,0.0625,0.5625,0.0573437,0.0407813,0.0776562,8.19564e-08
7,0.0625,0.59375,0.0553907,0.0401302,0.0796093,8.9407e-08
7,0.0625,0.625,0.0534375,0.0394791,0.0815625,3.72529e-08
7,0.0625,0.65625,0.0514843,0.0388281,0.0835155,1.11759e-07
7,0.0625,0.6875,0.0495311,0.0381771,0.0854687,1.04308e-07
7,0.0625,0.71875,0.047578,0.0375261,0.0874218,1.11759e-07
7,0.0625,0.75,0.045625,0.036875,0.089375,4.84288e-08
7,0.0625,0.78125,0.0436719,0.0362239,0.0913281,5.21541e-08
7,0.0625,0.8125,0.0417187,0.0355729,0.0932812,5.21541e-08
7,0.0625,0.84375,0.0397656,0.0349219,0.0952344,2.23517e-08
7,0.0625,0.875,0.0378125,0.0342708,0.0971875,3.72529e-08
7,0.0625,0.90625,0.0358594,0.0336198,0.0991405,8.19564e-08
7,0.0625,0.9375,0.0339063,0.0329687,0.101094,5.21541e-08
7,0.0625,0.96875,0.031953,0.0323177,0.103047,1.11759e-07
7,0.0625,1,0.03,0.0316666,0.105,4.84288e-08
7,0.09375,0,0.12375,0.0837499,0.07375,8.9407e-08
7,0.09375,0.03125,0.12082,0.0827734,0.0766796,5.21541e-08
7,0.09375,0.0625,0.11789,0.0817969,0.0796093,1.41561e-07
7,0.09375,0.09375,0.114961,0.0808203,0.082539,1.11759e-07
7,0.09375,0.125,0.112031,0.0798437,0.0854687,5.21541e-08
7,0.09375,0.15625,0.109101,0.0788672,0.0883984,8.19564e-08
7,0.09375,0.1875,0.106172,0.0778906,0.0913281,4.47035e-08
7,0.09375,0.21875,0.103242,0.076914,0.0942578,8.9407e-08
7,0.09375,0.25,0.100313,0.0759375,0.0971875,5.21541e-08
7,0.09375,0.28125,0.0973827,0.074961,0.100117,1.56462e-07
7,0.09375,0.3125,0.0944531,0.0739844,0.103047,9.68575e-08
7,0.09375,0.34375,0.0915234,0.0730078,0.105976,6.70552e-08
7,0.09375,0.375,0.0885937,0.0720313,0.108906,8.19564e-08
7,0.09375,0.40625,0.0856642,0.0710546,0.111836,1.56462e-07
7,0.09375,0.4375,0.0827344,0.0700781,0.114766,7.45058e-08
7,0.09375,0.46875,0.0798047,0.0691016,0.117695,5.21541e-08
7,0.09375,0.5,0.076875,0.068125,0.120625,5.21541e-08
7,0.09375,0.53125,0.0739452,0.0671485,0.123555,8.19564e-08
7,0.09375,0.5625,0.0710156,0.0661718,0.126484,7.45058e-08
7,0.09375,0.59375,0.0680859,0.0651953,0.129414,4.47035e-08
7,0.09375,0.625,0.0651563,0.0642187,0.132344,1.04308e-07
7,0.09375,0.65625,0.0622265,0.0632422,0.135273,7.45058e-08
7,0.09375,0.6875,0.0592969,0.0622656,0.138203,5.21541e-08
7,0.09375,0.71875,0.0563671,0.0612891,0.141133,9.68575e-08
7,0.09375,0.75,0.0534375,0.0603125,0.144062,7.45058e-08
7,0.09375,0.78125,0.0505079,0.0593359,0.146992,5.21541e-08
7,0.09375,0.8125,0.0475781,0.0583594,0.149922,3.72529e-08
7,0.09375,0.84375,0.0446483,0.0573828,0.152852,9.68575e-08
7,0.09375,0.875,0.0417188,0.0564062,0.155781,6.70552e-08
7,0.09375,0.90625,0.0387892,0.0554296,0.158711,1.2666e-07
7,0.09375,0.9375,0.0358593,0.0544531,0.161641,3.72529e-08
7,0.09375,0.96875,0.0329297,0.0534765,0.16457,7.45058e-08
7,0.09375,1,0.0300001,0.0524999,0.1675,8.75443e-08
7,0.125,0,0.155,0.115,0.105,1.49012e-08
7,0.125,0.03125,0.151094,0.113698,0.108906,6.70552e-08
7,0.125,0.0625,0.147187,0.112396,0.112812,1.56462e-07
7,0.125,0.09375,0.143281,0.111094,0.116719,8.9407e-08
7,0.125,0.125,0.139375,0.109792,0.120625,1.11759e-07
7,0.125,0.15625,0.135469,0.10849,0.124531,8.19564e-08
7,0.125,0.1875,0.131562,0.107187,0.128437,1.04308e-07
7,0.125,0.21875,0.127656,0.105885,0.132344,6.70552e-08
7,0.125,0.25,0.12375,0.104583,0.13625,7.45058e-08
7,0.125,0.28125,0.119844,0.103281,0.140156,8.9407e-08
7,0.125,0.3125,0.115938,0.101979,0.144062,1.2666e-07
7,0.125,0.34375,0.112031,0.100677,0.147969,6.70552e-08
7,0.125,0.375,0.108125,0.099375,0.151875,7.45058e-08
7,0.125,0.40625,0.104219,0.0980729,0.155781,4.47035e-08
7,0.125,0.4375,0.100313,0.0967708,0.159687,8.19564e-08
7,0.125,0.46875,0.0964063,0.0954687,0.163594,8.9407e-08
7,0.125,0.5,0.0925,0.0941667,0.1675,1.3411e-07
7,0.125,0.53125,0.0885938,0.0928645,0.171406,1.04308e-07
7,0.125,0.5625,0.0846876,0.0915625,0.175312,5.21541e-08
7,0.125,0.59375,0.0807812,0.0902604,0.179219,7.45058e-08
7,0.125,0.625,0.0768749,0.0889583,0.183125,1.11759e-07
7,0.125,0.65625,0.0729687,0.0876562,0.187031,4.47035e-08
7,0.125,0.6875,0.0690625,0.0863541,0.190937,5.96046e-08
7,0.125,0.71875,0.0651564,0.085052,0.194844,1.04308e-07
7,0.125,0.75,0.06125,0.08375,0.19875,4.47035e-08
7,0.125,0.78125,0.0573436,0.0824479,0.202656,1.56462e-07
7,0.125,0.8125,0.0534376,0.0811458,0.206562,1.04308e-07
7,0.125,0.84375,0.0495312,0.0798437,0.210469,1.04308e-07
7,0.125,0.875,0.045625,0.0785416,0.214375,7.45058e-08
7,0.125,0.90625,0.041719,0.0772395,0.218281,2.5332e-07
7,0.125,0.9375,0.0378124,0.0759376,0.222187,1.04308e-07
7,0.125,0.96875,0.0339063,0.0746354,0.226094,7.45058e-08
7,0.125,1,0.03,0.0733334,0.23,7.45058e-08
7,0.15625,0,0.18625,0.14625,0.13625,8.9407e-08
7,0.15625,0.03125,0.181367,0.144622,0.141133,8.9407e-08
7,0.15625,0.0625,0.176484,0.142995,0.146015,1.3411e-07
7,0.15625,0.09375,0.171602,0.141367,0.150898,1.04308e-07
7,0.15625,0.125,0.166719,0.13974,0.155781,2.08616e-07
7,0.15625,0.15625,0.161836,0.138112,0.160664,5.96046e-08
7,0.15625,0.1875,0.156953,0.136484,0.165547,5.96046e-08
7,0.15625,0.21875,0.15207,0.134857,0.17043,1.3411e-07
7,0.15625,0.25,0.147187,0.133229,0.175312,2.98023e-07
7,0.15625,0.28125,0.142305,0.131601,0.180195,1.3411e-07
7,0.15625,0.3125,0.137422,0.129974,0.185078,5.96046e-08
7,0.15625,0.34375,0.132539,0.128346,0.189961,8.9407e-08
7,0.15625,0.375,0.127656,0.126719,0.194844,1.78814e-07
7,0.15625,0.40625,0.122773,0.125091,0.199726,1.04308e-07
7,0.15625,0.4375,0.117891,0.123463,0.204609,5.96046e-08
7,0.15625,0.46875,0.113008,0.121836,0.209492,1.41561e-07
7,0.15625,0.5,0.108125,0.120208,0.214375,1.63913e-07
7,0.15625,0.53125,0.103242,0.118581,0.219258,1.56462e-07
7,0.15625,0.5625,0.0983593,0.116953,0.22414,1.3411e-07
7,0.15625,0.59375,0.0934764,0.115326,0.229023,1.56462e-07
7,0.15625,0.625,0.0885939,0.113698,0.233906,1.71363e-07
7,0.15625,0.65625,0.0837109,0.11207,0.238789,8.19564e-08
7,0.15625,0.6875,0.0788282,0.110443,0.243672,1.11759e-07
7,0.15625,0.71875,0.0739453,0.108815,0.248555,4.47035e-08
7,0.15625,0.75,0.0690625,0.107187,0.253437,7.45058e-08
7,0.15625,0.78125,0.0641796,0.10556,0.25832,8.9407e-08
7,0.15625,0.8125,0.0592969,0.103932,0.263203,2.98023e-08
7,0.15625,0.84375,0.0544143,0.102305,0.268086,2.6077e-07
7,0.15625,0.875,0.0495312,0.100677,0.272969,5.96046e-08
7,0.15625,0.90625,0.0446482,0.0990495,0.277851,2.08616e-07
7,0.15625,0.9375,0.0397657,0.0974218,0.282734,7.45058e-08
7,0.15625,0.96875,0.0348826,0.0957944,0.287617,2.08616e-07
7,0.15625,1,0.0300001,0.0941666,0.2925,6.70552e-08
7,0.1875,0,0.2175,0.1775,0.1675,1.19209e-07
7,0.1875,0.03125,0.211641,0.175547,0.173359,1.04308e-07
7,0.1875,0.0625,0.205781,0.173594,0.179219,1.04308e-07
7,0.1875,0.09375,0.199922,0.171641,0.185078,1.19209e-07
7,0.1875,0.125,0.194062,0.169687,0.190937,7.45058e-08
7,0.1875,0.15625,0.188203,0.167734,0.196797,7.45058e-08
7,0.1875,0.1875,0.182344,0.165781,0.202656,1.3411e-07
7,0.1875,0.21875,0.176484,0.163828,0.208516,8.9407e-08
7,0.1875,0.25,0.170625,0.161875,0.214375,1.3411e-07
7,0.1875,0.28125,0.164766,0.159922,0.220234,1.78814e-07
7,0.1875,0.3125,0.158906,0.157969,0.226094,1.3411e-07
7,0.1875,0.34375,0.153047,0.156016,0.231953,7.45058e-08
7,0.1875,0.375,0.147187,0.154063,0.237812,2.68221e-07
7,0.1875,0.40625,0.141328,0.152109,0.243672,1.19209e-07
7,0.1875,0.4375,0.135469,0.150156,0.249531,1.3411e-07
7,0.1875,0.46875,0.129609,0.148203,0.25539,1.49012e-07
7,0.1875,0.5,0.12375,0.14625,0.26125,2.01166e-07
7,0.1875,0.53125,0.117891,0.144297,0.267109,5.96046e-08
7,0.1875,0.5625,0.112031,0.142344,0.272969,9.68575e-08
7,0.1875,0.59375,0.106172,0.140391,0.278828,1.2666e-07
7,0.1875,0.625,0.100313,0.138437,0.284687,2.01166e-07
7,0.1875,0.65625,0.0944531,0.136484,0.290547,5.96046e-08
7,0.1875,0.6875,0.0885941,0.134531,0.296406,3.20375e-07
7,0.1875,0.71875,0.0827345,0.132578,0.302266,9.68575e-08
7,0.1875,0.75,0.0768751,0.130625,0.308125,1.11759e-07
7,0.1875,0.78125,0.071016,0.128672,0.313984,4.09782e-07
7,0.1875,0.8125,0.0651562,0.126719,0.319844,8.9407e-08
7,0.1875,0.84375,0.0592969,0.124766,0.325703,1.19209e-07
7,0.1875,0.875,0.0534372,0.122813,0.331562,2.98023e-07
7,0.1875,0.90625,0.0475781,0.120859,0.337422,1.49012e-07
7,0.1875,0.9375,0.0417182,0.118906,0.343281,5.51343e-07
7,0.1875,0.96875,0.0358593,0.116953,0.349141,5.96046e-08
7,0.1875,1,0.0299994,0.115,0.355,6.31437e-07
7,0.21875,0,0.24875,0.20875,0.19875,1.78814e-07
7,0.21875,0.03125,0.241914,0.206471,0.205586,1.3411e-07
7,0.21875,0.0625,0.235078,0.204193,0.212422,5.96046e-08
7,0.21875,0.09375,0.228242,0.201914,0.219258,1.78814e-07
7,0.21875,0.125,0.221406,0.199635,0.226094,2.98023e-08
7,0.21875,0.15625,0.21457,0.197357,0.23293,2.08616e-07
7,0.21875,0.1875,0.207735,0.195078,0.239766,2.38419e-07
7,0.21875,0.21875,0.200899,0.192799,0.246601,2.98023e-07
7,0.21875,0.25,0.194063,0.190521,0.253437,4.17233e-07
7,0.21875,0.28125,0.187227,0.188242,0.260273,5.96046e-08
7,0.21875,0.3125,0.180391,0.185963,0.267109,1.78814e-07
7,0.21875,0.34375,0.173555,0.183685,0.273945,1.49012e-07
7,0.21875,0.375,0.166719,0.181406,0.280781,1.19209e-07
7,0.21875,0.40625,0.159883,0.179128,0.287617,1.49012e-07
7,0.21875,0.4375,0.153047,0.176849,0.294453,5.96046e-08
7,0.21875,0.46875,0.146211,0.17457,0.301289,3.57628e-07
7,0.21875,0.5,0.139375,0.172292,0.308125,7.45058e-08
7,0.21875,0.53125,0.132539,0.170013,0.314961,4.47035e-08
7,0.21875,0.5625,0.125703,0.167734,0.321797,1.78814e-07
7,0.21875,0.59375,0.118867,0.165456,0.328633,1.04308e-07
7,0.21875,0.625,0.112031,0.163177,0.335469,4.47035e-08
7,0.21875,0.65625,0.105196,0.160898,0.342305,4.24683e-07
7,0.21875,0.6875,0.0983593,0.15862,0.349141,1.11759e-07
7,0.21875,0.71875,0.0915233,0.156341,0.355976,1.71363e-07
7,0.21875,0.75,0.0846876,0.154062,0.362812,7.45058e-08
7,0.21875,0.78125,0.0778518,0.151784,0.369648,2.75671e-07
7,0.21875,0.8125,0.0710159,0.149505,0.376484,2.45869e-07
7,0.21875,0.84375,0.0641801,0.147226,0.38332,4.17233e-07
7,0.21875,0.875,0.0573439,0.144948,0.390156,1.63913e-07
7,0.21875,0.90625,0.0505076,0.142669,0.396992,2.30968e-07
7,0.21875,0.9375,0.0436721,0.140391,0.403828,2.16067e-07
7,0.21875,0.96875,0.0368355,0.138112,0.410664,4.65661e-07
7,0.21875,1,0.0300001,0.135833,0.4175,6.70552e-08
7,0.25,0,0.28,0.24,0.23,7.45058e-08
7,0.25,0.03125,0.272187,0.237396,0.237812,1.19209e-07
7,0.25,0.0625,0.264375,0.234792,0.245625,8.9407e-08
7,0.25,0.09375,0.256562,0.232187,0.253437,1.78814e-07
7,0.25,0.125,0.24875,0.229583,0.26125,1.49012e-07
7,0.25,0.15625,0.240937,0.226979,0.269062,1.19209e-07
7,0.25,0.1875,0.233125,0.224375,0.276875,1.19209e-07
7,0.25,0.21875,0.225312,0.221771,0.284687,1.19209e-07
7,0.25,0.25,0.2175,0.219167,0.2925,2.68221e-07
7,0.25,0.28125,0.209688,0.216562,0.300313,8.9407e-08
7,0.25,0.3125,0.201875,0.213958,0.308125,2.98023e-08
7,0.25,0.34375,0.194063,0.211354,0.315937,1.49012e-07
7,0.25,0.375,0.18625,0.20875,0.32375,1.04308e-07
7,0.25,0.40625,0.178437,0.206146,0.331562,1.49012e-07
7,0.25,0.4375,0.170625,0.203542,0.339375,2.68221e-07
7,0.25,0.46875,0.162812,0.200937,0.347187,2.08616e-07
7,0.25,0.5,0.155,0.198333,0.355,1.19209e-07
7,0.25,0.53125,0.147188,0.195729,0.362812,7.45058e-08
7,0.25,0.5625,0.139375,0.193125,0.370625,8.9407e-08
7,0.25,0.59375,0.131562,0.190521,0.378437,2.68221e-07
7,0.25,0.625,0.12375,0.187917,0.38625,5.21541e-08
7,0.25,0.65625,0.115937,0.185313,0.394062,6.70552e-08
7,0.25,0.6875,0.108125,0.182708,0.401875,1.49012e-07
7,0.25,0.71875,0.100312,0.180104,0.409687,2.6077e-07
7,0.25,0.75,0.0924999,0.1775,0.4175,8.19564e-08
7,0.25,0.78125,0.0846876,0.174896,0.425312,8.9407e-08
7,0.25,0.8125,0.0768749,0.172292,0.433125,9.68575e-08
7,0.25,0.84375,0.0690625,0.169687,0.440937,8.9407e-08
7,0.25,0.875,0.0612496,0.167083,0.44875,3.72529e-07
7,0.25,0.90625,0.0534369,0.164479,0.456562,6.10948e-07
7,0.25,0.9375,0.0456249,0.161875,0.464375,1.3411e-07
7,0.25,0.96875,0.0378122,0.159271,0.472187,2.6077e-07
7,0.25,1,0.0300005,0.156667,0.48,4.5076e-07
7,0.28125,0,0.31125,0.27125,0.26125,1.78814e-07
7,0.28125,0.03125,0.302461,0.26832,0.270039,8.9407e-08
7,0.28125,0.0625,0.293672,0.265391,0.278828,1.49012e-07
7,0.28125,0.09375,0.284883,0.262461,0.287617,1.19209e-07
7,0.28125,0.125,0.276094,0.259531,0.296406,8.9407e-08
7,0.28125,0.15625,0.267305,0.256602,0.305195,5.96046e-08
7,0.28125,0.1875,0.258515,0.253672,0.313984,1.49012e-07
7,0.28125,0.21875,0.249727,0.250742,0.322773,1.78814e-07
7,0.28125,0.25,0.240937,0.247813,0.331562,4.47035e-07
7,0.28125,0.28125,0.232148,0.244883,0.340351,1.04308e-07
7,0.28125,0.3125,0.22336,0.241953,0.349141,3.57628e-07
7,0.28125,0.34375,0.21457,0.239023,0.35793,1.19209e-07
7,0.28125,0.375,0.205781,0.236094,0.366719,1.19209e-07
7,0.28125,0.40625,0.196992,0.233164,0.375508,2.68221e-07
7,0.28125,0.4375,0.188203,0.230234,0.384297,8.9407e-08
7,0.28125,0.46875,0.179414,0.227305,0.393086,8.9407e-08
7,0.28125,0.5,0.170625,0.224375,0.401875,1.49012e-07
7,0.28125,0.53125,0.161836,0.221445,0.410664,2.38419e-07
7,0.28125,0.5625,0.153047,0.218516,0.419453,1.49012e-07
7,0.28125,0.59375,0.144258,0.215586,0.428242,5.96046e-08
7,0.28125,0.625,0.135469,0.212656,0.437031,1.78814e-07
7,0.28125,0.65625,0.12668,0.209726,0.44582,1.49012e-07
7,0.28125,0.6875,0.117891,0.206797,0.454609,1.11759e-07
7,0.28125,0.71875,0.109102,0.203867,0.463398,4.47035e-08
7,0.28125,0.75,0.100313,0.200937,0.472187,3.35276e-07
7,0.28125,0.78125,0.0915235,0.198008,0.480977,1.04308e-07
7,0.28125,0.8125,0.0827346,0.195078,0.489766,2.45869e-07
7,0.28125,0.84375,0.0739456,0.192148,0.498555,2.90573e-07
7,0.28125,0.875,0.0651565,0.189219,0.507344,2.08616e-07
7,0.28125,0.90625,0.0563675,0.186289,0.516133,3.05474e-07
7,0.28125,0.9375,0.0475783,0.183359,0.524922,2.16067e-07
7,0.28125,0.96875,0.0387896,0.18043,0.533711,5.66244e-07
7,0.28125,1,0.0299999,0.1775,0.5425,5.96046e-08
7,0.3125,0,0.3425,0.3025,0.2925,1.78814e-07
7,0.3125,0.03125,0.332734,0.299245,0.302266,8.9407e-08
7,0.3125,0.0625,0.322969,0.295989,0.312031,1.49012e-07
7,0.3125,0.09375,0.313203,0.292734,0.321797,2.08616e-07
7,0.3125,0.125,0.303438,0.289479,0.331562,2.08616e-07
7,0.3125,0.15625,0.293672,0.286224,0.341328,5.96046e-08
7,0.3125,0.1875,0.283906,0.282969,0.351094,1.49012e-07
7,0.3125,0.21875,0.27414,0.279714,0.360859,1.49012e-07
7,0.3125,0.25,0.264375,0.276458,0.370625,1.19209e-07
7,0.3125,0.28125,0.25461,0.273203,0.380391,2.08616e-07
7,0.3125,0.3125,0.244844,0.269948,0.390156,1.49012e-07
7,0.3125,0.34375,0.235078,0.266693,0.399922,8.9407e-08
7,0.3125,0.375,0.225313,0.263437,0.409687,1.19209e-07
7,0.3125,0.40625,0.215547,0.260182,0.419453,1.19209e-07
7,0.3125,0.4375,0.205781,0.256927,0.429219,2.38419e-07
7,0.3125,0.46875,0.196016,0.253672,0.438984,2.98023e-08
7,0.3125,0.5,0.18625,0.250417,0.44875,8.9407e-08
7,0.3125,0.53125,0.176484,0.247162,0.458515,1.78814e-07
7,0.3125,0.5625,0.166719,0.243906,0.468281,2.08616e-07
7,0.3125,0.59375,0.156953,0.240651,0.478047,2.68221e-07
7,0.3125,0.625,0.147187,0.237396,0.487812,8.9407e-08
7,0.3125,0.65625,0.137422,0.23414,0.497578,3.57628e-07
7,0.3125,0.6875,0.127656,0.230885,0.507344,1.78814e-07
7,0.3125,0.71875,0.117891,0.22763,0.517109,3.94881e-07
7,0.3125,0.75,0.108125,0.224375,0.526875,4.99189e-07
7,0.3125,0.78125,0.0983586,0.22112,0.536641,7.37607e-07
7,0.3125,0.8125,0.0885939,0.217864,0.546406,1.71363e-07
7,0.3125,0.84375,0.0788284,0.214609,0.556172,2.90573e-07
7,0.3125,0.875,0.0690615,0.211354,0.565937,9.76026e-07
7,0.3125,0.90625,0.0592966,0.208099,0.575703,2.68221e-07
7,0.3125,0.9375,0.0495308,0.204844,0.585469,4.24683e-07
7,0.3125,0.96875,0.039766,0.201589,0.595234,3.39001e-07
7,0.3125,1,0.0299998,0.198333,0.605,2.45869e-07
7,0.34375,0,0.37375,0.33375,0.32375,2.08616e-07
7,0.34375,0.03125,0.363008,0.330169,0.334492,1.78814e-07
7,0.34375,0.0625,0.352265,0.326589,0.345234,2.08616e-07
7,0.34375,0.09375,0.341523,0.323008,0.355976,2.98023e-07
7,0.34375,0.125,0.330781,0.319427,0.366719,8.9407e-08
7,0.34375,0.15625,0.320039,0.315846,0.377461,5.96046e-08
7,0.34375,0.1875,0.309297,0.312266,0.388203,1.78814e-07
7,0.34375,0.21875,0.298554,0.308685,0.398945,2.08616e-07
7,0.34375,0.25,0.287813,0.305104,0.409687,3.8743e-07
7,0.34375,0.28125,0.27707,0.301523,0.42043,2.38419e-07
7,0.34375,0.3125,0.266328,0.297943,0.431172,1.49012e-07
7,0.34375,0.34375,0.255586,0.294362,0.441914,2.38419e-07
7,0.34375,0.375,0.244844,0.290781,0.452656,1.19209e-07
7,0.34375,0.40625,0.234101,0.287201,0.463398,2.68221e-07
7,0.34375,0.4375,0.223359,0.28362,0.474141,1.19209e-07
7,0.34375,0.46875,0.212617,0.280039,0.484883,5.66244e-07
7,0.34375,0.5,0.201875,0.276458,0.495625,1.78814e-07
7,0.34375,0.53125,0.191133,0.272878,0.506367,8.9407e-08
7,0.34375,0.5625,0.180391,0.269297,0.517109,1.19209e-07
7,0.34375,0.59375,0.169648,0.265716,0.527852,2.38419e-07
7,0.34375,0.625,0.158906,0.262135,0.538594,1.78814e-07
7,0.34375,0.65625,0.148164,0.258555,0.549336,2.38419e-07
7,0.34375,0.6875,0.137422,0.254974,0.560078,1.19209e-07
7,0.34375,0.71875,0.12668,0.251393,0.57082,5.96046e-08
7,0.34375,0.75,0.115937,0.247813,0.581563,2.75671e-07
7,0.34375,0.78125,0.105195,0.244232,0.592304,4.99189e-07
7,0.34375,0.8125,0.0944528,0.240651,0.603047,2.98023e-07
7,0.34375,0.84375,0.0837108,0.23707,0.613789,1.86265e-07
7,0.34375,0.875,0.0729695,0.233489,0.624531,7.07805e-07
7,0.34375,0.90625,0.0622274,0.229909,0.635273,8.12113e-07
7,0.34375,0.9375,0.0514844,0.226328,0.646016,1.04308e-07
7,0.34375,0.96875,0.0407427,0.222747,0.656758,5.06639e-07
7,0.34375,1,0.029999,0.219167,0.6675,9.68575e-07
7,0.375,0,0.405,0.365,0.355,2.38419e-07
7,0.375,0.03125,0.393281,0.361094,0.366719,1.49012e-07
7,0.375,0.0625,0.381563,0.357187,0.378437,2.38419e-07
7,0.375,0.09375,0.369844,0.353281,0.390156,1.78814e-07
7,0.375,0.125,0.358125,0.349375,0.401875,3.57628e-07
7,0.375,0.15625,0.346406,0.345469,0.413594,1.78814e-07
7,0.375,0.1875,0.334687,0.341562,0.425312,5.96046e-08
7,0.375,0.21875,0.322969,0.337656,0.437031,1.49012e-07
7,0.375,0.25,0.31125,0.33375,0.44875,1.19209e-07
7,0.375,0.28125,0.299531,0.329844,0.460469,1.19209e-07
7,0.375,0.3125,0.287813,0.325937,0.472187,3.8743e-07
7,0.375,0.34375,0.276094,0.322031,0.483906,1.19209e-07
7,0.375,0.375,0.264375,0.318125,0.495625,8.9407e-08
7,0.375,0.40625,0.252656,0.314219,0.507344,1.49012e-07
7,0.375,0.4375,0.240938,0.310312,0.519062,1.78814e-07
7,0.375,0.46875,0.229219,0.306406,0.530781,2.38419e-07
7,0.375,0.5,0.2175,0.3025,0.5425,1.19209e-07
7,0.375,0.53125,0.205781,0.298594,0.554219,1.19209e-07
7,0.375,0.5625,0.194063,0.294687,0.565937,1.19209e-07
7,0.375,0.59375,0.182344,0.290781,0.577656,1.49012e-07
7,0.375,0.625,0.170625,0.286875,0.589375,1.78814e-07
7,0.375,0.65625,0.158906,0.282969,0.601094,1.78814e-07
7,0.375,0.6875,0.147188,0.279062,0.612812,2.38419e-07
7,0.375,0.71875,0.135469,0.275156,0.624531,8.9407e-08
7,0.375,0.75,0.12375,0.27125,0.63625,2.01166e-07
7,0.375,0.78125,0.112031,0.267344,0.647969,5.96046e-08
7,0.375,0.8125,0.100312,0.263438,0.659688,7.97212e-07
7,0.375,0.84375,0.0885936,0.259531,0.671406,1.19209e-07
7,0.375,0.875,0.0768748,0.255625,0.683125,1.56462e-07
7,0.375,0.90625,0.0651555,0.251719,0.694844,7.45058e-07
7,0.375,0.9375,0.0534372,0.247812,0.706562,2.6077e-07
7,0.375,0.96875,0.0417171,0.243906,0.718281,1.66148e-06
7,0.375,1,0.030001,0.24,0.73,9.574e-07
7,0.40625,0,0.43625,0.39625,0.38625,1.49012e-07
7,0.40625,0.03125,0.423555,0.392018,0.398945,1.19209e-07
7,0.40625,0.0625,0.410859,0.387787,0.411641,2.98023e-07
7,0.40625,0.09375,0.398164,0.383555,0.424336,1.19209e-07
7,0.40625,0.125,0.385469,0.379323,0.437031,1.19209e-07
7,0.40625,0.15625,0.372773,0.375091,0.449727,2.98023e-08
7,0.40625,0.1875,0.360078,0.370859,0.462422,1.49012e-07
7,0.40625,0.21875,0.347383,0.366628,0.475117,1.19209e-07
7,0.40625,0.25,0.334687,0.362396,0.487812,2.98023e-07
7,0.40625,0.28125,0.321992,0.358164,0.500508,1.19209e-07
7,0.40625,0.3125,0.309297,0.353932,0.513203,2.08616e-07
7,0.40625,0.34375,0.296602,0.3497,0.525898,3.8743e-07
7,0.40625,0.375,0.283906,0.345469,0.538594,1.78814e-07
7,0.40625,0.40625,0.271211,0.341237,0.551289,1.78814e-07
7,0.40625,0.4375,0.258516,0.337005,0.563984,8.9407e-08
7,0.40625,0.46875,0.24582,0.332773,0.57668,1.49012e-07
7,0.40625,0.5,0.233125,0.328542,0.589375,1.78814e-07
7,0.40625,0.53125,0.22043,0.32431,0.60207,1.78814e-07
7,0.40625,0.5625,0.207735,0.320078,0.614766,5.06639e-07
7,0.40625,0.59375,0.195039,0.315846,0.627461,1.49012e-07
7,0.40625,0.625,0.182344,0.311615,0.640156,1.78814e-07
7,0.40625,0.65625,0.169649,0.307383,0.652852,5.96046e-07
7,0.40625,0.6875,0.156953,0.303151,0.665547,2.98023e-07
7,0.40625,0.71875,0.144258,0.298919,0.678242,3.57628e-07
7,0.40625,0.75,0.131563,0.294687,0.690938,7.45058e-07
7,0.40625,0.78125,0.118867,0.290456,0.703633,1.19209e-07
7,0.40625,0.8125,0.106172,0.286224,0.716328,2.01166e-07
7,0.40625,0.84375,0.0934771,0.281992,0.729023,4.99189e-07
7,0.40625,0.875,0.0807815,0.27776,0.741719,2.90573e-07
7,0.40625,0.90625,0.068087,0.273528,0.754414,1.11014e-06
7,0.40625,0.9375,0.0553916,0.269297,0.767109,9.46224e-07
7,0.40625,0.96875,0.0426963,0.265065,0.779805,9.98378e-07
7,0.40625,1,0.0300012,0.260833,0.7925,1.24611e-06
7,0.4375,0,0.4675,0.4275,0.4175,2.68221e-07
7,0.4375,0.03125,0.453828,0.422943,0.431172,8.9407e-08
7,0.4375,0.0625,0.440156,0.418385,0.444844,5.96046e-08
7,0.4375,0.09375,0.426484,0.413828,0.458516,2.68221e-07
7,0.4375,0.125,0.412813,0.409271,0.472187,2.38419e-07
7,0.4375,0.15625,0.39914,0.404714,0.485859,4.76837e-07
7,0.4375,0.1875,0.385469,0.400156,0.499531,2.08616e-07
7,0.4375,0.21875,0.371797,0.395599,0.513203,5.96046e-08
7,0.4375,0.25,0.358125,0.391042,0.526875,1.19209e-07
7,0.4375,0.28125,0.344453,0.386484,0.540547,8.9407e-08
7,0.4375,0.3125,0.330781,0.381927,0.554219,2.38419e-07
7,0.4375,0.34375,0.317109,0.37737,0.56789,2.68221e-07
7,0.4375,0.375,0.303437,0.372813,0.581563,2.98023e-07
7,0.4375,0.40625,0.289766,0.368255,0.595234,2.08616e-07
7,0.4375,0.4375,0.276094,0.363698,0.608906,1.19209e-07
7,0.4375,0.46875,0.262422,0.359141,0.622578,3.57628e-07
7,0.4375,0.5,0.24875,0.354583,0.63625,3.27826e-07
7,0.4375,0.53125,0.235078,0.350026,0.649922,1.78814e-07
7,0.4375,0.5625,0.221406,0.345469,0.663594,4.17233e-07
7,0.4375,0.59375,0.207734,0.340911,0.677266,1.49012e-07
7,0.4375,0.625,0.194062,0.336354,0.690937,2.68221e-07
7,0.4375,0.65625,0.180391,0.331797,0.704609,4.47035e-07
7,0.4375,0.6875,0.166718,0.32724,0.718281,3.57628e-07
7,0.4375,0.71875,0.153047,0.322682,0.731953,2.98023e-07
7,0.4375,0.75,0.139375,0.318125,0.745625,3.8743e-07
7,0.4375,0.78125,0.125703,0.313568,0.759297,2.38419e-07
7,0.4375,0.8125,0.112031,0.309011,0.772969,3.94881e-07
7,0.4375,0.84375,0.0983593,0.304453,0.786641,1.11759e-07
7,0.4375,0.875,0.0846878,0.299896,0.800313,3.20375e-07
7,0.4375,0.90625,0.0710163,0.295338,0.813984,6.78003e-07
7,0.4375,0.9375,0.057345,0.290781,0.827656,1.2368e-06
7,0.4375,0.96875,0.0436727,0.286224,0.841328,8.71718e-07
7,0.4375,1,0.0300011,0.281667,0.855,1.05239e-06
7,0.46875,0,0.49875,0.45875,0.44875,8.9407e-08
7,0.46875,0.03125,0.484102,0.453867,0.463398,2.68221e-07
7,0.46875,0.0625,0.469453,0.448984,0.478047,3.27826e-07
7,0.46875,0.09375,0.454805,0.444101,0.492695,2.68221e-07
7,0.46875,0.125,0.440156,0.439219,0.507344,1.78814e-07
7,0.46875,0.15625,0.425508,0.434336,0.521992,6.55651e-07
7,0.46875,0.1875,0.41086,0.429453,0.536641,2.08616e-07
7,0.46875,0.21875,0.396211,0.42457,0.551289,1.49012e-07
7,0.46875,0.25,0.381563,0.419688,0.565937,1.19209e-07
7,0.46875,0.28125,0.366914,0.414805,0.580586,1.19209e-07
7,0.46875,0.3125,0.352265,0.409922,0.595234,2.38419e-07
7,0.46875,0.34375,0.337618,0.405039,0.609883,5.36442e-07
7,0.46875,0.375,0.322969,0.400156,0.624531,3.8743e-07
7,0.46875,0.40625,0.308321,0.395273,0.63918,2.08616e-07
7,0.46875,0.4375,0.293672,0.390391,0.653828,1.78814e-07
7,0.46875,0.46875,0.279023,0.385508,0.668476,1.19209e-07
7,0.46875,0.5,0.264375,0.380625,0.683125,1.19209e-07
7,0.46875,0.53125,0.249726,0.375742,0.697773,1.19209e-07
7,0.46875,0.5625,0.235077,0.37086,0.712422,6.85453e-07
7,0.46875,0.59375,0.220429,0.365977,0.72707,8.9407e-07
7,0.46875,0.625,0.205781,0.361094,0.741719,5.06639e-07
7,0.46875,0.65625,0.191132,0.356211,0.756367,8.9407e-07
7,0.46875,0.6875,0.176484,0.351328,0.771016,8.9407e-08
7,0.46875,0.71875,0.161835,0.346445,0.785664,4.47035e-07
7,0.46875,0.75,0.147188,0.341562,0.800312,4.76837e-07
7,0.46875,0.78125,0.132538,0.33668,0.814961,7.45058e-07
7,0.46875,0.8125,0.117891,0.331797,0.829609,1.78814e-07
7,0.46875,0.84375,0.103242,0.326914,0.844258,4.39584e-07
7,0.46875,0.875,0.0885937,0.322031,0.858906,1.19209e-07
7,0.46875,0.90625,0.0739466,0.317148,0.873555,1.24425e-06
7,0.46875,0.9375,0.0592973,0.312266,0.888203,3.8743e-07
7,0.46875,0.96875,0.0446457,0.307383,0.902852,2.68966e-06
7,0.46875,1,0.0300004,0.3025,0.9175,3.78117e-07
7,0.5,0,0.53,0.49,0.48,2.38419e-07
7,0.5,0.03125,0.514375,0.484792,0.495625,1.49012e-07
7,0.5,0.0625,0.49875,0.479583,0.51125,3.27826e-07
7,0.5,0.09375,0.483125,0.474375,0.526875,4.47035e-07
7,0.5,0.125,0.4675,0.469166,0.5425,3.27826e-07
7,0.5,0.15625,0.451875,0.463958,0.558125,2.68221e-07
7,0.5,0.1875,0.43625,0.45875,0.57375,1.78814e-07
7,0.5,0.21875,0.420625,0.453541,0.589375,2.98023e-07
7,0.5,0.25,0.405,0.448333,0.605,2.98023e-07
7,0.5,0.28125,0.389375,0.443125,0.620625,3.8743e-07
7,0.5,0.3125,0.37375,0.437917,0.63625,4.47035e-07
7,0.5,0.34375,0.358125,0.432708,0.651875,2.38419e-07
7,0.5,0.375,0.3425,0.4275,0.6675,1.49012e-07
7,0.5,0.40625,0.326875,0.422292,0.683125,4.76837e-07
7,0.5,0.4375,0.31125,0.417083,0.69875,2.68221e-07
7,0.5,0.46875,0.295625,0.411875,0.714375,1.78814e-07
7,0.5,0.5,0.28,0.406667,0.73,3.57628e-07
7,0.5,0.53125,0.264375,0.401458,0.745625,1.78814e-07
7,0.5,0.5625,0.248751,0.39625,0.76125,8.34465e-07
7,0.5,0.59375,0.233125,0.391042,0.776875,2.08616e-07
7,0.5,0.625,0.2175,0.385833,0.7925,1.19209e-07
7,0.5,0.65625,0.201875,0.380625,0.808125,3.57628e-07
7,0.5,0.6875,0.18625,0.375417,0.82375,2.38419e-07
7,0.5,0.71875,0.170624,0.370208,0.839375,5.06639e-07
7,0.5,0.75,0.155,0.365,0.855,8.9407e-08
7,0.5,0.78125,0.139375,0.359792,0.870625,3.27826e-07
7,0.5,0.8125,0.12375,0.354583,0.88625,2.01166e-07
7,0.5,0.84375,0.108125,0.349375,0.901875,1.41561e-07
7,0.5,0.875,0.0925004,0.344166,0.9175,3.94881e-07
7,0.5,0.90625,0.0768751,0.338958,0.933125,1.78814e-07
7,0.5,0.9375,0.0612513,0.33375,0.94875,1.30385e-06
7,0.5,0.96875,0.0456254,0.328542,0.964375,3.57628e-07
7,0.5,1,0.0300022,0.323333,0.98,2.20723e-06
7,0.53125,0,0.56125,0.52125,0.51125,2.38419e-07
7,0.53125,0.03125,0.546602,0.516367,0.525898,5.96046e-08
7,0.53125,0.0625,0.531953,0.511484,0.540547,2.98023e-07
7,0.53125,0.09375,0.517305,0.506602,0.555195,5.96046e-08
7,0.53125,0.125,0.502656,0.501719,0.569844,1.19209e-07
7,0.53125,0.15625,0.488007,0.496836,0.584492,5.06639e-07
7,0.53125,0.1875,0.47336,0.491953,0.599141,1.78814e-07
7,0.53125,0.21875,0.458711,0.48707,0.613789,2.68221e-07
7,0.53125,0.25,0.444063,0.482187,0.628438,5.96046e-08
7,0.53125,0.28125,0.429414,0.477305,0.643086,3.8743e-07
7,0.53125,0.3125,0.414766,0.472422,0.657734,2.98023e-07
7,0.53125,0.34375,0.400117,0.467539,0.672383,2.68221e-07
7,0.53125,0.375,0.385469,0.462656,0.687031,1.19209e-07
7,0.53125,0.40625,0.37082,0.457773,0.70168,2.38419e-07
7,0.53125,0.4375,0.356171,0.452891,0.716328,8.64267e-07
7,0.53125,0.46875,0.341524,0.448008,0.730976,3.27826e-07
7,0.53125,0.5,0.326875,0.443125,0.745625,3.8743e-07
7,0.53125,0.53125,0.312227,0.438242,0.760273,4.17233e-07
7,0.53125,0.5625,0.297578,0.43336,0.774922,1.78814e-07
7,0.53125,0.59375,0.28293,0.428477,0.78957,8.9407e-08
7,0.53125,0.625,0.268281,0.423594,0.804218,2.98023e-07
7,0.53125,0.65625,0.253633,0.418711,0.818867,8.9407e-08
7,0.53125,0.6875,0.238984,0.413828,0.833516,5.06639e-07
7,0.53125,0.71875,0.224335,0.408946,0.848164,6.85453e-07
7,0.53125,0.75,0.209687,0.404063,0.862812,3.57628e-07
7,0.53125,0.78125,0.195038,0.39918,0.877461,6.25849e-07
7,0.53125,0.8125,0.180389,0.394297,0.892109,1.43051e-06
7,0.53125,0.84375,0.165742,0.389414,0.906758,2.68221e-07
7,0.53125,0.875,0.151094,0.384531,0.921406,8.9407e-08
7,0.53125,0.90625,0.136446,0.379648,0.936055,2.68221e-07
7,0.53125,0.9375,0.121796,0.374766,0.950703,1.22935e-06
7,0.53125,0.96875,0.107149,0.369883,0.965352,3.7998e-07
7,0.53125,1,0.0925019,0.365,0.98,1.9446e-06
7,0.5625,0,0.5925,0.5525,0.5425,2.38419e-07
7,0.5625,0.03125,0.578828,0.547943,0.556172,1.78814e-07
7,0.5625,0.0625,0.565156,0.543386,0.569844,3.57628e-07
7,0.5625,0.09375,0.551484,0.538828,0.583516,5.96046e-08
7,0.5625,0.125,0.537813,0.534271,0.597187,1.19209e-07
7,0.5625,0.15625,0.524141,0.529714,0.610859,1.19209e-07
7,0.5625,0.1875,0.510469,0.525156,0.624531,2.38419e-07
7,0.5625,0.21875,0.496797,0.520599,0.638203,5.96046e-08
7,0.5625,0.25,0.483125,0.516042,0.651875,8.9407e-08
7,0.5625,0.28125,0.469453,0.511484,0.665547,5.96046e-08
7,0.5625,0.3125,0.455781,0.506927,0.679219,2.68221e-07
7,0.5625,0.34375,0.442109,0.50237,0.692891,2.68221e-07
7,0.5625,0.375,0.428437,0.497812,0.706562,2.38419e-07
7,0.5625,0.40625,0.414766,0.493255,0.720234,8.9407e-08
7,0.5625,0.4375,0.401093,0.488698,0.733906,3.27826e-07
7,0.5625,0.46875,0.387422,0.48414,0.747578,2.38419e-07
7,0.5625,0.5,0.37375,0.479583,0.76125,1.49012e-07
7,0.5625,0.53125,0.360079,0.475026,0.774922,4.76837e-07
7,0.5625,0.5625,0.346406,0.470469,0.788594,3.57628e-07
7,0.5625,0.59375,0.332734,0.465911,0.802266,1.78814e-07
7,0.5625,0.625,0.319063,0.461354,0.815937,6.85453e-07
7,0.5625,0.65625,0.30539,0.456797,0.829609,3.27826e-07
7,0.5625,0.6875,0.291719,0.452239,0.843281,2.38419e-07
7,0.5625,0.71875,0.278046,0.447683,0.856953,5.66244e-07
7,0.5625,0.75,0.264375,0.443125,0.870625,3.27826e-07
7,0.5625,0.78125,0.250704,0.438567,0.884297,3.8743e-07
7,0.5625,0.8125,0.237031,0.43401,0.897969,8.9407e-08
7,0.5625,0.84375,0.223359,0.429453,0.911641,8.9407e-08
7,0.5625,0.875,0.209688,0.424896,0.925312,1.78814e-07
7,0.5625,0.90625,0.196016,0.420338,0.938984,7.45058e-07
7,0.5625,0.9375,0.182343,0.415781,0.952656,4.47035e-07
7,0.5625,0.96875,0.168673,0.411224,0.966328,9.53674e-07
7,0.5625,1,0.155,0.406667,0.98,1.49012e-07
7,0.59375,0,0.62375,0.58375,0.57375,1.19209e-07
7,0.59375,0.03125,0.611054,0.579518,0.586445,1.78814e-07
7,0.59375,0.0625,0.598359,0.575287,0.59914,5.36442e-07
7,0.59375,0.09375,0.585664,0.571055,0.611836,4.17233e-07
7,0.59375,0.125,0.572969,0.566823,0.624531,2.38419e-07
7,0.59375,0.15625,0.560273,0.562591,0.637227,1.78814e-07
7,0.59375,0.1875,0.547578,0.558359,0.649922,1.78814e-07
7,0.59375,0.21875,0.534883,0.554128,0.662617,1.19209e-07
7,0.59375,0.25,0.522187,0.549896,0.675313,1.78814e-07
7,0.59375,0.28125,0.509492,0.545664,0.688008,3.57628e-07
7,0.59375,0.3125,0.496797,0.541432,0.700703,2.68221e-07
7,0.59375,0.34375,0.484102,0.5372,0.713398,2.68221e-07
7,0.59375,0.375,0.471407,0.532969,0.726094,2.68221e-07
7,0.59375,0.40625,0.458711,0.528737,0.738789,1.78814e-07
7,0.59375,0.4375,0.446016,0.524505,0.751484,1.78814e-07
7,0.59375,0.46875,0.43332,0.520274,0.76418,5.96046e-08
7,0.59375,0.5,0.420625,0.516042,0.776875,1.78814e-07
7,0.59375,0.53125,0.407929,0.51181,0.78957,7.15256e-07
7,0.59375,0.5625,0.395234,0.507578,0.802265,2.68221e-07
7,0.59375,0.59375,0.382539,0.503346,0.814961,1.78814e-07
7,0.59375,0.625,0.369844,0.499115,0.827656,2.38419e-07
7,0.59375,0.65625,0.357148,0.494883,0.840352,1.78814e-07
7,0.59375,0.6875,0.344453,0.490651,0.853047,2.98023e-07
7,0.59375,0.71875,0.331758,0.486419,0.865742,1.19209e-07
7,0.59375,0.75,0.319062,0.482188,0.878438,8.34465e-07
7,0.59375,0.78125,0.306367,0.477956,0.891133,1.78814e-07
7,0.59375,0.8125,0.293671,0.473724,0.903828,4.17233e-07
7,0.59375,0.84375,0.280977,0.469492,0.916523,3.27826e-07
7,0.59375,0.875,0.268282,0.46526,0.929219,5.36442e-07
7,0.59375,0.90625,0.255586,0.461029,0.941914,2.38419e-07
7,0.59375,0.9375,0.242891,0.456797,0.954609,2.98023e-07
7,0.59375,0.96875,0.230194,0.452565,0.967305,8.34465e-07
7,0.59375,1,0.2175,0.448333,0.98,1.19209e-07
7,0.625,0,0.655,0.615,0.605,1.19209e-07
7,0.625,0.03125,0.643281,0.611094,0.616719,1.19209e-07
7,0.625,0.0625,0.631562,0.607187,0.628437,1.19209e-07
7,0.625,0.09375,0.619844,0.603281,0.640156,5.96046e-08
7,0.625,0.125,0.608125,0.599375,0.651875,2.38419e-07
7,0.625,0.15625,0.596406,0.595469,0.663593,2.98023e-07
7,0.625,0.1875,0.584688,0.591562,0.675312,1.19209e-07
7,0.625,0.21875,0.572969,0.587656,0.687031,2.38419e-07
7,0.625,0.25,0.56125,0.58375,0.69875,2.98023e-07
7,0.625,0.28125,0.549531,0.579844,0.710469,1.19209e-07
7,0.625,0.3125,0.537813,0.575937,0.722187,5.36442e-07
7,0.625,0.34375,0.526094,0.572031,0.733906,1.19209e-07
7,0.625,0.375,0.514375,0.568125,0.745625,2.98023e-07
7,0.625,0.40625,0.502656,0.564219,0.757344,5.96046e-08
7,0.625,0.4375,0.490937,0.560313,0.769062,2.68221e-07
7,0.625,0.46875,0.479219,0.556406,0.780781,2.38419e-07
7,0.625,0.5,0.4675,0.5525,0.7925,3.27826e-07
7,0.625,0.53125,0.455782,0.548593,0.804219,7.45058e-07
7,0.625,0.5625,0.444063,0.544687,0.815938,1.49012e-07
7,0.625,0.59375,0.432344,0.540781,0.827657,2.68221e-07
7,0.625,0.625,0.420625,0.536875,0.839375,4.17233e-07
7,0.625,0.65625,0.408906,0.532969,0.851094,4.47035e-07
7,0.625,0.6875,0.397187,0.529063,0.862812,3.57628e-07
7,0.625,0.71875,0.385468,0.525156,0.874531,2.68221e-07
7,0.625,0.75,0.373749,0.52125,0.88625,7.45058e-07
7,0.625,0.78125,0.362031,0.517344,0.897968,3.57628e-07
7,0.625,0.8125,0.350313,0.513437,0.909688,2.68221e-07
7,0.625,0.84375,0.338594,0.509531,0.921406,2.08616e-07
7,0.625,0.875,0.326875,0.505625,0.933125,1.78814e-07
7,0.625,0.90625,0.315157,0.501719,0.944844,3.57628e-07
7,0.625,0.9375,0.303437,0.497813,0.956562,5.96046e-07
7,0.625,0.96875,0.291719,0.493906,0.968281,1.49012e-07
7,0.625,1,0.28,0.49,0.98,1.78814e-07
7,0.65625,0,0.686193,0.64627,0.636289,5.72205e-05
7,0.65625,0.03125,0.675484,0.642677,0.647009,2.39611e-05
7,0.65625,0.0625,0.66476,0.63909,0.657738,5.36442e-06
7,0.65625,0.09375,0.654023,0.635508,0.668476,1.78814e-07
7,0.65625,0.125,0.643281,0.631927,0.679219,2.98023e-07
7,0.65625,0.15625,0.632539,0.628346,0.689961,1.78814e-07
7,0.65625,0.1875,0.621797,0.624766,0.700703,1.19209e-07
7,0.65625,0.21875,0.611054,0.621185,0.711445,1.78814e-07
7,0.65625,0.25,0.600313,0.617604,0.722187,2.38419e-07
7,0.65625,0.28125,0.58957,0.614024,0.73293,2.98023e-07
7,0.65625,0.3125,0.578828,0.610443,0.743672,1.78814e-07
7,0.65625,0.34375,0.568086,0.606862,0.754414,1.78814e-07
7,0.65625,0.375,0.557344,0.603281,0.765156,3.57628e-07
7,0.65625,0.40625,0.546602,0.5997,0.775898,2.38419e-07
7,0.65625,0.4375,0.53586,0.59612,0.78664,5.36442e-07
7,0.65625,0.46875,0.525118,0.592539,0.797383,6.55651e-07
7,0.65625,0.5,0.514374,0.588958,0.808125,4.76837e-07
7,0.65625,0.53125,0.503633,0.585378,0.818867,1.19209e-07
7,0.65625,0.5625,0.492891,0.581797,0.829609,3.27826e-07
7,0.65625,0.59375,0.482149,0.578216,0.840352,1.49012e-07
7,0.65625,0.625,0.471406,0.574636,0.851094,3.27826e-07
7,0.65625,0.65625,0.460664,0.571055,0.861836,2.98023e-07
7,0.65625,0.6875,0.449922,0.567474,0.872578,1.78814e-07
7,0.65625,0.71875,0.43918,0.563893,0.88332,6.25849e-07
7,0.65625,0.75,0.428437,0.560312,0.894063,2.38419e-07
7,0.65625,0.78125,0.417696,0.556732,0.904804,2.98023e-07
7,0.65625,0.8125,0.406953,0.553151,0.915547,1.49012e-07
7,0.65625,0.84375,0.396211,0.54957,0.926289,1.19209e-07
7,0.65625,0.875,0.385469,0.54599,0.937031,5.96046e-07
7,0.65625,0.90625,0.374726,0.542409,0.947773,5.06639e-07
7,0.65625,0.9375,0.363985,0.538828,0.958516,6.55651e-07
7,0.65625,0.96875,0.353242,0.535248,0.969258,5.36442e-07
7,0.65625,1,0.3425,0.531667,0.98,1.78814e-07
7,0.6875,0,0.716772,0.677752,0.667997,0.000727832
7,0.6875,0.03125,0.707121,0.674458,0.677685,0.00061363
7,0.6875,0.0625,0.697459,0.671166,0.68738,0.000509858
7,0.6875,0.09375,0.687787,0.667879,0.697081,0.00041616
7,0.6875,0.125,0.678106,0.664594,0.70679,0.00033164
7,0.6875,0.15625,0.668414,0.661313,0.716505,0.000257611
7,0.6875,0.1875,0.658713,0.658036,0.726226,0.000193536
7,0.6875,0.21875,0.649002,0.654762,0.735955,0.0001387
7,0.6875,0.25,0.639281,0.651491,0.745689,9.41157e-05
7,0.6875,0.28125,0.629552,0.648223,0.75543,5.78165e-05
7,0.6875,0.3125,0.619813,0.644959,0.765177,3.0756e-05
7,0.6875,0.34375,0.610066,0.641697,0.77493,1.18017e-05
7,0.6875,0.375,0.600311,0.638438,0.784689,1.78814e-06
7,0.6875,0.40625,0.590547,0.635182,0.794453,2.98023e-07
7,0.6875,0.4375,0.580781,0.631927,0.804219,1.78814e-07
7,0.6875,0.46875,0.571016,0.628672,0.813984,4.76837e-07
7,0.6875,0.5,0.56125,0.625417,0.82375,2.98023e-07
7,0.6875,0.53125,0.551484,0.622161,0.833516,1.19209e-07
7,0.6875,0.5625,0.541719,0.618906,0.843281,1.19209e-07
7,0.6875,0.59375,0.531953,0.615651,0.853047,5.96046e-08
7,0.6875,0.625,0.522188,0.612396,0.862813,5.96046e-08
7,0.6875,0.65625,0.512422,0.60914,0.872578,1.78814e-07
7,0.6875,0.6875,0.502656,0.605885,0.882344,5.96046e-08
7,0.6875,0.71875,0.492891,0.60263,0.892109,2.08616e-07
7,0.6875,0.75,0.483126,0.599375,0.901875,5.66244e-07
7,0.6875,0.78125,0.473359,0.59612,0.91164,1.78814e-07
7,0.6875,0.8125,0.463594,0.592864,0.921406,1.78814e-07
7,0.6875,0.84375,0.453829,0.589609,0.931172,3.8743e-07
7,0.6875,0.875,0.444062,0.586354,0.940937,2.38419e-07
7,0.6875,0.90625,0.434296,0.583099,0.950703,6.85453e-07
7,0.6875,0.9375,0.424531,0.579844,0.960469,1.78814e-07
7,0.6875,0.96875,0.414766,0.576589,0.970234,1.78814e-07
7,0.6875,1,0.405,0.573333,0.98,5.96046e-08
7,0.71875,0,0.74674,0.709445,0.700121,0.00200963
7,0.71875,0.03125,0.738111,0.70646,0.708801,0.00184941
7,0.71875,0.0625,0.729475,0.703478,0.717486,0.00169671
7,0.71875,0.09375,0.720832,0.700497,0.726176,0.00155044
7,0.71875,0.125,0.712182,0.69752,0.73487,0.00141209
7,0.71875,0.15625,0.703525,0.694545,0.743569,0.00127983
7,0.71875,0.1875,0.694861,0.691572,0.752273,0.0011543
7,0.71875,0.21875,0.686189,0.688602,0.760982,0.00103718
7,0.71875,0.25,0.677512,0.685634,0.769696,0.00092572
7,0.71875,0.28125,0.668827,0.682668,0.778414,0.00082165
7,0.71875,0.3125,0.660135,0.679705,0.787137,0.000724256
7,0.71875,0.34375,0.651436,0.676744,0.795864,0.000633895
7,0.71875,0.375,0.642731,0.673785,0.804596,0.000550449
7,0.71875,0.40625,0.634019,0.670829,0.813332,0.00047332
7,0.71875,0.4375,0.6253,0.667874,0.822073,0.000402749
7,0.71875,0.46875,0.616576,0.664922,0.830818,0.000338316
7,0.71875,0.5,0.607844,0.661973,0.839567,0.000280738
7,0.71875,0.53125,0.599108,0.659025,0.848321,0.000227928
7,0.71875,0.5625,0.590365,0.656079,0.857078,0.000182331
7,0.71875,0.59375,0.581617,0.653135,0.86584,0.000141025
7,0.71875,0.625,0.572862,0.650194,0.874605,0.000106573
7,0.71875,0.65625,0.564102,0.647254,0.883373,7.73072e-05
7,0.71875,0.6875,0.555337,0.644315,0.892146,5.31077e-05
7,0.71875,0.71875,0.546568,0.641379,0.900921,3.34382e-05
7,0.71875,0.75,0.537794,0.638444,0.9097,1.87755e-05
7,0.71875,0.78125,0.529015,0.635511,0.918482,7.92742e-06
7,0.71875,0.8125,0.520233,0.632579,0.927267,1.72853e-06
7,0.71875,0.84375,0.511445,0.629648,0.936055,2.38419e-07
7,0.71875,0.875,0.502656,0.626719,0.944844,2.38419e-07
7,0.71875,0.90625,0.493867,0.623789,0.953633,3.8743e-07
7,0.71875,0.9375,0.485078,0.620859,0.962422,3.27826e-07
7,0.71875,0.96875,0.476289,0.61793,0.971211,2.98023e-07
7,0.71875,1,0.4675,0.615,0.98,3.8743e-07
7,0.75,0,0.776269,0.741285,0.732539,0.00373048
7,0.75,0.03125,0.768634,0.73862,0.740232,0.00355357
7,0.75,0.0625,0.760994,0.735957,0.747927,0.00338048
7,0.75,0.09375,0.75335,0.733295,0.755626,0.00321215
7,0.75,0.125,0.745702,0.730635,0.763327,0.00304824
7,0.75,0.15625,0.738049,0.727976,0.771031,0.00288886
7,0.75,0.1875,0.730391,0.725319,0.778739,0.00273383
7,0.75,0.21875,0.722729,0.722663,0.78645,0.00258332
7,0.75,0.25,0.715061,0.72001,0.794163,0.00243849
7,0.75,0.28125,0.70739,0.717357,0.801881,0.00229728
7,0.75,0.3125,0.699714,0.714706,0.809601,0.00216138
7,0.75,0.34375,0.692033,0.712057,0.817324,0.00202978
7,0.75,0.375,0.684347,0.709409,0.82505,0.0019033
7,0.75,0.40625,0.676657,0.706763,0.832781,0.00178087
7,0.75,0.4375,0.668961,0.704118,0.840513,0.00166428
7,0.75,0.46875,0.661261,0.701476,0.848249,0.00155163
7,0.75,0.5,0.653556,0.698834,0.855989,0.0014441
7,0.75,0.53125,0.645846,0.696194,0.863731,0.00134099
7,0.75,0.5625,0.638133,0.693556,0.871476,0.00124192
7,0.75,0.59375,0.630414,0.69092,0.879225,0.00114834
7,0.75,0.625,0.622691,0.688285,0.886977,0.001059
7,0.75,0.65625,0.614963,0.685651,0.894731,0.000974
7,0.75,0.6875,0.607231,0.683019,0.902489,0.000893891
7,0.75,0.71875,0.599495,0.680389,0.910249,0.000817657
7,0.75,0.75,0.591754,0.67776,0.918012,0.000745654
7,0.75,0.78125,0.58401,0.675132,0.925778,0.000677586
7,0.75,0.8125,0.576261,0.672506,0.933547,0.00061357
7,0.75,0.84375,0.568509,0.66988,0.941319,0.000553071
7,0.75,0.875,0.560753,0.667257,0.949093,0.000496984
7,0.75,0.90625,0.552992,0.664635,0.95687,0.000445426
7,0.75,0.9375,0.545229,0.662013,0.964649,0.000396013
7,0.75,0.96875,0.537461,0.659394,0.972431,0.000351965
7,0.75,1,0.529689,0.656775,0.980214,0.0003106
7,0.78125,0,0.805525,0.773215,0.765138,0.00572538
7,0.78125,0.03125,0.798861,0.770878,0.771858,0.00555313
7,0.78125,0.0625,0.792195,0.768542,0.77858,0.00538343
7,0.78125,0.09375,0.785526,0.766206,0.785303,0.00521606
7,0.78125,0.125,0.778855,0.763871,0.792027,0.00505114
7,0.78125,0.15625,0.772181,0.761538,0.798754,0.00488937
7,0.78125,0.1875,0.765505,0.759205,0.805482,0.00472933
7,0.78125,0.21875,0.758827,0.756873,0.812212,0.00457186
7,0.78125,0.25,0.752145,0.754541,0.818944,0.00441718
7,0.78125,0.28125,0.745461,0.752211,0.825677,0.0042659
7,0.78125,0.3125,0.738773,0.749882,0.832413,0.00411743
7,0.78125,0.34375,0.732082,0.747554,0.83915,0.00397235
7,0.78125,0.375,0.725389,0.745226,0.84589,0.0038293
7,0.78125,0.40625,0.718694,0.7429,0.852631,0.00368857
7,0.78125,0.4375,0.711995,0.740575,0.859375,0.00355232
7,0.78125,0.46875,0.705293,0.73825,0.86612,0.00341821
7,0.78125,0.5,0.698588,0.735927,0.872868,0.00328672
7,0.78125,0.53125,0.69188,0.733604,0.879617,0.00315899
7,0.78125,0.5625,0.685168,0.731283,0.886368,0.00303477
7,0.78125,0.59375,0.678454,0.728963,0.893122,0.00291276
7,0.78125,0.625,0.671738,0.726643,0.899878,0.00279367
7,0.78125,0.65625,0.665017,0.724325,0.906636,0.00267869
7,0.78125,0.6875,0.658293,0.722008,0.913396,0.00256646
7,0.78125,0.71875,0.651566,0.719692,0.920158,0.0024572
7,0.78125,0.75,0.644836,0.717377,0.926922,0.00235122
7,0.78125,0.78125,0.638103,0.715063,0.933688,0.00224805
7,0.78125,0.8125,0.631367,0.71275,0.940457,0.00214827
7,0.78125,0.84375,0.624628,0.710438,0.947227,0.00205117
7,0.78125,0.875,0.617886,0.708127,0.953999,0.00195736
7,0.78125,0.90625,0.611141,0.705818,0.960774,0.001867
7,0.78125,0.9375,0.604393,0.703509,0.96755,0.00177908
7,0.78125,0.96875,0.597641,0.701201,0.974328,0.0016945
7,0.78125,1,0.590887,0.698894,0.981108,0.00161266
7,0.8125,0,0.834666,0.805179,0.797809,0.00783414
7,0.8125,0.03125,0.828957,0.803175,0.803567,0.0076834
7,0.8125,0.0625,0.823247,0.801172,0.809325,0.00753379
7,0.8125,0.09375,0.817537,0.799168,0.815085,0.00738478
7,0.8125,0.125,0.811826,0.797165,0.820845,0.0072369
7,0.8125,0.15625,0.806113,0.795162,0.826606,0.00708961
7,0.8125,0.1875,0.800399,0.79316,0.832367,0.0069443
7,0.8125,0.21875,0.794685,0.791158,0.83813,0.00679982
7,0.8125,0.25,0.788969,0.789157,0.843893,0.00665647
7,0.8125,0.28125,0.78325,0.787156,0.849657,0.0065155
7,0.8125,0.3125,0.777532,0.785155,0.855422,0.00637412
7,0.8125,0.34375,0.771812,0.783155,0.861188,0.0062353
7,0.8125,0.375,0.76609,0.781155,0.866955,0.00609756
7,0.8125,0.40625,0.760367,0.779156,0.872723,0.00596136
7,0.8125,0.4375,0.754642,0.777157,0.878492,0.00582677
7,0.8125,0.46875,0.748915,0.775159,0.884261,0.00569391
7,0.8125,0.5,0.743188,0.773161,0.890032,0.00556177
7,0.8125,0.53125,0.737459,0.771164,0.895805,0.00543189
7,0.8125,0.5625,0.731727,0.769168,0.901578,0.00530398
7,0.8125,0.59375,0.725994,0.767172,0.907353,0.00517821
7,0.8125,0.625,0.720259,0.765177,0.913128,0.0050534
7,0.8125,0.65625,0.714522,0.763182,0.918905,0.00493097
7,0.8125,0.6875,0.708784,0.761188,0.924683,0.00480956
7,0.8125,0.71875,0.703044,0.759194,0.930462,0.00469035
7,0.8125,0.75,0.697301,0.757201,0.936243,0.0045737
7,0.8125,0.78125,0.691557,0.755209,0.942024,0.00445831
7,0.8125,0.8125,0.685812,0.753217,0.947807,0.00434428
7,0.8125,0.84375,0.680064,0.751226,0.953592,0.00423247
7,0.8125,0.875,0.674315,0.749235,0.959377,0.00412291
7,0.8125,0.90625,0.668562,0.747246,0.965164,0.00401634
7,0.8125,0.9375,0.662809,0.745257,0.970952,0.00390995
7,0.8125,0.96875,0.657053,0.743268,0.976742,0.00380594
7,0.8125,1,0.651296,0.74128,0.982533,0.00370443
7,0.84375,0,0.863847,0.837126,0.830447,0.00990289
7,0.84375,0.03125,0.859083,0.835458,0.83525,0.00978422
7,0.84375,0.0625,0.854319,0.833791,0.840053,0.00966507
7,0.84375,0.09375,0.849556,0.832123,0.844857,0.00954574
7,0.84375,0.125,0.844792,0.830456,0.84966,0.00942665
7,0.84375,0.15625,0.840028,0.828788,0.854463,0.00930768
7,0.84375,0.1875,0.835264,0.827121,0.859266,0.00918955
7,0.84375,0.21875,0.830499,0.825454,0.86407,0.00907153
7,0.84375,0.25,0.825735,0.823787,0.868874,0.00895274
7,0.84375,0.28125,0.82097,0.822119,0.873678,0.0088346
7,0.84375,0.3125,0.816205,0.820452,0.878482,0.00871718
7,0.84375,0.34375,0.811439,0.818785,0.883286,0.00859994
7,0.84375,0.375,0.806673,0.817118,0.888091,0.00848341
7,0.84375,0.40625,0.801906,0.815452,0.892896,0.00836778
7,0.84375,0.4375,0.797138,0.813786,0.897702,0.00825226
7,0.84375,0.46875,0.792371,0.812119,0.902508,0.00813699
7,0.84375,0.5,0.787602,0.810453,0.907314,0.0080229
7,0.84375,0.53125,0.782834,0.808787,0.912121,0.00790817
7,0.84375,0.5625,0.778064,0.807122,0.916928,0.00779581
7,0.84375,0.59375,0.773294,0.805456,0.921735,0.00768274
7,0.84375,0.625,0.768523,0.803791,0.926543,0.00757074
7,0.84375,0.65625,0.763751,0.802126,0.931352,0.00745982
7,0.84375,0.6875,0.758979,0.800461,0.936161,0.00734901
7,0.84375,0.71875,0.754206,0.798796,0.94097,0.0072397
7,0.84375,0.75,0.749432,0.797132,0.94578,0.00713086
7,0.84375,0.78125,0.744656,0.795468,0.950591,0.00702339
7,0.84375,0.8125,0.739881,0.793805,0.955402,0.00691617
7,0.84375,0.84375,0.735105,0.792141,0.960214,0.00680953
7,0.84375,0.875,0.730327,0.790478,0.965026,0.00670445
7,0.84375,0.90625,0.725548,0.788815,0.96984,0.00660014
7,0.84375,0.9375,0.720769,0.787153,0.974653,0.00649709
7,0.84375,0.96875,0.715988,0.785491,0.979467,0.00639439
7,0.84375,1,0.711207,0.783829,0.984282,0.006293
7,0.875,0,0.893216,0.869006,0.862955,0.0117836
7,0.875,0.03125,0.889393,0.867676,0.866805,0.0117003
7,0.875,0.0625,0.885571,0.866346,0.870656,0.0116167
7,0.875,0.09375,0.881748,0.865016,0.874507,0.011533
7,0.875,0.125,0.877927,0.863686,0.878357,0.0114482
7,0.875,0.15625,0.874105,0.862355,0.882206,0.0113637
7,0.875,0.1875,0.870284,0.861025,0.886056,0.0112789
7,0.875,0.21875,0.866462,0.859695,0.889906,0.0111942
7,0.875,0.25,0.862642,0.858364,0.893755,0.0111085
7,0.875,0.28125,0.85882,0.857034,0.897604,0.0110232
7,0.875,0.3125,0.855,0.855703,0.901453,0.0109377
7,0.875,0.34375,0.851179,0.854372,0.905302,0.0108519
7,0.875,0.375,0.847359,0.853042,0.909151,0.0107661
7,0.875,0.40625,0.843539,0.85171,0.913,0.0106794
7,0.875,0.4375,0.83972,0.850379,0.916849,0.0105929
7,0.875,0.46875,0.835899,0.849049,0.920698,0.0105071
7,0.875,0.5,0.832079,0.847718,0.924546,0.0104205
7,0.875,0.53125,0.828259,0.846387,0.928395,0.0103343
7,0.875,0.5625,0.824439,0.845056,0.932244,0.0102484
7,0.875,0.59375,0.82062,0.843725,0.936093,0.0101616
7,0.875,0.625,0.8168,0.842394,0.939942,0.0100752
7,0.875,0.65625,0.81298,0.841063,0.943791,0.0099889
7,0.875,0.6875,0.809159,0.839733,0.94764,0.00990301
7,0.875,0.71875,0.805339,0.838402,0.951489,0.00981754
7,0.875,0.75,0.801518,0.837071,0.955337,0.00973147
7,0.875,0.78125,0.797698,0.83574,0.959187,0.00964546
7,0.875,0.8125,0.793877,0.83441,0.963036,0.00955999
7,0.875,0.84375,0.790057,0.833079,0.966885,0.00947469
7,0.875,0.875,0.786236,0.831748,0.970735,0.0093891
7,0.875,0.90625,0.782414,0.830418,0.974584,0.00930452
7,0.875,0.9375,0.778592,0.829087,0.978434,0.00922
7,0.875,0.96875,0.774771,0.827757,0.982284,0.00913554
7,0.875,1,0.770949,0.826427,0.986134,0.00905114
7,0.90625,0,0.922919,0.900771,0.895236,0.0133306
7,0.90625,0.03125,0.920038,0.899779,0.898134,0.0132824
7,0.90625,0.0625,0.917157,0.898786,0.901031,0.0132341
7,0.90625,0.09375,0.914276,0.897793,0.903929,0.0131846
7,0.90625,0.125,0.911396,0.8968,0.906825,0.0131354
7,0.90625,0.15625,0.908516,0.895807,0.909722,0.0130855
7,0.90625,0.1875,0.905636,0.894814,0.912618,0.0130354
7,0.90625,0.21875,0.902758,0.893821,0.915514,0.0129845
7,0.90625,0.25,0.899879,0.892827,0.91841,0.0129334
7,0.90625,0.28125,0.897,0.891834,0.921306,0.0128825
7,0.90625,0.3125,0.894123,0.89084,0.924201,0.0128303
7,0.90625,0.34375,0.891245,0.889846,0.927096,0.0127786
7,0.90625,0.375,0.888368,0.888852,0.929991,0.0127262
7,0.90625,0.40625,0.885491,0.887859,0.932886,0.0126734
7,0.90625,0.4375,0.882614,0.886864,0.93578,0.0126207
7,0.90625,0.46875,0.879737,0.88587,0.938675,0.0125674
7,0.90625,0.5,0.876861,0.884876,0.941569,0.0125141
7,0.90625,0.53125,0.873986,0.883881,0.944463,0.0124595
7,0.90625,0.5625,0.87111,0.882887,0.947357,0.012406
7,0.90625,0.59375,0.868234,0.881892,0.95025,0.0123516
7,0.90625,0.625,0.865359,0.880898,0.953144,0.0122971
7,0.90625,0.65625,0.862485,0.879903,0.956037,0.012242
7,0.90625,0.6875,0.85961,0.878908,0.95893,0.0121871
7,0.90625,0.71875,0.856735,0.877913,0.961823,0.0121318
7,0.90625,0.75,0.853861,0.876918,0.964716,0.0120765
7,0.90625,0.78125,0.850987,0.875923,0.967609,0.0120208
7,0.90625,0.8125,0.848113,0.874928,0.970501,0.011965
7,0.90625,0.84375,0.845239,0.873933,0.973394,0.0119091
7,0.90625,0.875,0.842366,0.872937,0.976287,0.0118526
7,0.90625,0.90625,0.839492,0.871942,0.979179,0.011797
7,0.90625,0.9375,0.836619,0.870947,0.982071,0.0117403
7,0.90625,0.96875,0.833746,0.869952,0.984963,0.0116835
7,0.90625,1,0.830874,0.868956,0.987856,0.0116263
7,0.9375,0,0.953095,0.932378,0.927201,0.014405
7,0.9375,0.03125,0.951161,0.931721,0.929141,0.0143858
7,0.9375,0.0625,0.949228,0.931063,0.931081,0.0143659
7,0.9375,0.09375,0.947294,0.930405,0.933021,0.0143467
7,0.9375,0.125,0.945362,0.929748,0.934961,0.0143258
7,0.9375,0.15625,0.943429,0.92909,0.9369,0.0143055
7,0.9375,0.1875,0.941496,0.928432,0.93884,0.0142848
7,0.9375,0.21875,0.939564,0.927774,0.940779,0.0142637
7,0.9375,0.25,0.937633,0.927116,0.942718,0.0142423
7,0.9375,0.28125,0.935701,0.926458,0.944657,0.0142207
7,0.9375,0.3125,0.93377,0.9258,0.946595,0.0141992
7,0.9375,0.34375,0.931839,0.925141,0.948534,0.0141767
7,0.9375,0.375,0.929908,0.924483,0.950472,0.0141546
7,0.9375,0.40625,0.927978,0.923824,0.952411,0.0141316
7,0.9375,0.4375,0.926048,0.923166,0.954348,0.0141087
7,0.9375,0.46875,0.924118,0.922507,0.956286,0.0140855
7,0.9375,0.5,0.922188,0.921848,0.958224,0.0140617
7,0.9375,0.53125,0.920258,0.92119,0.960161,0.0140386
7,0.9375,0.5625,0.918329,0.920531,0.962099,0.0140147
7,0.9375,0.59375,0.9164,0.919872,0.964036,0.0139904
7,0.9375,0.625,0.914471,0.919213,0.965973,0.0139664
7,0.9375,0.65625,0.912543,0.918554,0.96791,0.0139416
7,0.9375,0.6875,0.910614,0.917894,0.969847,0.013917
7,0.9375,0.71875,0.908686,0.917235,0.971783,0.0138922
7,0.9375,0.75,0.906759,0.916576,0.97372,0.0138663
7,0.9375,0.78125,0.904831,0.915916,0.975656,0.0138413
7,0.9375,0.8125,0.902904,0.915257,0.977592,0.0138147
7,0.9375,0.84375,0.900977,0.914597,0.979528,0.0137889
7,0.9375,0.875,0.899049,0.913938,0.981464,0.0137634
7,0.9375,0.90625,0.897122,0.913278,0.983399,0.0137369
7,0.9375,0.9375,0.895196,0.912618,0.985335,0.0137102
7,0.9375,0.96875,0.893269,0.911958,0.987271,0.0136837
7,0.9375,1,0.891343,0.911298,0.989206,0.0136574
7,0.96875,0,0.983877,0.963782,0.95876,0.0148728
7,0.96875,0.03125,0.982903,0.963455,0.959735,0.0148708
7,0.96875,0.0625,0.981927,0.963129,0.96071,0.0148695
7,0.96875,0.09375,0.980953,0.962803,0.961686,0.0148671
7,0.96875,0.125,0.979978,0.962477,0.962661,0.0148655
7,0.96875,0.15625,0.979003,0.962151,0.963636,0.0148637
7,0.96875,0.1875,0.978028,0.961825,0.964612,0.0148622
7,0.96875,0.21875,0.977054,0.961499,0.965587,0.0148596
7,0.96875,0.25,0.97608,0.961173,0.966562,0.0148571
7,0.96875,0.28125,0.975106,0.960846,0.967537,0.0148545
7,0.96875,0.3125,0.974133,0.96052,0.968512,0.0148515
7,0.96875,0.34375,0.973159,0.960193,0.969487,0.0148491
7,0.96875,0.375,0.972185,0.959867,0.970461,0.0148466
7,0.96875,0.40625,0.971211,0.959541,0.971436,0.0148436
7,0.96875,0.4375,0.970237,0.959214,0.972411,0.0148407
7,0.96875,0.46875,0.969264,0.958888,0.973385,0.0148377
7,0.96875,0.5,0.968291,0.958561,0.97436,0.0148343
7,0.96875,0.53125,0.967318,0.958235,0.975334,0.0148309
7,0.96875,0.5625,0.966344,0.957908,0.976309,0.0148278
7,0.96875,0.59375,0.965371,0.957581,0.977283,0.0148242
7,0.96875,0.625,0.964397,0.957255,0.978257,0.0148212
7,0.96875,0.65625,0.963425,0.956928,0.979232,0.0148171
7,0.96875,0.6875,0.962452,0.956601,0.980206,0.0148134
7,0.96875,0.71875,0.961479,0.956275,0.98118,0.0148099
7,0.96875,0.75,0.960507,0.955948,0.982154,0.0148056
7,0.96875,0.78125,0.959534,0.955621,0.983128,0.0148019
7,0.96875,0.8125,0.958562,0.955294,0.984102,0.0147976
7,0.96875,0.84375,0.957589,0.954967,0.985076,0.0147938
7,0.96875,0.875,0.956617,0.95464,0.98605,0.0147892
7,0.96875,0.90625,0.955644,0.954314,0.987023,0.0147852
7,0.96875,0.9375,0.954672,0.953987,0.987997,0.0147808
7,0.96875,0.96875,0.9537,0.95366,0.988971,0.0147762
7,0.96875,1,0.952729,0.953333,0.989944,0.0147714
7,1,0,1,0.995004,0.990011,0.0100109
7,1,0.03125,1,0.995004,0.990011,0.0100109
7,1,0.0625,1,0.995004,0.990011,0.0100109
7,1,0.09375,1,0.995004,0.990011,0.0100109
7,1,0.125,1,0.995004,0.990011,0.0100109
7,1,0.15625,1,0.995004,0.990011,0.0100109
7,1,0.1875,1,0.995004,0.990011,0.0100109
7,1,0.21875,1,0.995004,0.990011,0.0100109
7,1,0.25,1,0.995004,0.990011,0.0100109
7,1,0.28125,1,0.995004,0.990011,0.0100109
7,1,0.3125,1,0.995004,0.990011,0.0100109
7,1,0.34375,1,0.995004,0.990011,0.0100109
7,1,0.375,1,0.995004,0.990011,0.0100109
7,1,0.40625,1,0.995004,0.990011,0.0100109
7,1,0.4375,1,0.995004,0.990011,0.0100109
7,1,0.46875,1,0.995004,0.990011,0.0100109
7,1,0.5,1,0.995004,0.990011,0.0100109
7,1,0.53125,1,0.995004,0.990011,0.0100109
7,1,0.5625,1,0.995004,0.990011,0.0100109
7,1,0.59375,1,0.995004,0.990011,0.0100109
7,1,0.625,1,0.995004,0.990011,0.0100109
7,1,0.65625,1,0.995004,0.990011,0.0100109
7,1,0.6875,1,0.995004,0.990011,0.0100109
7,1,0.71875,1,0.995004,0.990011,0.0100109
7,1,0.75,1,0.995004,0.990011,0.0100109
7,1,0.78125,1,0.995004,0.990011,0.0100109
7,1,0.8125,1,0.995004,0.990011,0.0100109
7,1,0.84375,1,0.995004,0.990011,0.0100109
7,1,0.875,1,0.995004,0.990011,0.0100109
7,1,0.90625,1,0.995004,0.990011,0.0100109
7,1,0.9375,1,0.995004,0.990011,0.0100109
7,1,0.96875,1,0.995004,0.990011,0.0100109
7,1,1,1,0.995004,0.990011,0.0100109
8,0,0,0.017594,5.1703e-09,7.52043e-10,0.012406
8,0,0.03125,0.017594,5.1703e-09,7.52043e-10,0.012406
8,0,0.0625,0.017594,5.1703e-09,7.52043e-10,0.012406
8,0,0.09375,0.017594,5.1703e-09,7.52043e-10,0.012406
8,0,0.125,0.017594,5.1703e-09,7.52043e-10,0.012406
8,0,0.15625,0.017594,5.1703e-09,7.52043e-10,0.012406
8,0,0.1875,0.017594,5.1703e-09,7.52043e-10,0.012406
8,0,0.21875,0.017594,5.1703e-09,7.52043e-10,0.012406
8,0,0.25,0.017594,5.1703e-09,7.52043e-10,0.012406
8,0,0.28125,0.017594,5.1703e-09,7.52043e-10,0.012406
8,0,0.3125,0.017594,5.1703e-09,7.52043e-10,0.012406
8,0,0.34375,0.017594,5.1703e-09,7.52043e-10,0.012406
8,0,0.375,0.017594,5.1703e-09,7.52043e-10,0.012406
8,0,0.40625,0.017594,5.1703e-09,7.52043e-10,0.012406
8,0,0.4375,0.017594,5.1703e-09,7.52043e-10,0.012406
8,0,0.46875,0.017594,5.1703e-09,7.52043e-10,0.012406
8,0,0.5,0.017594,5.1703e-09,7.52043e-10,0.012406
8,0,0.53125,0.017594,5.1703e-09,7.52043e-10,0.012406
8,0,0.5625,0.017594,5.1703e-09,7.52043e-10,0.012406
8,0,0.59375,0.017594,5.1703e-09,7.52043e-10,0.012406
8,0,0.625,0.017594,5.1703e-09,7.52043e-10,0.012406
8,0,0.65625,0.017594,5.1703e-09,7.52043e-10,0.012406
8,0,0.6875,0.017594,5.1703e-09,7.52043e-10,0.012406
8,0,0.71875,0.017594,5.1703e-09,7.52043e-10,0.012406
8,0,0.75,0.017594,5.1703e-09,7.52043e-10,0.012406
8,0,0.78125,0.017594,5.1703e-09,7.52043e-10,0.012406
8,0,0.8125,0.017594,5.1703e-09,7.52043e-10,0.012406
8,0,0.84375,0.017594,5.1703e-09,7.52043e-10,0.012406
8,0,0.875,0.017594,5.1703e-09,7.52043e-10,0.012406
8,0,0.90625,0.017594,5.1703e-09,7.52043e-10,0.012406
8,0,0.9375,0.017594,5.1703e-09,7.52043e-10,0.012406
8,0,0.96875,0.017594,5.1703e-09,7.52043e-10,0.012406
8,0,1,0.017594,5.1703e-09,7.52043e-10,0.012406
8,0.03125,0,0.06125,0.02125,0.01125,2.23517e-08
8,0.03125,0.03125,0.0602735,0.0209244,0.0122266,4.65661e-08
8,0.03125,0.0625,0.0592968,0.020599,0.0132031,4.47035e-08
8,0.03125,0.09375,0.0583202,0.0202734,0.0141797,7.45058e-08
8,0.03125,0.125,0.0573438,0.0199479,0.0151562,3.53903e-08
8,0.03125,0.15625,0.0563672,0.0196224,0.0161328,2.98023e-08
8,0.03125,0.1875,0.0553906,0.0192969,0.0171094,2.23517e-08
8,0.03125,0.21875,0.054414,0.0189714,0.0180859,5.96046e-08
8,0.03125,0.25,0.0534375,0.0186458,0.0190625,4.09782e-08
8,0.03125,0.28125,0.0524609,0.0183203,0.0200391,1.86265e-08
8,0.03125,0.3125,0.0514844,0.0179948,0.0210156,2.98023e-08
8,0.03125,0.34375,0.0505078,0.0176693,0.0219922,5.96046e-08
8,0.03125,0.375,0.0495312,0.0173437,0.0229688,2.23517e-08
8,0.03125,0.40625,0.0485547,0.0170182,0.0239453,2.98023e-08
8,0.03125,0.4375,0.0475781,0.0166927,0.0249219,1.11759e-08
8,0.03125,0.46875,0.0466015,0.0163672,0.0258984,1.49012e-08
8,0.03125,0.5,0.045625,0.0160416,0.026875,2.23517e-08
8,0.03125,0.53125,0.0446484,0.0157162,0.0278515,5.96046e-08
8,0.03125,0.5625,0.0436718,0.0153906,0.0288281,2.98023e-08
8,0.03125,0.59375,0.0426953,0.0150651,0.0298047,2.98023e-08
8,0.03125,0.625,0.0417187,0.0147396,0.0307813,2.98023e-08
8,0.03125,0.65625,0.0407422,0.0144141,0.0317578,1.86265e-08
8,0.03125,0.6875,0.0397656,0.0140886,0.0327343,5.21541e-08
8,0.03125,0.71875,0.0387891,0.013763,0.0337109,1.86265e-08
8,0.03125,0.75,0.0378126,0.0134375,0.0346875,6.33299e-08
8,0.03125,0.78125,0.0368359,0.013112,0.035664,2.98023e-08
8,0.03125,0.8125,0.0358594,0.0127865,0.0366406,1.21072e-08
8,0.03125,0.84375,0.0348828,0.012461,0.0376172,5.58794e-08
8,0.03125,0.875,0.0339062,0.0121354,0.0385938,2.6077e-08
8,0.03125,0.90625,0.0329297,0.0118099,0.0395703,2.32831e-08
8,0.03125,0.9375,0.0319531,0.0114844,0.0405468,2.6077e-08
8,0.03125,0.96875,0.0309766,0.0111588,0.0415234,3.35276e-08
8,0.03125,1,0.03,0.0108333,0.0425,2.04891e-08
8,0.0625,0,0.0925,0.0524999,0.0425,5.21541e-08
8,0.0625,0.03125,0.0905469,0.0518489,0.0444531,8.19564e-08
8,0.0625,0.0625,0.0885938,0.0511979,0.0464062,7.07805e-08
8,0.0625,0.09375,0.0866405,0.0505469,0.0483593,1.2666e-07
8,0.0625,0.125,0.0846875,0.0498958,0.0503125,4.47035e-08
8,0.0625,0.15625,0.0827344,0.0492447,0.0522656,5.21541e-08
8,0.0625,0.1875,0.0807812,0.0485937,0.0542187,4.09782e-08
8,0.0625,0.21875,0.0788281,0.0479427,0.0561718,5.58794e-08
8,0.0625,0.25,0.076875,0.0472917,0.058125,3.35276e-08
8,0.0625,0.28125,0.0749218,0.0466406,0.0600781,8.19564e-08
8,0.0625,0.3125,0.0729688,0.0459896,0.0620312,4.09782e-08
8,0.0625,0.34375,0.0710157,0.0453385,0.0639844,7.45058e-08
8,0.0625,0.375,0.0690626,0.0446874,0.0659374,8.9407e-08
8,0.0625,0.40625,0.0671094,0.0440364,0.0678906,4.47035e-08
8,0.0625,0.4375,0.0651563,0.0433854,0.0698437,8.9407e-08
8,0.0625,0.46875,0.0632031,0.0427344,0.0717969,2.98023e-08
8,0.0625,0.5,0.06125,0.0420833,0.07375,3.72529e-08
8,0.0625,0.53125,0.0592969,0.0414323,0.0757031,2.23517e-08
8,0.0625,0.5625,0.0573437,0.0407813,0.0776562,8.19564e-08
8,0.0625,0.59375,0.0553907,0.0401302,0.0796093,8.9407e-08
8,0.0625,0.625,0.0534375,0.0394791,0.0815625,3.72529e-08
8,0.0625,0.65625,0.0514843,0.0388281,0.0835155,1.11759e-07
8,0.0625,0.6875,0.0495311,0.0381771,0.0854687,1.04308e-07
8,0.0625,0.71875,0.047578,0.0375261,0.0874218,1.11759e-07
8,0.0625,0.75,0.045625,0.036875,0.089375,4.84288e-08
8,0.0625,0.78125,0.0436719,0.0362239,0.0913281,5.21541e-08
8,0.0625,0.8125,0.0417187,0.0355729,0.0932812,5.21541e-08
8,0.0625,0.84375,0.0397656,0.0349219,0.0952344,2.23517e-08
8,0.0625,0.875,0.0378125,0.0342708,0.0971875,3.72529e-08
8,0.0625,0.90625,0.0358594,0.0336198,0.0991405,8.19564e-08
8,0.0625,0.9375,0.0339063,0.0329687,0.101094,5.21541e-08
8,0.0625,0.96875,0.031953,0.0323177,0.103047,1.11759e-07
8,0.0625,1,0.03,0.0316666,0.105,4.84288e-08
8,0.09375,0,0.12375,0.0837499,0.07375,8.9407e-08
8,0.09375,0.03125,0.12082,0.0827734,0.0766796,5.21541e-08
8,0.09375,0.0625,0.11789,0.0817969,0.0796093,1.41561e-07
8,0.09375,0.09375,0.114961,0.0808203,0.082539,1.11759e-07
8,0.09375,0.125,0.112031,0.0798437,0.0854687,5.21541e-08
8,0.09375,0.15625,0.109101,0.0788672,0.0883984,8.19564e-08
8,0.09375,0.1875,0.106172,0.0778906,0.0913281,4.47035e-08
8,0.09375,0.21875,0.103242,0.076914,0.0942578,8.9407e-08
8,0.09375,0.25,0.100313,0.0759375,0.0971875,5.21541e-08
8,0.09375,0.28125,0.0973827,0.074961,0.100117,1.56462e-07
8,0.09375,0.3125,0.0944531,0.0739844,0.103047,9.68575e-08
8,0.09375,0.34375,0.0915234,0.0730078,0.105976,6.70552e-08
8,0.09375,0.375,0.0885937,0.0720313,0.108906,8.19564e-08
8,0.09375,0.40625,0.0856642,0.0710546,0.111836,1.56462e-07
8,0.09375,0.4375,0.0827344,0.0700781,0.114766,7.45058e-08
8,0.09375,0.46875,0.0798047,0.0691016,0.117695,5.21541e-08
8,0.09375,0.5,0.076875,0.068125,0.120625,5.21541e-08
8,0.09375,0.53125,0.0739452,0.0671485,0.123555,8.19564e-08
8,0.09375,0.5625,0.0710156,0.0661718,0.126484,7.45058e-08
8,0.09375,0.59375,0.0680859,0.0651953,0.129414,4.47035e-08
8,0.09375,0.625,0.0651563,0.0642187,0.132344,1.04308e-07
8,0.09375,0.65625,0.0622265,0.0632422,0.135273,7.45058e-08
8,0.09375,0.6875,0.0592969,0.0622656,0.138203,5.21541e-08
8,0.09375,0.71875,0.0563671,0.0612891,0.141133,9.68575e-08
8,0.09375,0.75,0.0534375,0.0603125,0.144062,7.45058e-08
8,0.09375,0.78125,0.0505079,0.0593359,0.146992,5.21541e-08
8,0.09375,0.8125,0.0475781,0.0583594,0.149922,3.72529e-08
8,0.09375,0.84375,0.0446483,0.0573828,0.152852,9.68575e-08
8,0.09375,0.875,0.0417188,0.0564062,0.155781,6.70552e-08
8,0.09375,0.90625,0.0387892,0.0554296,0.158711,1.2666e-07
8,0.09375,0.9375,0.0358593,0.0544531,0.161641,3.72529e-08
8,0.09375,0.96875,0.0329297,0.0534765,0.16457,7.45058e-08
8,0.09375,1,0.0300001,0.0524999,0.1675,8.75443e-08
8,0.125,0,0.155,0.115,0.105,1.49012e-08
8,0.125,0.03125,0.151094,0.113698,0.108906,6.70552e-08
8,0.125,0.0625,0.147187,0.112396,0.112812,1.56462e-07
8,0.125,0.09375,0.143281,0.111094,0.116719,8.9407e-08
8,0.125,0.125,0.139375,0.109792,0.120625,1.11759e-07
8,0.125,0.15625,0.135469,0.10849,0.124531,8.19564e-08
8,0.125,0.1875,0.131562,0.107187,0.128437,1.04308e-07
8,0.125,0.21875,0.127656,0.105885,0.132344,6.70552e-08
8,0.125,0.25,0.12375,0.104583,0.13625,7.45058e-08
8,0.125,0.28125,0.119844,0.103281,0.140156,8.9407e-08
8,0.125,0.3125,0.115938,0.101979,0.144062,1.2666e-07
8,0.125,0.34375,0.112031,0.100677,0.147969,6.70552e-08
8,0.125,0.375,0.108125,0.099375,0.151875,7.45058e-08
8,0.125,0.40625,0.104219,0.0980729,0.155781,4.47035e-08
8,0.125,0.4375,0.100313,0.0967708,0.159687,8.19564e-08
8,0.125,0.46875,0.0964063,0.0954687,0.163594,8.9407e-08
8,0.125,0.5,0.0925,0.0941667,0.1675,1.3411e-07
8,0.125,0.53125,0.0885938,0.0928645,0.171406,1.04308e-07
8,0.125,0.5625,0.0846876,0.0915625,0.175312,5.21541e-08
8,0.125,0.59375,0.0807812,0.0902604,0.179219,7.45058e-08
8,0.125,0.625,0.0768749,0.0889583,0.183125,1.11759e-07
8,0.125,0.65625,0.0729687,0.0876562,0.187031,4.47035e-08
8,0.125,0.6875,0.0690625,0.0863541,0.190937,5.96046e-08
8,0.125,0.71875,0.0651564,0.085052,0.194844,1.04308e-07
8,0.125,0.75,0.06125,0.08375,0.19875,4.47035e-08
8,0.125,0.78125,0.0573436,0.0824479,0.202656,1.56462e-07
8,0.125,0.8125,0.0534376,0.0811458,0.206562,1.04308e-07
8,0.125,0.84375,0.0495312,0.0798437,0.210469,1.04308e-07
8,0.125,0.875,0.045625,0.0785416,0.214375,7.45058e-08
8,0.125,0.90625,0.041719,0.0772395,0.218281,2.5332e-07
8,0.125,0.9375,0.0378124,0.0759376,0.222187,1.04308e-07
8,0.125,0.96875,0.0339063,0.0746354,0.226094,7.45058e-08
8,0.125,1,0.03,0.0733334,0.23,7.45058e-08
8,0.15625,0,0.18625,0.14625,0.13625,8.9407e-08
8,0.15625,0.03125,0.181367,0.144622,0.141133,8.9407e-08
8,0.15625,0.0625,0.176484,0.142995,0.146015,1.3411e-07
8,0.15625,0.09375,0.171602,0.141367,0.150898,1.04308e-07
8,0.15625,0.125,0.166719,0.13974,0.155781,2.08616e-07
8,0.15625,0.15625,0.161836,0.138112,0.160664,5.96046e-08
8,0.15625,0.1875,0.156953,0.136484,0.165547,5.96046e-08
8,0.15625,0.21875,0.15207,0.134857,0.17043,1.3411e-07
8,0.15625,0.25,0.147187,0.133229,0.175312,2.98023e-07
8,0.15625,0.28125,0.142305,0.131601,0.180195,1.3411e-07
8,0.15625,0.3125,0.137422,0.129974,0.185078,5.96046e-08
8,0.15625,0.34375,0.132539,0.128346,0.189961,8.9407e-08
8,0.15625,0.375,0.127656,0.126719,0.194844,1.78814e-07
8,0.15625,0.40625,0.122773,0.125091,0.199726,1.04308e-07
8,0.15625,0.4375,0.117891,0.123463,0.204609,5.96046e-08
8,0.15625,0.46875,0.113008,0.121836,0.209492,1.41561e-07
8,0.15625,0.5,0.108125,0.120208,0.214375,1.63913e-07
8,0.15625,0.53125,0.103242,0.118581,0.219258,1.56462e-07
8,0.15625,0.5625,0.0983593,0.116953,0.22414,1.3411e-07
8,0.15625,0.59375,0.0934764,0.115326,0.229023,1.56462e-07
8,0.15625,0.625,0.0885939,0.113698,0.233906,1.71363e-07
8,0.15625,0.65625,0.0837109,0.11207,0.238789,8.19564e-08
8,0.15625,0.6875,0.0788282,0.110443,0.243672,1.11759e-07
8,0.15625,0.71875,0.0739453,0.108815,0.248555,4.47035e-08
8,0.15625,0.75,0.0690625,0.107187,0.253437,7.45058e-08
8,0.15625,0.78125,0.0641796,0.10556,0.25832,8.9407e-08
8,0.15625,0.8125,0.0592969,0.103932,0.263203,2.98023e-08
8,0.15625,0.84375,0.0544143,0.102305,0.268086,2.6077e-07
8,0.15625,0.875,0.0495312,0.100677,0.272969,5.96046e-08
8,0.15625,0.90625,0.0446482,0.0990495,0.277851,2.08616e-07
8,0.15625,0.9375,0.0397657,0.0974218,0.282734,7.45058e-08
8,0.15625,0.96875,0.0348826,0.0957944,0.287617,2.08616e-07
8,0.15625,1,0.0300001,0.0941666,0.2925,6.70552e-08
8,0.1875,0,0.2175,0.1775,0.1675,1.19209e-07
8,0.1875,0.03125,0.211641,0.175547,0.173359,1.04308e-07
8,0.1875,0.0625,0.205781,0.173594,0.179219,1.04308e-07
8,0.1875,0.09375,0.199922,0.171641,0.185078,1.19209e-07
8,0.1875,0.125,0.194062,0.169687,0.190937,7.45058e-08
8,0.1875,0.15625,0.188203,0.167734,0.196797,7.45058e-08
8,0.1875,0.1875,0.182344,0.165781,0.202656,1.3411e-07
8,0.1875,0.21875,0.176484,0.163828,0.208516,8.9407e-08
8,0.1875,0.25,0.170625,0.161875,0.214375,1.3411e-07
8,0.1875,0.28125,0.164766,0.159922,0.220234,1.78814e-07
8,0.1875,0.3125,0.158906,0.157969,0.226094,1.3411e-07
8,0.1875,0.34375,0.153047,0.156016,0.231953,7.45058e-08
8,0.1875,0.375,0.147187,0.154063,0.237812,2.68221e-07
8,0.1875,0.40625,0.141328,0.152109,0.243672,1.19209e-07
8,0.1875,0.4375,0.135469,0.150156,0.249531,1.3411e-07
8,0.1875,0.46875,0.129609,0.148203,0.25539,1.49012e-07
8,0.1875,0.5,0.12375,0.14625,0.26125,2.01166e-07
8,0.1875,0.53125,0.117891,0.144297,0.267109,5.96046e-08
8,0.1875,0.5625,0.112031,0.142344,0.272969,9.68575e-08
8,0.1875,0.59375,0.106172,0.140391,0.278828,1.2666e-07
8,0.1875,0.625,0.100313,0.138437,0.284687,2.01166e-07
8,0.1875,0.65625,0.0944531,0.136484,0.290547,5.96046e-08
8,0.1875,0.6875,0.0885941,0.134531,0.296406,3.20375e-07
8,0.1875,0.71875,0.0827345,0.132578,0.302266,9.68575e-08
8,0.1875,0.75,0.0768751,0.130625,0.308125,1.11759e-07
8,0.1875,0.78125,0.071016,0.128672,0.313984,4.09782e-07
8,0.1875,0.8125,0.0651562,0.126719,0.319844,8.9407e-08
8,0.1875,0.84375,0.0592969,0.124766,0.325703,1.19209e-07
8,0.1875,0.875,0.0534372,0.122813,0.331562,2.98023e-07
8,0.1875,0.90625,0.0475781,0.120859,0.337422,1.49012e-07
8,0.1875,0.9375,0.0417182,0.118906,0.343281,5.51343e-07
8,0.1875,0.96875,0.0358593,0.116953,0.349141,5.96046e-08
8,0.1875,1,0.0299994,0.115,0.355,6.31437e-07
8,0.21875,0,0.24875,0.20875,0.19875,1.78814e-07
8,0.21875,0.03125,0.241914,0.206471,0.205586,1.3411e-07
8,0.21875,0.0625,0.235078,0.204193,0.212422,5.96046e-08
8,0.21875,0.09375,0.228242,0.201914,0.219258,1.78814e-07
8,0.21875,0.125,0.221406,0.199635,0.226094,2.98023e-08
8,0.21875,0.15625,0.21457,0.197357,0.23293,2.08616e-07
8,0.21875,0.1875,0.207735,0.195078,0.239766,2.38419e-07
8,0.21875,0.21875,0.200899,0.192799,0.246601,2.98023e-07
8,0.21875,0.25,0.194063,0.190521,0.253437,4.17233e-07
8,0.21875,0.28125,0.187227,0.188242,0.260273,5.96046e-08
8,0.21875,0.3125,0.180391,0.185963,0.267109,1.78814e-07
8,0.21875,0.34375,0.173555,0.183685,0.273945,1.49012e-07
8,0.21875,0.375,0.166719,0.181406,0.280781,1.19209e-07
8,0.21875,0.40625,0.159883,0.179128,0.287617,1.49012e-07
8,0.21875,0.4375,0.153047,0.176849,0.294453,5.96046e-08
8,0.21875,0.46875,0.146211,0.17457,0.301289,3.57628e-07
8,0.21875,0.5,0.139375,0.172292,0.308125,7.45058e-08
8,0.21875,0.53125,0.132539,0.170013,0.314961,4.47035e-08
8,0.21875,0.5625,0.125703,0.167734,0.321797,1.78814e-07
8,0.21875,0.59375,0.118867,0.165456,0.328633,1.04308e-07
8,0.21875,0.625,0.112031,0.163177,0.335469,4.47035e-08
8,0.21875,0.65625,0.105196,0.160898,0.342305,4.24683e-07
8,0.21875,0.6875,0.0983593,0.15862,0.349141,1.11759e-07
8,0.21875,0.71875,0.0915233,0.156341,0.355976,1.71363e-07
8,0.21875,0.75,0.0846876,0.154062,0.362812,7.45058e-08
8,0.21875,0.78125,0.0778518,0.151784,0.369648,2.75671e-07
8,0.21875,0.8125,0.0710159,0.149505,0.376484,2.45869e-07
8,0.21875,0.84375,0.0641801,0.147226,0.38332,4.17233e-07
8,0.21875,0.875,0.0573439,0.144948,0.390156,1.63913e-07
8,0.21875,0.90625,0.0505076,0.142669,0.396992,2.30968e-07
8,0.21875,0.9375,0.0436721,0.140391,0.403828,2.16067e-07
8,0.21875,0.96875,0.0368355,0.138112,0.410664,4.65661e-07
8,0.21875,1,0.0300001,0.135833,0.4175,6.70552e-08
8,0.25,0,0.28,0.24,0.23,7.45058e-08
8,0.25,0.03125,0.272187,0.237396,0.237812,1.19209e-07
8,0.25,0.0625,0.264375,0.234792,0.245625,8.9407e-08
8,0.25,0.09375,0.256562,0.232187,0.253437,1.78814e-07
8,0.25,0.125,0.24875,0.229583,0.26125,1.49012e-07
8,0.25,0.15625,0.240937,0.226979,0.269062,1.19209e-07
8,0.25,0.1875,0.233125,0.224375,0.276875,1.19209e-07
8,0.25,0.21875,0.225312,0.221771,0.284687,1.19209e-07
8,0.25,0.25,0.2175,0.219167,0.2925,2.68221e-07
8,0.25,0.28125,0.209688,0.216562,0.300313,8.9407e-08
8,0.25,0.3125,0.201875,0.213958,0.308125,2.98023e-08
8,0.25,0.34375,0.194063,0.211354,0.315937,1.49012e-07
8,0.25,0.375,0.18625,0.20875,0.32375,1.04308e-07
8,0.25,0.40625,0.178437,0.206146,0.331562,1.49012e-07
8,0.25,0.4375,0.170625,0.203542,0.339375,2.68221e-07
8,0.25,0.46875,0.162812,0.200937,0.347187,2.08616e-07
8,0.25,0.5,0.155,0.198333,0.355,1.19209e-07
8,0.25,0.53125,0.147188,0.195729,0.362812,7.45058e-08
8,0.25,0.5625,0.139375,0.193125,0.370625,8.9407e-08
8,0.25,0.59375,0.131562,0.190521,0.378437,2.68221e-07
8,0.25,0.625,0.12375,0.187917,0.38625,5.21541e-08
8,0.25,0.65625,0.115937,0.185313,0.394062,6.70552e-08
8,0.25,0.6875,0.108125,0.182708,0.401875,1.49012e-07
8,0.25,0.71875,0.100312,0.180104,0.409687,2.6077e-07
8,0.25,0.75,0.0924999,0.1775,0.4175,8.19564e-08
8,0.25,0.78125,0.0846876,0.174896,0.425312,8.9407e-08
8,0.25,0.8125,0.0768749,0.172292,0.433125,9.68575e-08
8,0.25,0.84375,0.0690625,0.169687,0.440937,8.9407e-08
8,0.25,0.875,0.0612496,0.167083,0.44875,3.72529e-07
8,0.25,0.90625,0.0534369,0.164479,0.456562,6.10948e-07
8,0.25,0.9375,0.0456249,0.161875,0.464375,1.3411e-07
8,0.25,0.96875,0.0378122,0.159271,0.472187,2.6077e-07
8,0.25,1,0.0300005,0.156667,0.48,4.5076e-07
8,0.28125,0,0.31125,0.27125,0.26125,1.78814e-07
8,0.28125,0.03125,0.302461,0.26832,0.270039,8.9407e-08
8,0.28125,0.0625,0.293672,0.265391,0.278828,1.49012e-07
8,0.28125,0.09375,0.284883,0.262461,0.287617,1.19209e-07
8,0.28125,0.125,0.276094,0.259531,0.296406,8.9407e-08
8,0.28125,0.15625,0.267305,0.256602,0.305195,5.96046e-08
8,0.28125,0.1875,0.258515,0.253672,0.313984,1.49012e-07
8,0.28125,0.21875,0.249727,0.250742,0.322773,1.78814e-07
8,0.28125,0.25,0.240937,0.247813,0.331562,4.47035e-07
8,0.28125,0.28125,0.232148,0.244883,0.340351,1.04308e-07
8,0.28125,0.3125,0.22336,0.241953,0.349141,3.57628e-07
8,0.28125,0.34375,0.21457,0.239023,0.35793,1.19209e-07
8,0.28125,0.375,0.205781,0.236094,0.366719,1.19209e-07
8,0.28125,0.40625,0.196992,0.233164,0.375508,2.68221e-07
8,0.28125,0.4375,0.188203,0.230234,0.384297,8.9407e-08
8,0.28125,0.46875,0.179414,0.227305,0.393086,8.9407e-08
8,0.28125,0.5,0.170625,0.224375,0.401875,1.49012e-07
8,0.28125,0.53125,0.161836,0.221445,0.410664,2.38419e-07
8,0.28125,0.5625,0.153047,0.218516,0.419453,1.49012e-07
8,0.28125,0.59375,0.144258,0.215586,0.428242,5.96046e-08
8,0.28125,0.625,0.135469,0.212656,0.437031,1.78814e-07
8,0.28125,0.65625,0.12668,0.209726,0.44582,1.49012e-07
8,0.28125,0.6875,0.117891,0.206797,0.454609,1.11759e-07
8,0.28125,0.71875,0.109102,0.203867,0.463398,4.47035e-08
8,0.28125,0.75,0.100313,0.200937,0.472187,3.35276e-07
8,0.28125,0.78125,0.0915235,0.198008,0.480977,1.04308e-07
8,0.28125,0.8125,0.0827346,0.195078,0.489766,2.45869e-07
8,0.28125,0.84375,0.0739456,0.192148,0.498555,2.90573e-07
8,0.28125,0.875,0.0651565,0.189219,0.507344,2.08616e-07
8,0.28125,0.90625,0.0563675,0.186289,0.516133,3.05474e-07
8,0.28125,0.9375,0.0475783,0.183359,0.524922,2.16067e-07
8,0.28125,0.96875,0.0387896,0.18043,0.533711,5.66244e-07
8,0.28125,1,0.0299999,0.1775,0.5425,5.96046e-08
8,0.3125,0,0.3425,0.3025,0.2925,1.78814e-07
8,0.3125,0.03125,0.332734,0.299245,0.302266,8.9407e-08
8,0.3125,0.0625,0.322969,0.295989,0.312031,1.49012e-07
8,0.3125,0.09375,0.313203,0.292734,0.321797,2.08616e-07
8,0.3125,0.125,0.303438,0.289479,0.331562,2.08616e-07
8,0.3125,0.15625,0.293672,0.286224,0.341328,5.96046e-08
8,0.3125,0.1875,0.283906,0.282969,0.351094,1.49012e-07
8,0.3125,0.21875,0.27414,0.279714,0.360859,1.49012e-07
8,0.3125,0.25,0.264375,0.276458,0.370625,1.19209e-07
8,0.3125,0.28125,0.25461,0.273203,0.380391,2.08616e-07
8,0.3125,0.3125,0.244844,0.269948,0.390156,1.49012e-07
8,0.3125,0.34375,0.235078,0.266693,0.399922,8.9407e-08
8,0.3125,0.375,0.225313,0.263437,0.409687,1.19209e-07
8,0.3125,0.40625,0.215547,0.260182,0.419453,1.19209e-07
8,0.3125,0.4375,0.205781,0.256927,0.429219,2.38419e-07
8,0.3125,0.46875,0.196016,0.253672,0.438984,2.98023e-08
8,0.3125,0.5,0.18625,0.250417,0.44875,8.9407e-08
8,0.3125,0.53125,0.176484,0.247162,0.458515,1.78814e-07
8,0.3125,0.5625,0.166719,0.243906,0.468281,2.08616e-07
8,0.3125,0.59375,0.156953,0.240651,0.478047,2.68221e-07
8,0.3125,0.625,0.147187,0.237396,0.487812,8.9407e-08
8,0.3125,0.65625,0.137422,0.23414,0.497578,3.57628e-07
8,0.3125,0.6875,0.127656,0.230885,0.507344,1.78814e-07
8,0.3125,0.71875,0.117891,0.22763,0.517109,3.94881e-07
8,0.3125,0.75,0.108125,0.224375,0.526875,4.99189e-07
8,0.3125,0.78125,0.0983586,0.22112,0.536641,7.37607e-07
8,0.3125,0.8125,0.0885939,0.217864,0.546406,1.71363e-07
8,0.3125,0.84375,0.0788284,0.214609,0.556172,2.90573e-07
8,0.3125,0.875,0.0690615,0.211354,0.565937,9.76026e-07
8,0.3125,0.90625,0.0592966,0.208099,0.575703,2.68221e-07
8,0.3125,0.9375,0.0495308,0.204844,0.585469,4.24683e-07
8,0.3125,0.96875,0.039766,0.201589,0.595234,3.39001e-07
8,0.3125,1,0.0299998,0.198333,0.605,2.45869e-07
8,0.34375,0,0.37375,0.33375,0.32375,2.08616e-07
8,0.34375,0.03125,0.363008,0.330169,0.334492,1.78814e-07
8,0.34375,0.0625,0.352265,0.326589,0.345234,2.08616e-07
8,0.34375,0.09375,0.341523,0.323008,0.355976,2.98023e-07
8,0.34375,0.125,0.330781,0.319427,0.366719,8.9407e-08
8,0.34375,0.15625,0.320039,0.315846,0.377461,5.96046e-08
8,0.34375,0.1875,0.309297,0.312266,0.388203,1.78814e-07
8,0.34375,0.21875,0.298554,0.308685,0.398945,2.08616e-07
8,0.34375,0.25,0.287813,0.305104,0.409687,3.8743e-07
8,0.34375,0.28125,0.27707,0.301523,0.42043,2.38419e-07
8,0.34375,0.3125,0.266328,0.297943,0.431172,1.49012e-07
8,0.34375,0.34375,0.255586,0.294362,0.441914,2.38419e-07
8,0.34375,0.375,0.244844,0.290781,0.452656,1.19209e-07
8,0.34375,0.40625,0.234101,0.287201,0.463398,2.68221e-07
8,0.34375,0.4375,0.223359,0.28362,0.474141,1.19209e-07
8,0.34375,0.46875,0.212617,0.280039,0.484883,5.66244e-07
8,0.34375,0.5,0.201875,0.276458,0.495625,1.78814e-07
8,0.34375,0.53125,0.191133,0.272878,0.506367,8.9407e-08
8,0.34375,0.5625,0.180391,0.269297,0.517109,1.19209e-07
8,0.34375,0.59375,0.169648,0.265716,0.527852,2.38419e-07
8,0.34375,0.625,0.158906,0.262135,0.538594,1.78814e-07
8,0.34375,0.65625,0.148164,0.258555,0.549336,2.38419e-07
8,0.34375,0.6875,0.137422,0.254974,0.560078,1.19209e-07
8,0.34375,0.71875,0.12668,0.251393,0.57082,5.96046e-08
8,0.34375,0.75,0.115937,0.247813,0.581563,2.75671e-07
8,0.34375,0.78125,0.105195,0.244232,0.592304,4.99189e-07
8,0.34375,0.8125,0.0944528,0.240651,0.603047,2.98023e-07
8,0.34375,0.84375,0.0837108,0.23707,0.613789,1.86265e-07
8,0.34375,0.875,0.0729695,0.233489,0.624531,7.07805e-07
8,0.34375,0.90625,0.0622274,0.229909,0.635273,8.12113e-07
8,0.34375,0.9375,0.0514844,0.226328,0.646016,1.04308e-07
8,0.34375,0.96875,0.0407427,0.222747,0.656758,5.06639e-07
8,0.34375,1,0.029999,0.219167,0.6675,9.68575e-07
8,0.375,0,0.405,0.365,0.355,2.38419e-07
8,0.375,0.03125,0.393281,0.361094,0.366719,1.49012e-07
8,0.375,0.0625,0.381563,0.357187,0.378437,2.38419e-07
8,0.375,0.09375,0.369844,0.353281,0.390156,1.78814e-07
8,0.375,0.125,0.358125,0.349375,0.401875,3.57628e-07
8,0.375,0.15625,0.346406,0.345469,0.413594,1.78814e-07
8,0.375,0.1875,0.334687,0.341562,0.425312,5.96046e-08
8,0.375,0.21875,0.322969,0.337656,0.437031,1.49012e-07
8,0.375,0.25,0.31125,0.33375,0.44875,1.19209e-07
8,0.375,0.28125,0.299531,0.329844,0.460469,1.19209e-07
8,0.375,0.3125,0.287813,0.325937,0.472187,3.8743e-07
8,0.375,0.34375,0.276094,0.322031,0.483906,1.19209e-07
8,0.375,0.375,0.264375,0.318125,0.495625,8.9407e-08
8,0.375,0.40625,0.252656,0.314219,0.507344,1.49012e-07
8,0.375,0.4375,0.240938,0.310312,0.519062,1.78814e-07
8,0.375,0.46875,0.229219,0.306406,0.530781,2.38419e-07
8,0.375,0.5,0.2175,0.3025,0.5425,1.19209e-07
8,0.375,0.53125,0.205781,0.298594,0.554219,1.19209e-07
8,0.375,0.5625,0.194063,0.294687,0.565937,1.19209e-07
8,0.375,0.59375,0.182344,0.290781,0.577656,1.49012e-07
8,0.375,0.625,0.170625,0.286875,0.589375,1.78814e-07
8,0.375,0.65625,0.158906,0.282969,0.601094,1.78814e-07
8,0.375,0.6875,0.147188,0.279062,0.612812,2.38419e-07
8,0.375,0.71875,0.135469,0.275156,0.624531,8.9407e-08
8,0.375,0.75,0.12375,0.27125,0.63625,2.01166e-07
8,0.375,0.78125,0.112031,0.267344,0.647969,5.96046e-08
8,0.375,0.8125,0.100312,0.263438,0.659688,7.97212e-07
8,0.375,0.84375,0.0885936,0.259531,0.671406,1.19209e-07
8,0.375,0.875,0.0768748,0.255625,0.683125,1.56462e-07
8,0.375,0.90625,0.0651555,0.251719,0.694844,7.45058e-07
8,0.375,0.9375,0.0534372,0.247812,0.706562,2.6077e-07
8,0.375,0.96875,0.0417171,0.243906,0.718281,1.66148e-06
8,0.375,1,0.030001,0.24,0.73,9.574e-07
8,0.40625,0,0.43625,0.39625,0.38625,1.49012e-07
8,0.40625,0.03125,0.423555,0.392018,0.398945,1.19209e-07
8,0.40625,0.0625,0.410859,0.387787,0.411641,2.98023e-07
8,0.40625,0.09375,0.398164,0.383555,0.424336,1.19209e-07
8,0.40625,0.125,0.385469,0.379323,0.437031,1.19209e-07
8,0.40625,0.15625,0.372773,0.375091,0.449727,2.98023e-08
8,0.40625,0.1875,0.360078,0.370859,0.462422,1.49012e-07
8,0.40625,0.21875,0.347383,0.366628,0.475117,1.19209e-07
8,0.40625,0.25,0.334687,0.362396,0.487812,2.98023e-07
8,0.40625,0.28125,0.321992,0.358164,0.500508,1.19209e-07
8,0.40625,0.3125,0.309297,0.353932,0.513203,2.08616e-07
8,0.40625,0.34375,0.296602,0.3497,0.525898,3.8743e-07
8,0.40625,0.375,0.283906,0.345469,0.538594,1.78814e-07
8,0.40625,0.40625,0.271211,0.341237,0.551289,1.78814e-07
8,0.40625,0.4375,0.258516,0.337005,0.563984,8.9407e-08
8,0.40625,0.46875,0.24582,0.332773,0.57668,1.49012e-07
8,0.40625,0.5,0.233125,0.328542,0.589375,1.78814e-07
8,0.40625,0.53125,0.22043,0.32431,0.60207,1.78814e-07
8,0.40625,0.5625,0.207735,0.320078,0.614766,5.06639e-07
8,0.40625,0.59375,0.195039,0.315846,0.627461,1.49012e-07
8,0.40625,0.625,0.182344,0.311615,0.640156,1.78814e-07
8,0.40625,0.65625,0.169649,0.307383,0.652852,5.96046e-07
8,0.40625,0.6875,0.156953,0.303151,0.665547,2.98023e-07
8,0.40625,0.71875,0.144258,0.298919,0.678242,3.57628e-07
8,0.40625,0.75,0.131563,0.294687,0.690938,7.45058e-07
8,0.40625,0.78125,0.118867,0.290456,0.703633,1.19209e-07
8,0.40625,0.8125,0.106172,0.286224,0.716328,2.01166e-07
8,0.40625,0.84375,0.0934771,0.281992,0.729023,4.99189e-07
8,0.40625,0.875,0.0807815,0.27776,0.741719,2.90573e-07
8,0.40625,0.90625,0.068087,0.273528,0.754414,1.11014e-06
8,0.40625,0.9375,0.0553916,0.269297,0.767109,9.46224e-07
8,0.40625,0.96875,0.0426963,0.265065,0.779805,9.98378e-07
8,0.40625,1,0.0300012,0.260833,0.7925,1.24611e-06
8,0.4375,0,0.4675,0.4275,0.4175,2.68221e-07
8,0.4375,0.03125,0.453828,0.422943,0.431172,8.9407e-08
8,0.4375,0.0625,0.440156,0.418385,0.444844,5.96046e-08
8,0.4375,0.09375,0.426484,0.413828,0.458516,2.68221e-07
8,0.4375,0.125,0.412813,0.409271,0.472187,2.38419e-07
8,0.4375,0.15625,0.39914,0.404714,0.485859,4.76837e-07
8,0.4375,0.1875,0.385469,0.400156,0.499531,2.08616e-07
8,0.4375,0.21875,0.371797,0.395599,0.513203,5.96046e-08
8,0.4375,0.25,0.358125,0.391042,0.526875,1.19209e-07
8,0.4375,0.28125,0.344453,0.386484,0.540547,8.9407e-08
8,0.4375,0.3125,0.330781,0.381927,0.554219,2.38419e-07
8,0.4375,0.34375,0.317109,0.37737,0.56789,2.68221e-07
8,0.4375,0.375,0.303437,0.372813,0.581563,2.98023e-07
8,0.4375,0.40625,0.289766,0.368255,0.595234,2.08616e-07
8,0.4375,0.4375,0.276094,0.363698,0.608906,1.19209e-07
8,0.4375,0.46875,0.262422,0.359141,0.622578,3.57628e-07
8,0.4375,0.5,0.24875,0.354583,0.63625,3.27826e-07
8,0.4375,0.53125,0.235078,0.350026,0.649922,1.78814e-07
8,0.4375,0.5625,0.221406,0.345469,0.663594,4.17233e-07
8,0.4375,0.59375,0.207734,0.340911,0.677266,1.49012e-07
8,0.4375,0.625,0.194062,0.336354,0.690937,2.68221e-07
8,0.4375,0.65625,0.180391,0.331797,0.704609,4.47035e-07
8,0.4375,0.6875,0.166718,0.32724,0.718281,3.57628e-07
8,0.4375,0.71875,0.153047,0.322682,0.731953,2.98023e-07
8,0.4375,0.75,0.139375,0.318125,0.745625,3.8743e-07
8,0.4375,0.78125,0.125703,0.313568,0.759297,2.38419e-07
8,0.4375,0.8125,0.112031,0.309011,0.772969,3.94881e-07
8,0.4375,0.84375,0.0983593,0.304453,0.786641,1.11759e-07
8,0.4375,0.875,0.0846878,0.299896,0.800313,3.20375e-07
8,0.4375,0.90625,0.0710163,0.295338,0.813984,6.78003e-07
8,0.4375,0.9375,0.057345,0.290781,0.827656,1.2368e-06
8,0.4375,0.96875,0.0436727,0.286224,0.841328,8.71718e-07
8,0.4375,1,0.0300011,0.281667,0.855,1.05239e-06
8,0.46875,0,0.49875,0.45875,0.44875,8.9407e-08
8,0.46875,0.03125,0.484102,0.453867,0.463398,2.68221e-07
8,0.46875,0.0625,0.469453,0.448984,0.478047,3.27826e-07
8,0.46875,0.09375,0.454805,0.444101,0.492695,2.68221e-07
8,0.46875,0.125,0.440156,0.439219,0.507344,1.78814e-07
8,0.46875,0.15625,0.425508,0.434336,0.521992,6.55651e-07
8,0.46875,0.1875,0.41086,0.429453,0.536641,2.08616e-07
8,0.46875,0.21875,0.396211,0.42457,0.551289,1.49012e-07
8,0.46875,0.25,0.381563,0.419688,0.565937,1.19209e-07
8,0.46875,0.28125,0.366914,0.414805,0.580586,1.19209e-07
8,0.46875,0.3125,0.352265,0.409922,0.595234,2.38419e-07
8,0.46875,0.34375,0.337618,0.405039,0.609883,5.36442e-07
8,0.46875,0.375,0.322969,0.400156,0.624531,3.8743e-07
8,0.46875,0.40625,0.308321,0.395273,0.63918,2.08616e-07
8,0.46875,0.4375,0.293672,0.390391,0.653828,1.78814e-07
8,0.46875,0.46875,0.279023,0.385508,0.668476,1.19209e-07
8,0.46875,0.5,0.264375,0.380625,0.683125,1.19209e-07
8,0.46875,0.53125,0.249726,0.375742,0.697773,1.19209e-07
8,0.46875,0.5625,0.235077,0.37086,0.712422,6.85453e-07
8,0.46875,0.59375,0.220429,0.365977,0.72707,8.9407e-07
8,0.46875,0.625,0.205781,0.361094,0.741719,5.06639e-07
8,0.46875,0.65625,0.191132,0.356211,0.756367,8.9407e-07
8,0.46875,0.6875,0.176484,0.351328,0.771016,8.9407e-08
8,0.46875,0.71875,0.161835,0.346445,0.785664,4.47035e-07
8,0.46875,0.75,0.147188,0.341562,0.800312,4.76837e-07
8,0.46875,0.78125,0.132538,0.33668,0.814961,7.45058e-07
8,0.46875,0.8125,0.117891,0.331797,0.829609,1.78814e-07
8,0.46875,0.84375,0.103242,0.326914,0.844258,4.39584e-07
8,0.46875,0.875,0.0885937,0.322031,0.858906,1.19209e-07
8,0.46875,0.90625,0.0739466,0.317148,0.873555,1.24425e-06
8,0.46875,0.9375,0.0592973,0.312266,0.888203,3.8743e-07
8,0.46875,0.96875,0.0446457,0.307383,0.902852,2.68966e-06
8,0.46875,1,0.0300004,0.3025,0.9175,3.78117e-07
8,0.5,0,0.53,0.49,0.48,2.38419e-07
8,0.5,0.03125,0.514375,0.484792,0.495625,1.49012e-07
8,0.5,0.0625,0.49875,0.479583,0.51125,3.27826e-07
8,0.5,0.09375,0.483125,0.474375,0.526875,4.47035e-07
8,0.5,0.125,0.4675,0.469166,0.5425,3.27826e-07
8,0.5,0.15625,0.451875,0.463958,0.558125,2.68221e-07
8,0.5,0.1875,0.43625,0.45875,0.57375,1.78814e-07
8,0.5,0.21875,0.420625,0.453541,0.589375,2.98023e-07
8,0.5,0.25,0.405,0.448333,0.605,2.98023e-07
8,0.5,0.28125,0.389375,0.443125,0.620625,3.8743e-07
8,0.5,0.3125,0.37375,0.437917,0.63625,4.47035e-07
8,0.5,0.34375,0.358125,0.432708,0.651875,2.38419e-07
8,0.5,0.375,0.3425,0.4275,0.6675,1.49012e-07
8,0.5,0.40625,0.326875,0.422292,0.683125,4.76837e-07
8,0.5,0.4375,0.31125,0.417083,0.69875,2.68221e-07
8,0.5,0.46875,0.295625,0.411875,0.714375,1.78814e-07
8,0.5,0.5,0.28,0.406667,0.73,3.57628e-07
8,0.5,0.53125,0.264375,0.401458,0.745625,1.78814e-07
8,0.5,0.5625,0.248751,0.39625,0.76125,8.34465e-07
8,0.5,0.59375,0.233125,0.391042,0.776875,2.08616e-07
8,0.5,0.625,0.2175,0.385833,0.7925,1.19209e-07
8,0.5,0.65625,0.201875,0.380625,0.808125,3.57628e-07
8,0.5,0.6875,0.18625,0.375417,0.82375,2.38419e-07
8,0.5,0.71875,0.170624,0.370208,0.839375,5.06639e-07
8,0.5,0.75,0.155,0.365,0.855,8.9407e-08
8,0.5,0.78125,0.139375,0.359792,0.870625,3.27826e-07
8,0.5,0.8125,0.12375,0.354583,0.88625,2.01166e-07
8,0.5,0.84375,0.108125,0.349375,0.901875,1.41561e-07
8,0.5,0.875,0.0925004,0.344166,0.9175,3.94881e-07
8,0.5,0.90625,0.0768751,0.338958,0.933125,1.78814e-07
8,0.5,0.9375,0.0612513,0.33375,0.94875,1.30385e-06
8,0.5,0.96875,0.0456254,0.328542,0.964375,3.57628e-07
8,0.5,1,0.0300022,0.323333,0.98,2.20723e-06
8,0.53125,0,0.56125,0.52125,0.51125,2.38419e-07
8,0.53125,0.03125,0.546602,0.516367,0.525898,5.96046e-08
8,0.53125,0.0625,0.531953,0.511484,0.540547,2.98023e-07
8,0.53125,0.09375,0.517305,0.506602,0.555195,5.96046e-08
8,0.53125,0.125,0.502656,0.501719,0.569844,1.19209e-07
8,0.53125,0.15625,0.488007,0.496836,0.584492,5.06639e-07
8,0.53125,0.1875,0.47336,0.491953,0.599141,1.78814e-07
8,0.53125,0.21875,0.458711,0.48707,0.613789,2.68221e-07
8,0.53125,0.25,0.444063,0.482187,0.628438,5.96046e-08
8,0.53125,0.28125,0.429414,0.477305,0.643086,3.8743e-07
8,0.53125,0.3125,0.414766,0.472422,0.657734,2.98023e-07
8,0.53125,0.34375,0.400117,0.467539,0.672383,2.68221e-07
8,0.53125,0.375,0.385469,0.462656,0.687031,1.19209e-07
8,0.53125,0.40625,0.37082,0.457773,0.70168,2.38419e-07
8,0.53125,0.4375,0.356171,0.452891,0.716328,8.64267e-07
8,0.53125,0.46875,0.341524,0.448008,0.730976,3.27826e-07
8,0.53125,0.5,0.326875,0.443125,0.745625,3.8743e-07
8,0.53125,0.53125,0.312227,0.438242,0.760273,4.17233e-07
8,0.53125,0.5625,0.297578,0.43336,0.774922,1.78814e-07
8,0.53125,0.59375,0.28293,0.428477,0.78957,8.9407e-08
8,0.53125,0.625,0.268281,0.423594,0.804218,2.98023e-07
8,0.53125,0.65625,0.253633,0.418711,0.818867,8.9407e-08
8,0.53125,0.6875,0.238984,0.413828,0.833516,5.06639e-07
8,0.53125,0.71875,0.224335,0.408946,0.848164,6.85453e-07
8,0.53125,0.75,0.209687,0.404063,0.862812,3.57628e-07
8,0.53125,0.78125,0.195038,0.39918,0.877461,6.25849e-07
8,0.53125,0.8125,0.180389,0.394297,0.892109,1.43051e-06
8,0.53125,0.84375,0.165742,0.389414,0.906758,2.68221e-07
8,0.53125,0.875,0.151094,0.384531,0.921406,8.9407e-08
8,0.53125,0.90625,0.136446,0.379648,0.936055,2.68221e-07
8,0.53125,0.9375,0.121796,0.374766,0.950703,1.22935e-06
8,0.53125,0.96875,0.107149,0.369883,0.965352,3.7998e-07
8,0.53125,1,0.0925019,0.365,0.98,1.9446e-06
8,0.5625,0,0.5925,0.5525,0.5425,2.38419e-07
8,0.5625,0.03125,0.578828,0.547943,0.556172,1.78814e-07
8,0.5625,0.0625,0.565156,0.543386,0.569844,3.57628e-07
8,0.5625,0.09375,0.551484,0.538828,0.583516,5.96046e-08
8,0.5625,0.125,0.537813,0.534271,0.597187,1.19209e-07
8,0.5625,0.15625,0.524141,0.529714,0.610859,1.19209e-07
8,0.5625,0.1875,0.510469,0.525156,0.624531,2.38419e-07
8,0.5625,0.21875,0.496797,0.520599,0.638203,5.96046e-08
8,0.5625,0.25,0.483125,0.516042,0.651875,8.9407e-08
8,0.5625,0.28125,0.469453,0.511484,0.665547,5.96046e-08
8,0.5625,0.3125,0.455781,0.506927,0.679219,2.68221e-07
8,0.5625,0.34375,0.442109,0.50237,0.692891,2.68221e-07
8,0.5625,0.375,0.428437,0.497812,0.706562,2.38419e-07
8,0.5625,0.40625,0.414766,0.493255,0.720234,8.9407e-08
8,0.5625,0.4375,0.401093,0.488698,0.733906,3.27826e-07
8,0.5625,0.46875,0.387422,0.48414,0.747578,2.38419e-07
8,0.5625,0.5,0.37375,0.479583,0.76125,1.49012e-07
8,0.5625,0.53125,0.360079,0.475026,0.774922,4.76837e-07
8,0.5625,0.5625,0.346406,0.470469,0.788594,3.57628e-07
8,0.5625,0.59375,0.332734,0.465911,0.802266,1.78814e-07
8,0.5625,0.625,0.319063,0.461354,0.815937,6.85453e-07
8,0.5625,0.65625,0.30539,0.456797,0.829609,3.27826e-07
8,0.5625,0.6875,0.291719,0.452239,0.843281,2.38419e-07
8,0.5625,0.71875,0.278046,0.447683,0.856953,5.66244e-07
8,0.5625,0.75,0.264375,0.443125,0.870625,3.27826e-07
8,0.5625,0.78125,0.250704,0.438567,0.884297,3.8743e-07
8,0.5625,0.8125,0.237031,0.43401,0.897969,8.9407e-08
8,0.5625,0.84375,0.223359,0.429453,0.911641,8.9407e-08
8,0.5625,0.875,0.209688,0.424896,0.925312,1.78814e-07
8,0.5625,0.90625,0.196016,0.420338,0.938984,7.45058e-07
8,0.5625,0.9375,0.182343,0.415781,0.952656,4.47035e-07
8,0.5625,0.96875,0.168673,0.411224,0.966328,9.53674e-07
8,0.5625,1,0.155,0.406667,0.98,1.49012e-07
8,0.59375,0,0.62375,0.58375,0.57375,1.19209e-07
8,0.59375,0.03125,0.611054,0.579518,0.586445,1.78814e-07
8,0.59375,0.0625,0.598359,0.575287,0.59914,5.36442e-07
8,0.59375,0.09375,0.585664,0.571055,0.611836,4.17233e-07
8,0.59375,0.125,0.572969,0.566823,0.624531,2.38419e-07
8,0.59375,0.15625,0.560273,0.562591,0.637227,1.78814e-07
8,0.59375,0.1875,0.547578,0.558359,0.649922,1.78814e-07
8,0.59375,0.21875,0.534883,0.554128,0.662617,1.19209e-07
8,0.59375,0.25,0.522187,0.549896,0.675313,1.78814e-07
8,0.59375,0.28125,0.509492,0.545664,0.688008,3.57628e-07
8,0.59375,0.3125,0.496797,0.541432,0.700703,2.68221e-07
8,0.59375,0.34375,0.484102,0.5372,0.713398,2.68221e-07
8,0.59375,0.375,0.471407,0.532969,0.726094,2.68221e-07
8,0.59375,0.40625,0.458711,0.528737,0.738789,1.78814e-07
8,0.59375,0.4375,0.446016,0.524505,0.751484,1.78814e-07
8,0.59375,0.46875,0.43332,0.520274,0.76418,5.96046e-08
8,0.59375,0.5,0.420625,0.516042,0.776875,1.78814e-07
8,0.59375,0.53125,0.407929,0.51181,0.78957,7.15256e-07
8,0.59375,0.5625,0.395234,0.507578,0.802265,2.68221e-07
8,0.59375,0.59375,0.382539,0.503346,0.814961,1.78814e-07
8,0.59375,0.625,0.369844,0.499115,0.827656,2.38419e-07
8,0.59375,0.65625,0.357148,0.494883,0.840352,1.78814e-07
8,0.59375,0.6875,0.344453,0.490651,0.853047,2.98023e-07
8,0.59375,0.71875,0.331758,0.486419,0.865742,1.19209e-07
8,0.59375,0.75,0.319062,0.482188,0.878438,8.34465e-07
8,0.59375,0.78125,0.306367,0.477956,0.891133,1.78814e-07
8,0.59375,0.8125,0.293671,0.473724,0.903828,4.17233e-07
8,0.59375,0.84375,0.280977,0.469492,0.916523,3.27826e-07
8,0.59375,0.875,0.268282,0.46526,0.929219,5.36442e-07
8,0.59375,0.90625,0.255586,0.461029,0.941914,2.38419e-07
8,0.59375,0.9375,0.242891,0.456797,0.954609,2.98023e-07
8,0.59375,0.96875,0.230194,0.452565,0.967305,8.34465e-07
8,0.59375,1,0.2175,0.448333,0.98,1.19209e-07
8,0.625,0,0.655,0.615,0.605,1.19209e-07
8,0.625,0.03125,0.643281,0.611094,0.616719,1.19209e-07
8,0.625,0.0625,0.631562,0.607187,0.628437,1.19209e-07
8,0.625,0.09375,0.619844,0.603281,0.640156,5.96046e-08
8,0.625,0.125,0.608125,0.599375,0.651875,2.38419e-07
8,0.625,0.15625,0.596406,0.595469,0.663593,2.98023e-07
8,0.625,0.1875,0.584688,0.591562,0.675312,1.19209e-07
8,0.625,0.21875,0.572969,0.587656,0.687031,2.38419e-07
8,0.625,0.25,0.56125,0.58375,0.69875,2.98023e-07
8,0.625,0.28125,0.549531,0.579844,0.710469,1.19209e-07
8,0.625,0.3125,0.537813,0.575937,0.722187,5.36442e-07
8,0.625,0.34375,0.526094,0.572031,0.733906,1.19209e-07
8,0.625,0.375,0.514375,0.568125,0.745625,2.98023e-07
8,0.625,0.40625,0.502656,0.564219,0.757344,5.96046e-08
8,0.625,0.4375,0.490937,0.560313,0.769062,2.68221e-07
8,0.625,0.46875,0.479219,0.556406,0.780781,2.38419e-07
8,0.625,0.5,0.4675,0.5525,0.7925,3.27826e-07
8,0.625,0.53125,0.455782,0.548593,0.804219,7.45058e-07
8,0.625,0.5625,0.444063,0.544687,0.815938,1.49012e-07
8,0.625,0.59375,0.432344,0.540781,0.827657,2.68221e-07
8,0.625,0.625,0.420625,0.536875,0.839375,4.17233e-07
8,0.625,0.65625,0.408906,0.532969,0.851094,4.47035e-07
8,0.625,0.6875,0.397187,0.529063,0.862812,3.57628e-07
8,0.625,0.71875,0.385468,0.525156,0.874531,2.68221e-07
8,0.625,0.75,0.373749,0.52125,0.88625,7.45058e-07
8,0.625,0.78125,0.362031,0.517344,0.897968,3.57628e-07
8,0.625,0.8125,0.350313,0.513437,0.909688,2.68221e-07
8,0.625,0.84375,0.338594,0.509531,0.921406,2.08616e-07
8,0.625,0.875,0.326875,0.505625,0.933125,1.78814e-07
8,0.625,0.90625,0.315157,0.501719,0.944844,3.57628e-07
8,0.625,0.9375,0.303437,0.497813,0.956562,5.96046e-07
8,0.625,0.96875,0.291719,0.493906,0.968281,1.49012e-07
8,0.625,1,0.28,0.49,0.98,1.78814e-07
8,0.65625,0,0.68625,0.64625,0.63625,2.38419e-07
8,0.65625,0.03125,0.675508,0.642669,0.646992,1.78814e-07
8,0.65625,0.0625,0.664766,0.639088,0.657734,1.78814e-07
8,0.65625,0.09375,0.654023,0.635508,0.668476,1.78814e-07
8,0.65625,0.125,0.643281,0.631927,0.679219,2.98023e-07
8,0.65625,0.15625,0.632539,0.628346,0.689961,1.78814e-07
8,0.65625,0.1875,0.621797,0.624766,0.700703,1.19209e-07
8,0.65625,0.21875,0.611054,0.621185,0.711445,1.78814e-07
8,0.65625,0.25,0.600313,0.617604,0.722187,2.38419e-07
8,0.65625,0.28125,0.58957,0.614024,0.73293,2.98023e-07
8,0.65625,0.3125,0.578828,0.610443,0.743672,1.78814e-07
8,0.65625,0.34375,0.568086,0.606862,0.754414,1.78814e-07
8,0.65625,0.375,0.557344,0.603281,0.765156,3.57628e-07
8,0.65625,0.40625,0.546602,0.5997,0.775898,2.38419e-07
8,0.65625,0.4375,0.53586,0.59612,0.78664,5.36442e-07
8,0.65625,0.46875,0.525118,0.592539,0.797383,6.55651e-07
8,0.65625,0.5,0.514374,0.588958,0.808125,4.76837e-07
8,0.65625,0.53125,0.503633,0.585378,0.818867,1.19209e-07
8,0.65625,0.5625,0.492891,0.581797,0.829609,3.27826e-07
8,0.65625,0.59375,0.482149,0.578216,0.840352,1.49012e-07
8,0.65625,0.625,0.471406,0.574636,0.851094,3.27826e-07
8,0.65625,0.65625,0.460664,0.571055,0.861836,2.98023e-07
8,0.65625,0.6875,0.449922,0.567474,0.872578,1.78814e-07
8,0.65625,0.71875,0.43918,0.563893,0.88332,6.25849e-07
8,0.65625,0.75,0.428437,0.560312,0.894063,2.38419e-07
8,0.65625,0.78125,0.417696,0.556732,0.904804,2.98023e-07
8,0.65625,0.8125,0.406953,0.553151,0.915547,1.49012e-07
8,0.65625,0.84375,0.396211,0.54957,0.926289,1.19209e-07
8,0.65625,0.875,0.385469,0.54599,0.937031,5.96046e-07
8,0.65625,0.90625,0.374726,0.542409,0.947773,5.06639e-07
8,0.65625,0.9375,0.363985,0.538828,0.958516,6.55651e-07
8,0.65625,0.96875,0.353242,0.535248,0.969258,5.36442e-07
8,0.65625,1,0.3425,0.531667,0.98,1.78814e-07
8,0.6875,0,0.7175,0.6775,0.6675,4.17233e-07
8,0.6875,0.03125,0.707734,0.674245,0.677266,5.96046e-08
8,0.6875,0.0625,0.697969,0.67099,0.687031,1.19209e-07
8,0.6875,0.09375,0.688202,0.667735,0.696797,1.01328e-06
8,0.6875,0.125,0.678437,0.664479,0.706563,5.96046e-08
8,0.6875,0.15625,0.668672,0.661224,0.716328,3.57628e-07
8,0.6875,0.1875,0.658907,0.657969,0.726094,3.57628e-07
8,0.6875,0.21875,0.649141,0.654713,0.735859,1.19209e-07
8,0.6875,0.25,0.639375,0.651458,0.745625,2.98023e-07
8,0.6875,0.28125,0.629609,0.648203,0.755391,5.96046e-08
8,0.6875,0.3125,0.619844,0.644948,0.765156,1.78814e-07
8,0.6875,0.34375,0.610078,0.641693,0.774922,2.38419e-07
8,0.6875,0.375,0.600312,0.638437,0.784687,1.19209e-07
8,0.6875,0.40625,0.590547,0.635182,0.794453,2.98023e-07
8,0.6875,0.4375,0.580781,0.631927,0.804219,1.78814e-07
8,0.6875,0.46875,0.571016,0.628672,0.813984,4.76837e-07
8,0.6875,0.5,0.56125,0.625417,0.82375,2.98023e-07
8,0.6875,0.53125,0.551484,0.622161,0.833516,1.19209e-07
8,0.6875,0.5625,0.541719,0.618906,0.843281,1.19209e-07
8,0.6875,0.59375,0.531953,0.615651,0.853047,5.96046e-08
8,0.6875,0.625,0.522188,0.612396,0.862813,5.96046e-08
8,0.6875,0.65625,0.512422,0.60914,0.872578,1.78814e-07
8,0.6875,0.6875,0.502656,0.605885,0.882344,5.96046e-08
8,0.6875,0.71875,0.492891,0.60263,0.892109,2.08616e-07
8,0.6875,0.75,0.483126,0.599375,0.901875,5.66244e-07
8,0.6875,0.78125,0.473359,0.59612,0.91164,1.78814e-07
8,0.6875,0.8125,0.463594,0.592864,0.921406,1.78814e-07
8,0.6875,0.84375,0.453829,0.589609,0.931172,3.8743e-07
8,0.6875,0.875,0.444062,0.586354,0.940937,2.38419e-07
8,0.6875,0.90625,0.434296,0.583099,0.950703,6.85453e-07
8,0.6875,0.9375,0.424531,0.579844,0.960469,1.78814e-07
8,0.6875,0.96875,0.414766,0.576589,0.970234,1.78814e-07
8,0.6875,1,0.405,0.573333,0.98,5.96046e-08
8,0.71875,0,0.74875,0.70875,0.69875,2.98023e-07
8,0.71875,0.03125,0.739961,0.70582,0.707539,2.38419e-07
8,0.71875,0.0625,0.731172,0.702891,0.716328,1.78814e-07
8,0.71875,0.09375,0.722383,0.699961,0.725117,1.78814e-07
8,0.71875,0.125,0.713593,0.697031,0.733906,4.76837e-07
8,0.71875,0.15625,0.704805,0.694102,0.742695,2.38419e-07
8,0.71875,0.1875,0.696016,0.691172,0.751484,1.78814e-07
8,0.71875,0.21875,0.687227,0.688242,0.760273,1.78814e-07
8,0.71875,0.25,0.678437,0.685313,0.769062,1.78814e-07
8,0.71875,0.28125,0.669649,0.682383,0.777852,1.19209e-07
8,0.71875,0.3125,0.660859,0.679453,0.786641,0
8,0.71875,0.34375,0.65207,0.676524,0.795429,3.57628e-07
8,0.71875,0.375,0.643281,0.673594,0.804219,2.38419e-07
8,0.71875,0.40625,0.634492,0.670664,0.813008,1.19209e-07
8,0.71875,0.4375,0.625703,0.667734,0.821797,2.98023e-07
8,0.71875,0.46875,0.616914,0.664805,0.830586,1.78814e-07
8,0.71875,0.5,0.608125,0.661875,0.839375,1.19209e-07
8,0.71875,0.53125,0.599336,0.658945,0.848164,5.96046e-08
8,0.71875,0.5625,0.590547,0.656016,0.856953,1.19209e-07
8,0.71875,0.59375,0.581758,0.653086,0.865742,2.98023e-07
8,0.71875,0.625,0.572969,0.650156,0.874531,3.57628e-07
8,0.71875,0.65625,0.56418,0.647227,0.88332,2.98023e-07
8,0.71875,0.6875,0.55539,0.644297,0.892109,2.38419e-07
8,0.71875,0.71875,0.546602,0.641367,0.900898,3.57628e-07
8,0.71875,0.75,0.537813,0.638438,0.909688,5.96046e-08
8,0.71875,0.78125,0.529023,0.635508,0.918476,1.78814e-07
8,0.71875,0.8125,0.520235,0.632578,0.927265,5.36442e-07
8,0.71875,0.84375,0.511445,0.629648,0.936055,2.38419e-07
8,0.71875,0.875,0.502656,0.626719,0.944844,2.38419e-07
8,0.71875,0.90625,0.493867,0.623789,0.953633,3.8743e-07
8,0.71875,0.9375,0.485078,0.620859,0.962422,3.27826e-07
8,0.71875,0.96875,0.476289,0.61793,0.971211,2.98023e-07
8,0.71875,1,0.4675,0.615,0.98,3.8743e-07
8,0.75,0,0.78,0.74,0.73,2.98023e-07
8,0.75,0.03125,0.772188,0.737396,0.737812,4.76837e-07
8,0.75,0.0625,0.764375,0.734792,0.745625,2.98023e-07
8,0.75,0.09375,0.756562,0.732188,0.753438,5.96046e-08
8,0.75,0.125,0.74875,0.729583,0.76125,1.78814e-07
8,0.75,0.15625,0.740937,0.726979,0.769062,2.98023e-07
8,0.75,0.1875,0.733125,0.724375,0.776875,2.38419e-07
8,0.75,0.21875,0.725313,0.721771,0.784687,1.78814e-07
8,0.75,0.25,0.7175,0.719167,0.7925,2.98023e-07
8,0.75,0.28125,0.709687,0.716563,0.800312,1.78814e-07
8,0.75,0.3125,0.701875,0.713958,0.808125,2.98023e-07
8,0.75,0.34375,0.694063,0.711354,0.815937,3.57628e-07
8,0.75,0.375,0.68625,0.70875,0.82375,2.38419e-07
8,0.75,0.40625,0.678437,0.706146,0.831563,2.38419e-07
8,0.75,0.4375,0.670625,0.703542,0.839375,1.19209e-07
8,0.75,0.46875,0.662813,0.700937,0.847187,1.78814e-07
8,0.75,0.5,0.655,0.698333,0.855,2.38419e-07
8,0.75,0.53125,0.647187,0.695729,0.862812,2.98023e-07
8,0.75,0.5625,0.639375,0.693125,0.870625,2.38419e-07
8,0.75,0.59375,0.631563,0.690521,0.878437,3.57628e-07
8,0.75,0.625,0.62375,0.687917,0.88625,4.76837e-07
8,0.75,0.65625,0.615937,0.685313,0.894062,4.76837e-07
8,0.75,0.6875,0.608125,0.682708,0.901875,2.38419e-07
8,0.75,0.71875,0.600312,0.680104,0.909687,4.17233e-07
8,0.75,0.75,0.5925,0.6775,0.9175,4.17233e-07
8,0.75,0.78125,0.584687,0.674896,0.925312,3.57628e-07
8,0.75,0.8125,0.576875,0.672292,0.933125,2.38419e-07
8,0.75,0.84375,0.569062,0.669688,0.940937,2.38419e-07
8,0.75,0.875,0.56125,0.667083,0.94875,4.17233e-07
8,0.75,0.90625,0.553437,0.664479,0.956562,4.76837e-07
8,0.75,0.9375,0.545626,0.661875,0.964375,1.07288e-06
8,0.75,0.96875,0.537813,0.659271,0.972187,1.78814e-07
8,0.75,1,0.53,0.656667,0.98,2.98023e-07
8,0.78125,0,0.81125,0.77125,0.76125,1.78814e-07
8,0.78125,0.03125,0.804414,0.768971,0.768086,1.78814e-07
8,0.78125,0.0625,0.797578,0.766693,0.774922,1.19209e-07
8,0.78125,0.09375,0.790742,0.764414,0.781758,1.78814e-07
8,0.78125,0.125,0.783906,0.762135,0.788594,1.78814e-07
8,0.78125,0.15625,0.77707,0.759857,0.79543,1.78814e-07
8,0.78125,0.1875,0.770234,0.757578,0.802265,2.98023e-07
8,0.78125,0.21875,0.763399,0.755299,0.809102,4.76837e-07
8,0.78125,0.25,0.756563,0.753021,0.815937,7.15256e-07
8,0.78125,0.28125,0.749727,0.750742,0.822773,2.98023e-07
8,0.78125,0.3125,0.742891,0.748463,0.829609,2.98023e-07
8,0.78125,0.34375,0.736055,0.746185,0.836445,1.19209e-07
8,0.78125,0.375,0.729218,0.743907,0.843281,5.36442e-07
8,0.78125,0.40625,0.722383,0.741628,0.850117,3.57628e-07
8,0.78125,0.4375,0.715547,0.739349,0.856953,2.38419e-07
8,0.78125,0.46875,0.70871,0.737071,0.863789,5.36442e-07
8,0.78125,0.5,0.701875,0.734792,0.870625,2.38419e-07
8,0.78125,0.53125,0.695039,0.732513,0.877461,5.96046e-08
8,0.78125,0.5625,0.688203,0.730234,0.884297,2.98023e-07
8,0.78125,0.59375,0.681367,0.727956,0.891133,1.78814e-07
8,0.78125,0.625,0.674532,0.725677,0.897969,4.17233e-07
8,0.78125,0.65625,0.667695,0.723398,0.904805,1.78814e-07
8,0.78125,0.6875,0.66086,0.72112,0.91164,2.98023e-07
8,0.78125,0.71875,0.654023,0.718841,0.918476,2.38419e-07
8,0.78125,0.75,0.647188,0.716562,0.925312,3.57628e-07
8,0.78125,0.78125,0.640352,0.714284,0.932148,4.17233e-07
8,0.78125,0.8125,0.633516,0.712005,0.938984,5.96046e-08
8,0.78125,0.84375,0.62668,0.709727,0.94582,1.78814e-07
8,0.78125,0.875,0.619844,0.707448,0.952656,1.78814e-07
8,0.78125,0.90625,0.613008,0.705169,0.959492,2.98023e-07
8,0.78125,0.9375,0.606172,0.702891,0.966328,2.98023e-07
8,0.78125,0.96875,0.599336,0.700612,0.973164,3.57628e-07
8,0.78125,1,0.5925,0.698333,0.98,1.78814e-07
8,0.8125,0,0.8425,0.8025,0.7925,3.57628e-07
8,0.8125,0.03125,0.836641,0.800547,0.798359,5.36442e-07
8,0.8125,0.0625,0.830781,0.798594,0.804219,1.78814e-07
8,0.8125,0.09375,0.824922,0.796641,0.810078,1.78814e-07
8,0.8125,0.125,0.819062,0.794688,0.815937,3.57628e-07
8,0.8125,0.15625,0.813203,0.792734,0.821797,2.38419e-07
8,0.8125,0.1875,0.807344,0.790781,0.827656,3.57628e-07
8,0.8125,0.21875,0.801485,0.788828,0.833516,1.78814e-07
8,0.8125,0.25,0.795625,0.786875,0.839375,1.78814e-07
8,0.8125,0.28125,0.789765,0.784922,0.845234,1.78814e-07
8,0.8125,0.3125,0.783906,0.782969,0.851094,2.38419e-07
8,0.8125,0.34375,0.778047,0.781016,0.856953,2.98023e-07
8,0.8125,0.375,0.772187,0.779063,0.862812,1.78814e-07
8,0.8125,0.40625,0.766328,0.77711,0.868672,2.38419e-07
8,0.8125,0.4375,0.760468,0.775156,0.874531,5.36442e-07
8,0.8125,0.46875,0.754609,0.773203,0.880391,1.19209e-07
8,0.8125,0.5,0.74875,0.77125,0.88625,2.38419e-07
8,0.8125,0.53125,0.742891,0.769297,0.892109,2.38419e-07
8,0.8125,0.5625,0.737032,0.767343,0.897969,7.15256e-07
8,0.8125,0.59375,0.731172,0.765391,0.903828,2.98023e-07
8,0.8125,0.625,0.725312,0.763438,0.909687,1.78814e-07
8,0.8125,0.65625,0.719454,0.761484,0.915547,4.17233e-07
8,0.8125,0.6875,0.713594,0.759531,0.921406,1.78814e-07
8,0.8125,0.71875,0.707735,0.757578,0.927265,3.57628e-07
8,0.8125,0.75,0.701875,0.755625,0.933125,1.78814e-07
8,0.8125,0.78125,0.696015,0.753672,0.938984,2.98023e-07
8,0.8125,0.8125,0.690156,0.751719,0.944844,2.38419e-07
8,0.8125,0.84375,0.684297,0.749766,0.950703,1.78814e-07
8,0.8125,0.875,0.678438,0.747812,0.956562,2.38419e-07
8,0.8125,0.90625,0.672577,0.74586,0.962422,9.53674e-07
8,0.8125,0.9375,0.666719,0.743906,0.968281,5.36442e-07
8,0.8125,0.96875,0.660859,0.741953,0.97414,2.98023e-07
8,0.8125,1,0.655,0.74,0.98,1.78814e-07
8,0.84375,0,0.87375,0.83375,0.82375,4.76837e-07
8,0.84375,0.03125,0.868867,0.832123,0.828633,5.96046e-07
8,0.84375,0.0625,0.863984,0.830495,0.833516,1.78814e-07
8,0.84375,0.09375,0.859102,0.828867,0.838398,1.19209e-07
8,0.84375,0.125,0.854219,0.827239,0.843281,2.98023e-07
8,0.84375,0.15625,0.849336,0.825612,0.848164,3.57628e-07
8,0.84375,0.1875,0.844453,0.823985,0.853047,2.38419e-07
8,0.84375,0.21875,0.83957,0.822357,0.857929,5.96046e-07
8,0.84375,0.25,0.834688,0.820729,0.862812,1.78814e-07
8,0.84375,0.28125,0.829805,0.819101,0.867695,2.38419e-07
8,0.84375,0.3125,0.824922,0.817474,0.872578,4.17233e-07
8,0.84375,0.34375,0.820039,0.815846,0.877461,1.78814e-07
8,0.84375,0.375,0.815156,0.814219,0.882344,5.96046e-08
8,0.84375,0.40625,0.810273,0.812591,0.887226,1.19209e-07
8,0.84375,0.4375,0.80539,0.810964,0.892109,5.36442e-07
8,0.84375,0.46875,0.800508,0.809336,0.896992,1.78814e-07
8,0.84375,0.5,0.795624,0.807708,0.901875,5.36442e-07
8,0.84375,0.53125,0.790742,0.806081,0.906758,2.98023e-07
8,0.84375,0.5625,0.785859,0.804453,0.91164,7.15256e-07
8,0.84375,0.59375,0.780976,0.802826,0.916523,2.98023e-07
8,0.84375,0.625,0.776093,0.801198,0.921406,3.57628e-07
8,0.84375,0.65625,0.771211,0.79957,0.926289,3.57628e-07
8,0.84375,0.6875,0.766328,0.797943,0.931172,1.19209e-07
8,0.84375,0.71875,0.761445,0.796315,0.936055,1.19209e-07
8,0.84375,0.75,0.756563,0.794687,0.940937,1.78814e-07
8,0.84375,0.78125,0.75168,0.79306,0.94582,1.78814e-07
8,0.84375,0.8125,0.746796,0.791432,0.950703,3.57628e-07
8,0.84375,0.84375,0.741914,0.789805,0.955586,2.98023e-07
8,0.84375,0.875,0.737031,0.788177,0.960469,1.78814e-07
8,0.84375,0.90625,0.732148,0.78655,0.965352,1.19209e-07
8,0.84375,0.9375,0.727265,0.784922,0.970234,5.96046e-07
8,0.84375,0.96875,0.722383,0.783294,0.975117,1.78814e-07
8,0.84375,1,0.717499,0.781667,0.98,7.15256e-07
8,0.875,0,0.905,0.865,0.855,1.78814e-07
8,0.875,0.03125,0.901094,0.863698,0.858906,5.96046e-08
8,0.875,0.0625,0.897187,0.862396,0.862812,5.96046e-08
8,0.875,0.09375,0.893281,0.861094,0.866719,2.38419e-07
8,0.875,0.125,0.889375,0.859792,0.870625,1.78814e-07
8,0.875,0.15625,0.885469,0.85849,0.874531,1.19209e-07
8,0.875,0.1875,0.881563,0.857187,0.878437,2.98023e-07
8,0.875,0.21875,0.877656,0.855885,0.882344,2.38419e-07
8,0.875,0.25,0.87375,0.854583,0.88625,4.17233e-07
8,0.875,0.28125,0.869844,0.853281,0.890156,2.38419e-07
8,0.875,0.3125,0.865938,0.851979,0.894062,2.98023e-07
8,0.875,0.34375,0.862031,0.850677,0.897969,2.38419e-07
8,0.875,0.375,0.858125,0.849375,0.901875,4.17233e-07
8,0.875,0.40625,0.854219,0.848073,0.905781,5.36442e-07
8,0.875,0.4375,0.850313,0.846771,0.909688,2.98023e-07
8,0.875,0.46875,0.846406,0.845469,0.913593,2.98023e-07
8,0.875,0.5,0.8425,0.844167,0.9175,1.19209e-07
8,0.875,0.53125,0.838594,0.842864,0.921406,2.38419e-07
8,0.875,0.5625,0.834687,0.841562,0.925312,1.19209e-07
8,0.875,0.59375,0.830781,0.84026,0.929219,2.38419e-07
8,0.875,0.625,0.826876,0.838958,0.933125,5.36442e-07
8,0.875,0.65625,0.822969,0.837656,0.937031,2.98023e-07
8,0.875,0.6875,0.819063,0.836354,0.940938,1.19209e-07
8,0.875,0.71875,0.815156,0.835052,0.944844,5.96046e-08
8,0.875,0.75,0.811251,0.83375,0.94875,6.55651e-07
8,0.875,0.78125,0.807344,0.832448,0.952656,1.78814e-07
8,0.875,0.8125,0.803438,0.831146,0.956562,2.98023e-07
8,0.875,0.84375,0.799531,0.829844,0.960468,2.98023e-07
8,0.875,0.875,0.795625,0.828541,0.964375,4.17233e-07
8,0.875,0.90625,0.791718,0.82724,0.968281,4.17233e-07
8,0.875,0.9375,0.787812,0.825938,0.972187,7.15256e-07
8,0.875,0.96875,0.783906,0.824636,0.976094,4.76837e-07
8,0.875,1,0.78,0.823333,0.98,1.19209e-07
8,0.90625,0,0.93625,0.89625,0.88625,3.57628e-07
8,0.90625,0.03125,0.93332,0.895274,0.88918,2.98023e-07
8,0.90625,0.0625,0.930391,0.894297,0.892109,1.78814e-07
8,0.90625,0.09375,0.927461,0.89332,0.895039,5.96046e-08
8,0.90625,0.125,0.924531,0.892344,0.897969,1.19209e-07
8,0.90625,0.15625,0.921601,0.891367,0.900898,4.76837e-07
8,0.90625,0.1875,0.918672,0.890391,0.903828,1.19209e-07
8,0.90625,0.21875,0.915742,0.889414,0.906758,2.98023e-07
8,0.90625,0.25,0.912813,0.888437,0.909688,4.17233e-07
8,0.90625,0.28125,0.909883,0.887461,0.912617,1.78814e-07
8,0.90625,0.3125,0.906953,0.886484,0.915547,1.78814e-07
8,0.90625,0.34375,0.904024,0.885508,0.918477,1.78814e-07
8,0.90625,0.375,0.901093,0.884532,0.921406,6.55651e-07
8,0.90625,0.40625,0.898164,0.883555,0.924336,5.96046e-08
8,0.90625,0.4375,0.895234,0.882578,0.927266,1.19209e-07
8,0.90625,0.46875,0.892305,0.881602,0.930195,1.78814e-07
8,0.90625,0.5,0.889375,0.880625,0.933125,1.19209e-07
8,0.90625,0.53125,0.886446,0.879649,0.936055,2.98023e-07
8,0.90625,0.5625,0.883515,0.878672,0.938984,1.78814e-07
8,0.90625,0.59375,0.880587,0.877695,0.941914,8.34465e-07
8,0.90625,0.625,0.877656,0.876719,0.944844,5.96046e-07
8,0.90625,0.65625,0.874727,0.875742,0.947773,3.57628e-07
8,0.90625,0.6875,0.871797,0.874766,0.950703,2.98023e-07
8,0.90625,0.71875,0.868868,0.873789,0.953633,4.17233e-07
8,0.90625,0.75,0.865937,0.872813,0.956562,3.57628e-07
8,0.90625,0.78125,0.863008,0.871836,0.959492,2.38419e-07
8,0.90625,0.8125,0.860078,0.870859,0.962422,2.38419e-07
8,0.90625,0.84375,0.857149,0.869883,0.965352,1.78814e-07
8,0.90625,0.875,0.854219,0.868906,0.968281,4.76837e-07
8,0.90625,0.90625,0.851289,0.86793,0.971211,3.57628e-07
8,0.90625,0.9375,0.848359,0.866953,0.97414,1.78814e-07
8,0.90625,0.96875,0.845429,0.865977,0.97707,3.57628e-07
8,0.90625,1,0.8425,0.865,0.98,5.96046e-08
8,0.9375,0,0.9675,0.9275,0.9175,1.78814e-07
8,0.9375,0.03125,0.965547,0.926849,0.919453,1.78814e-07
8,0.9375,0.0625,0.963594,0.926198,0.921406,6.55651e-07
8,0.9375,0.09375,0.961641,0.925546,0.923359,4.17233e-07
8,0.9375,0.125,0.959688,0.924896,0.925312,2.98023e-07
8,0.9375,0.15625,0.957734,0.924245,0.927265,2.38419e-07
8,0.9375,0.1875,0.955782,0.923594,0.929219,4.17233e-07
8,0.9375,0.21875,0.953828,0.922943,0.931172,5.36442e-07
8,0.9375,0.25,0.951875,0.922292,0.933125,2.98023e-07
8,0.9375,0.28125,0.949922,0.921641,0.935078,1.19209e-07
8,0.9375,0.3125,0.947968,0.92099,0.937031,2.98023e-07
8,0.9375,0.34375,0.946016,0.920338,0.938984,2.98023e-07
8,0.9375,0.375,0.944063,0.919688,0.940937,1.78814e-07
8,0.9375,0.40625,0.942109,0.919036,0.94289,1.78814e-07
8,0.9375,0.4375,0.940157,0.918385,0.944844,3.57628e-07
8,0.9375,0.46875,0.938203,0.917734,0.946797,1.78814e-07
8,0.9375,0.5,0.93625,0.917083,0.94875,3.57628e-07
8,0.9375,0.53125,0.934297,0.916432,0.950703,1.78814e-07
8,0.9375,0.5625,0.932344,0.915781,0.952656,1.78814e-07
8,0.9375,0.59375,0.93039,0.91513,0.954609,2.98023e-07
8,0.9375,0.625,0.928437,0.914479,0.956562,4.76837e-07
8,0.9375,0.65625,0.926485,0.913828,0.958516,3.57628e-07
8,0.9375,0.6875,0.924532,0.913177,0.960469,2.98023e-07
8,0.9375,0.71875,0.922578,0.912526,0.962422,1.78814e-07
8,0.9375,0.75,0.920625,0.911875,0.964375,3.57628e-07
8,0.9375,0.78125,0.918672,0.911224,0.966328,1.78814e-07
8,0.9375,0.8125,0.916719,0.910573,0.968281,1.78814e-07
8,0.9375,0.84375,0.914766,0.909922,0.970234,4.17233e-07
8,0.9375,0.875,0.912813,0.909271,0.972187,2.38419e-07
8,0.9375,0.90625,0.910859,0.90862,0.97414,2.98023e-07
8,0.9375,0.9375,0.908906,0.907969,0.976093,2.98023e-07
8,0.9375,0.96875,0.906953,0.907317,0.978047,2.38419e-07
8,0.9375,1,0.905,0.906667,0.98,2.98023e-07
8,0.96875,0,0.99875,0.95875,0.94875,1.78814e-07
8,0.96875,0.03125,0.997773,0.958425,0.949726,1.78814e-07
8,0.96875,0.0625,0.996797,0.958099,0.950703,2.98023e-07
8,0.96875,0.09375,0.995821,0.957773,0.951679,4.17233e-07
8,0.96875,0.125,0.994844,0.957448,0.952656,1.78814e-07
8,0.96875,0.15625,0.993867,0.957123,0.953633,2.98023e-07
8,0.96875,0.1875,0.99289,0.956797,0.954609,4.17233e-07
8,0.96875,0.21875,0.991914,0.956472,0.955586,2.98023e-07
8,0.96875,0.25,0.990937,0.956146,0.956562,5.36442e-07
8,0.96875,0.28125,0.989961,0.95582,0.957539,1.78814e-07
8,0.96875,0.3125,0.988985,0.955495,0.958516,2.98023e-07
8,0.96875,0.34375,0.988008,0.955169,0.959492,5.96046e-08
8,0.96875,0.375,0.987031,0.954844,0.960469,1.78814e-07
8,0.96875,0.40625,0.986054,0.954518,0.961445,2.98023e-07
8,0.96875,0.4375,0.985078,0.954192,0.962422,2.98023e-07
8,0.96875,0.46875,0.984101,0.953867,0.963398,2.98023e-07
8,0.96875,0.5,0.983125,0.953542,0.964375,5.96046e-08
8,0.96875,0.53125,0.982149,0.953216,0.965351,2.98023e-07
8,0.96875,0.5625,0.981172,0.95289,0.966328,2.98023e-07
8,0.96875,0.59375,0.980195,0.952565,0.967304,2.98023e-07
8,0.96875,0.625,0.979219,0.952239,0.968281,1.78814e-07
8,0.96875,0.65625,0.978242,0.951914,0.969258,2.98023e-07
8,0.96875,0.6875,0.977266,0.951588,0.970234,2.38419e-07
8,0.96875,0.71875,0.976289,0.951263,0.971211,1.78814e-07
8,0.96875,0.75,0.975312,0.950937,0.972187,1.78814e-07
8,0.96875,0.78125,0.974336,0.950612,0.973164,1.78814e-07
8,0.96875,0.8125,0.97336,0.950286,0.97414,2.98023e-07
8,0.96875,0.84375,0.972383,0.949961,0.975117,2.98023e-07
8,0.96875,0.875,0.971407,0.949635,0.976094,4.17233e-07
8,0.96875,0.90625,0.97043,0.94931,0.97707,1.19209e-07
8,0.96875,0.9375,0.969453,0.948984,0.978046,4.17233e-07
8,0.96875,0.96875,0.968476,0.948659,0.979024,1.78814e-07
8,0.96875,1,0.9675,0.948334,0.98,2.98023e-07
8,1,0,1,0.99,0.98,2.98023e-07
8,1,0.03125,1,0.99,0.98,2.98023e-07
8,1,0.0625,1,0.99,0.98,2.98023e-07
8,1,0.09375,1,0.99,0.98,2.98023e-07
8,1,0.125,1,0.99,0.98,2.98023e-07
8,1,0.15625,1,0.99,0.98,2.98023e-07
8,1,0.1875,1,0.99,0.98,2.98023e-07
8,1,0.21875,1,0.99,0.98,2.98023e-07
8,1,0.25,1,0.99,0.98,2.98023e-07
8,1,0.28125,1,0.99,0.98,2.98023e-07
8,1,0.3125,1,0.99,0.98,2.98023e-07
8,1,0.34375,1,0.99,0.98,2.98023e-07
8,1,0.375,1,0.99,0.98,2.98023e-07
8,1,0.40625,1,0.99,0.98,2.98023e-07
8,1,0.4375,1,0.99,0.98,2.98023e-07
8,1,0.46875,1,0.99,0.98,2.98023e-07
8,1,0.5,1,0.99,0.98,2.98023e-07
8,1,0.53125,1,0.99,0.98,2.98023e-07
8,1,0.5625,1,0.99,0.98,2.98023e-07
8,1,0.59375,1,0.99,0.98,2.98023e-07
8,1,0.625,1,0.99,0.98,2.98023e-07
8,1,0.65625,1,0.99,0.98,2.98023e-07
8,1,0.6875,1,0.99,0.98,2.98023e-07
8,1,0.71875,1,0.99,0.98,2.98023e-07
8,1,0.75,1,0.99,0.98,2.98023e-07
8,1,0.78125,1,0.99,0.98,2.98023e-07
8,1,0.8125,1,0.99,0.98,2.98023e-07
8,1,0.84375,1,0.99,0.98,2.98023e-07
8,1,0.875,1,0.99,0.98,2.98023e-07
8,1,0.90625,1,0.99,0.98,2.98023e-07
8,1,0.9375,1,0.99,0.98,2.98023e-07
8,1,0.96875,1,0.99,0.98,2.98023e-07
8,1,1,1,0.99,0.98,2.98023e-07
9,0,0,0.045,0,7.52043e-10,0.015
9,0,0.03125,0.045,0,7.52043e-10,0.015
9,0,0.0625,0.045,0,7.52043e-10,0.015
9,0,0.09375,0.045,0,7.52043e-10,0.015
9,0,0.125,0.045,0,7.52043e-10,0.015
9,0,0.15625,0.045,0,7.52043e-10,0.015
9,0,0.1875,0.045,0,7.52043e-10,0.015
9,0,0.21875,0.045,0,7.52043e-10,0.015
9,0,0.25,0.045,0,7.52043e-10,0.015
9,0,0.28125,0.045,0,7.52043e-10,0.015
9,0,0.3125,0.045,0,7.52043e-10,0.015
9,0,0.34375,0.045,0,7.52043e-10,0.015
9,0,0.375,0.045,0,7.52043e-10,0.015
9,0,0.40625,0.045,0,7.52043e-10,0.015
9,0,0.4375,0.045,0,7.52043e-10,0.015
9,0,0.46875,0.045,0,7.52043e-10,0.015
9,0,0.5,0.045,0,7.52043e-10,0.015
9,0,0.53125,0.045,0,7.52043e-10,0.015
9,0,0.5625,0.045,0,7.52043e-10,0.015
9,0,0.59375,0.045,0,7.52043e-10,0.015
9,0,0.625,0.045,0,7.52043e-10,0.015
9,0,0.65625,0.045,0,7.52043e-10,0.015
9,0,0.6875,0.045,0,7.52043e-10,0.015
9,0,0.71875,0.045,0,7.52043e-10,0.015
9,0,0.75,0.045,0,7.52043e-10,0.015
9,0,0.78125,0.045,0,7.52043e-10,0.015
9,0,0.8125,0.045,0,7.52043e-10,0.015
9,0,0.84375,0.045,0,7.52043e-10,0.015
9,0,0.875,0.045,0,7.52043e-10,0.015
9,0,0.90625,0.045,0,7.52043e-10,0.015
9,0,0.9375,0.045,0,7.52043e-10,0.015
9,0,0.96875,0.045,0,7.52043e-10,0.015
9,0,1,0.045,0,7.52043e-10,0.015
9,0.03125,0,0.07625,0.01625,0.00125,0.015
9,0.03125,0.03125,0.0752734,0.0159245,0.00222658,0.015
9,0.03125,0.0625,0.0742969,0.015599,0.00320311,0.015
9,0.03125,0.09375,0.0733204,0.0152734,0.00417969,0.015
9,0.03125,0.125,0.0723437,0.0149479,0.00515625,0.015
9,0.03125,0.15625,0.0713671,0.0146224,0.0061328,0.0149999
9,0.03125,0.1875,0.0703906,0.0142969,0.00710938,0.015
9,0.03125,0.21875,0.069414,0.0139714,0.00808593,0.0149999
9,0.03125,0.25,0.0684375,0.0136458,0.0090625,0.015
9,0.03125,0.28125,0.0674609,0.0133203,0.0100391,0.015
9,0.03125,0.3125,0.0664843,0.0129948,0.0110156,0.015
9,0.03125,0.34375,0.0655078,0.0126692,0.0119922,0.015
9,0.03125,0.375,0.0645312,0.0123438,0.0129687,0.0149999
9,0.03125,0.40625,0.0635547,0.0120182,0.0139453,0.015
9,0.03125,0.4375,0.062578,0.0116927,0.0149219,0.0149999
9,0.03125,0.46875,0.0616015,0.0113672,0.0158984,0.0149999
9,0.03125,0.5,0.060625,0.0110417,0.016875,0.015
9,0.03125,0.53125,0.0596484,0.0107161,0.0178516,0.015
9,0.03125,0.5625,0.0586718,0.0103906,0.0188281,0.015
9,0.03125,0.59375,0.0576953,0.0100651,0.0198047,0.0149999
9,0.03125,0.625,0.0567187,0.0097396,0.0207812,0.015
9,0.03125,0.65625,0.0557421,0.00941408,0.0217578,0.0149999
9,0.03125,0.6875,0.0547656,0.00908855,0.0227344,0.0149999
9,0.03125,0.71875,0.053789,0.00876303,0.0237109,0.015
9,0.03125,0.75,0.0528124,0.00843752,0.0246875,0.0149999
9,0.03125,0.78125,0.051836,0.00811197,0.0256641,0.015
9,0.03125,0.8125,0.0508593,0.00778646,0.0266406,0.015
9,0.03125,0.84375,0.0498828,0.00746092,0.0276172,0.015
9,0.03125,0.875,0.0489062,0.00713541,0.0285937,0.015
9,0.03125,0.90625,0.0479296,0.00680989,0.0295703,0.015
9,0.03125,0.9375,0.0469531,0.00648436,0.0305468,0.015
9,0.03125,0.96875,0.0459766,0.00615884,0.0315234,0.015
9,0.03125,1,0.0449999,0.00583334,0.0325,0.0149999
9,0.0625,0,0.1075,0.0474999,0.0325,0.015
9,0.0625,0.03125,0.105547,0.0468489,0.0344531,0.015
9,0.0625,0.0625,0.103594,0.0461979,0.0364062,0.0149999
9,0.0625,0.09375,0.101641,0.0455468,0.0383594,0.0150001
9,0.0625,0.125,0.0996874,0.0448959,0.0403125,0.0149999
9,0.0625,0.15625,0.0977343,0.0442448,0.0422656,0.0149999
9,0.0625,0.1875,0.0957812,0.0435938,0.0442186,0.0149999
9,0.0625,0.21875,0.093828,0.0429428,0.0461718,0.0149999
9,0.0625,0.25,0.0918749,0.0422917,0.048125,0.0149999
9,0.0625,0.28125,0.0899218,0.0416406,0.0500781,0.015
9,0.0625,0.3125,0.0879688,0.0409896,0.0520312,0.015
9,0.0625,0.34375,0.0860156,0.0403385,0.0539843,0.015
9,0.0625,0.375,0.0840624,0.0396876,0.0559375,0.0149999
9,0.0625,0.40625,0.0821093,0.0390365,0.0578906,0.0149999
9,0.0625,0.4375,0.0801563,0.0383854,0.0598437,0.015
9,0.0625,0.46875,0.078203,0.0377344,0.0617968,0.0149999
9,0.0625,0.5,0.07625,0.0370833,0.0637499,0.015
9,0.0625,0.53125,0.0742969,0.0364323,0.0657031,0.015
9,0.0625,0.5625,0.0723437,0.0357813,0.0676562,0.0149999
9,0.0625,0.59375,0.0703906,0.0351302,0.0696094,0.015
9,0.0625,0.625,0.0684375,0.0344791,0.0715625,0.015
9,0.0625,0.65625,0.0664844,0.0338281,0.0735156,0.0150001
9,0.0625,0.6875,0.0645312,0.0331771,0.0754688,0.015
9,0.0625,0.71875,0.0625781,0.032526,0.0774218,0.015
9,0.0625,0.75,0.060625,0.0318749,0.079375,0.015
9,0.0625,0.78125,0.0586718,0.031224,0.0813281,0.0149999
9,0.0625,0.8125,0.0567187,0.0305729,0.0832812,0.015
9,0.0625,0.84375,0.0547655,0.0299219,0.0852343,0.0149999
9,0.0625,0.875,0.0528125,0.0292709,0.0871875,0.015
9,0.0625,0.90625,0.0508593,0.0286198,0.0891406,0.015
9,0.0625,0.9375,0.0489062,0.0279688,0.0910937,0.0149999
9,0.0625,0.96875,0.0469532,0.0273177,0.0930468,0.015
9,0.0625,1,0.0449999,0.0266667,0.095,0.0149999
9,0.09375,0,0.13875,0.0787501,0.0637499,0.0149998
9,0.09375,0.03125,0.13582,0.0777734,0.0666797,0.015
9,0.09375,0.0625,0.132891,0.0767969,0.0696093,0.0149999
9,0.09375,0.09375,0.129961,0.0758202,0.0725391,0.0150001
9,0.09375,0.125,0.127031,0.0748438,0.0754687,0.015
9,0.09375,0.15625,0.124102,0.0738672,0.0783984,0.015
9,0.09375,0.1875,0.121172,0.0728905,0.0813281,0.015
9,0.09375,0.21875,0.118242,0.0719141,0.0842577,0.0149999
9,0.09375,0.25,0.115312,0.0709375,0.0871875,0.015
9,0.09375,0.28125,0.112383,0.069961,0.0901171,0.0149999
9,0.09375,0.3125,0.109453,0.0689843,0.0930468,0.015
9,0.09375,0.34375,0.106523,0.0680078,0.0959766,0.015
9,0.09375,0.375,0.103594,0.0670312,0.0989062,0.015
9,0.09375,0.40625,0.100664,0.0660547,0.101836,0.015
9,0.09375,0.4375,0.0977343,0.0650781,0.104766,0.0149999
9,0.09375,0.46875,0.0948047,0.0641015,0.107695,0.015
9,0.09375,0.5,0.0918748,0.0631251,0.110625,0.0149998
9,0.09375,0.53125,0.0889453,0.0621484,0.113555,0.015
9,0.09375,0.5625,0.0860156,0.0611718,0.116484,0.015
9,0.09375,0.59375,0.083086,0.0601953,0.119414,0.015
9,0.09375,0.625,0.0801562,0.0592187,0.122344,0.015
9,0.09375,0.65625,0.0772265,0.0582422,0.125273,0.0149999
9,0.09375,0.6875,0.0742968,0.0572657,0.128203,0.0149999
9,0.09375,0.71875,0.0713672,0.0562891,0.131133,0.015
9,0.09375,0.75,0.0684375,0.0553125,0.134062,0.015
9,0.09375,0.78125,0.0655078,0.0543359,0.136992,0.0149999
9,0.09375,0.8125,0.0625781,0.0533593,0.139922,0.015
9,0.09375,0.84375,0.0596484,0.0523828,0.142852,0.015
9,0.09375,0.875,0.0567188,0.0514062,0.145781,0.0150001
9,0.09375,0.90625,0.0537891,0.0504297,0.148711,0.015
9,0.09375,0.9375,0.0508594,0.0494531,0.151641,0.015
9,0.09375,0.96875,0.0479297,0.0484765,0.15457,0.015
9,0.09375,1,0.045,0.0475,0.1575,0.015
9,0.125,0,0.17,0.11,0.095,0.0149999
9,0.125,0.03125,0.166094,0.108698,0.0989063,0.015
9,0.125,0.0625,0.162187,0.107396,0.102812,0.015
9,0.125,0.09375,0.158281,0.106094,0.106719,0.015
9,0.125,0.125,0.154375,0.104792,0.110625,0.015
9,0.125,0.15625,0.150469,0.103489,0.114531,0.015
9,0.125,0.1875,0.146563,0.102187,0.118437,0.015
9,0.125,0.21875,0.142656,0.100885,0.122344,0.015
9,0.125,0.25,0.13875,0.0995832,0.12625,0.015
9,0.125,0.28125,0.134844,0.0982811,0.130156,0.0150001
9,0.125,0.3125,0.130938,0.0969791,0.134062,0.015
9,0.125,0.34375,0.127031,0.095677,0.137969,0.015
9,0.125,0.375,0.123125,0.094375,0.141875,0.0149999
9,0.125,0.40625,0.119219,0.0930729,0.145781,0.015
9,0.125,0.4375,0.115313,0.0917708,0.149687,0.0150001
9,0.125,0.46875,0.111406,0.0904687,0.153594,0.0149999
9,0.125,0.5,0.1075,0.0891666,0.1575,0.0150001
9,0.125,0.53125,0.103594,0.0878646,0.161406,0.0149999
9,0.125,0.5625,0.0996875,0.0865625,0.165312,0.015
9,0.125,0.59375,0.0957812,0.0852604,0.169219,0.0149999
9,0.125,0.625,0.0918751,0.0839582,0.173125,0.0150001
9,0.125,0.65625,0.087969,0.0826561,0.177031,0.0150002
9,0.125,0.6875,0.0840625,0.0813542,0.180937,0.015
9,0.125,0.71875,0.0801564,0.080052,0.184844,0.0150002
9,0.125,0.75,0.07625,0.07875,0.18875,0.015
9,0.125,0.78125,0.0723437,0.0774479,0.192656,0.015
9,0.125,0.8125,0.0684376,0.0761458,0.196562,0.0150001
9,0.125,0.84375,0.0645312,0.0748438,0.200469,0.015
9,0.125,0.875,0.0606249,0.0735417,0.204375,0.0149999
9,0.125,0.90625,0.0567187,0.0722396,0.208281,0.015
9,0.125,0.9375,0.0528124,0.0709376,0.212187,0.0149999
9,0.125,0.96875,0.0489062,0.0696354,0.216094,0.015
9,0.125,1,0.0449998,0.0683334,0.22,0.0149998
9,0.15625,0,0.20125,0.14125,0.12625,0.015
9,0.15625,0.03125,0.196367,0.139622,0.131133,0.0149998
9,0.15625,0.0625,0.191484,0.137995,0.136016,0.015
9,0.15625,0.09375,0.186601,0.136367,0.140898,0.0149999
9,0.15625,0.125,0.181719,0.13474,0.145781,0.0149998
9,0.15625,0.15625,0.176836,0.133112,0.150664,0.0149999
9,0.15625,0.1875,0.171953,0.131484,0.155547,0.0149999
9,0.15625,0.21875,0.16707,0.129857,0.16043,0.0150001
9,0.15625,0.25,0.162188,0.128229,0.165312,0.0150001
9,0.15625,0.28125,0.157305,0.126602,0.170195,0.0149999
9,0.15625,0.3125,0.152422,0.124974,0.175078,0.015
9,0.15625,0.34375,0.147539,0.123346,0.179961,0.015
9,0.15625,0.375,0.142656,0.121719,0.184844,0.0149999
9,0.15625,0.40625,0.137773,0.120091,0.189727,0.015
9,0.15625,0.4375,0.13289,0.118464,0.194609,0.0149999
9,0.15625,0.46875,0.128008,0.116836,0.199492,0.015
9,0.15625,0.5,0.123125,0.115208,0.204375,0.0150001
9,0.15625,0.53125,0.118242,0.113581,0.209258,0.015
9,0.15625,0.5625,0.113359,0.111953,0.214141,0.0149999
9,0.15625,0.59375,0.108477,0.110325,0.219023,0.015
9,0.15625,0.625,0.103593,0.108698,0.223906,0.0149997
9,0.15625,0.65625,0.0987108,0.10707,0.228789,0.0149999
9,0.15625,0.6875,0.0938281,0.105443,0.233672,0.015
9,0.15625,0.71875,0.0889452,0.103815,0.238555,0.0149999
9,0.15625,0.75,0.0840625,0.102187,0.243437,0.015
9,0.15625,0.78125,0.0791797,0.10056,0.24832,0.015
9,0.15625,0.8125,0.0742968,0.0989323,0.253203,0.0149999
9,0.15625,0.84375,0.0694141,0.0973046,0.258086,0.015
9,0.15625,0.875,0.0645314,0.0956771,0.262969,0.0150001
9,0.15625,0.90625,0.0596486,0.0940494,0.267852,0.0150001
9,0.15625,0.9375,0.0547657,0.0924218,0.272734,0.0150001
9,0.15625,0.96875,0.0498832,0.0907941,0.277617,0.0150003
9,0.15625,1,0.0450004,0.0891665,0.2825,0.0150004
9,0.1875,0,0.2325,0.1725,0.1575,0.0149999
9,0.1875,0.03125,0.226641,0.170547,0.163359,0.0150001
9,0.1875,0.0625,0.220781,0.168594,0.169219,0.015
9,0.1875,0.09375,0.214922,0.16664,0.175078,0.0150001
9,0.1875,0.125,0.209062,0.164688,0.180937,0.015
9,0.1875,0.15625,0.203203,0.162734,0.186797,0.015
9,0.1875,0.1875,0.197344,0.160781,0.192656,0.0149999
9,0.1875,0.21875,0.191484,0.158828,0.198516,0.0149998
9,0.1875,0.25,0.185625,0.156875,0.204375,0.015
9,0.1875,0.28125,0.179766,0.154922,0.210234,0.015
9,0.1875,0.3125,0.173906,0.152969,0.216094,0.0149999
9,0.1875,0.34375,0.168047,0.151016,0.221953,0.0149999
9,0.1875,0.375,0.162188,0.149062,0.227813,0.0150001
9,0.1875,0.40625,0.156328,0.147109,0.233672,0.0149999
9,0.1875,0.4375,0.150469,0.145156,0.239531,0.015
9,0.1875,0.46875,0.144609,0.143203,0.245391,0.0150001
9,0.1875,0.5,0.13875,0.14125,0.25125,0.015
9,0.1875,0.53125,0.132891,0.139297,0.257109,0.0150001
9,0.1875,0.5625,0.127031,0.137344,0.262969,0.0150001
9,0.1875,0.59375,0.121172,0.13539,0.268828,0.015
9,0.1875,0.625,0.115312,0.133438,0.274687,0.0149998
9,0.1875,0.65625,0.109453,0.131484,0.280547,0.015
9,0.1875,0.6875,0.103594,0.129531,0.286406,0.0149999
9,0.1875,0.71875,0.0977346,0.127578,0.292266,0.0150002
9,0.1875,0.75,0.0918749,0.125625,0.298125,0.0149999
9,0.1875,0.78125,0.0860156,0.123672,0.303984,0.015
9,0.1875,0.8125,0.0801563,0.121719,0.309844,0.015
9,0.1875,0.84375,0.0742968,0.119766,0.315703,0.0149999
9,0.1875,0.875,0.0684374,0.117812,0.321562,0.0149999
9,0.1875,0.90625,0.0625783,0.115859,0.327422,0.0150002
9,0.1875,0.9375,0.0567186,0.113906,0.333281,0.0149999
9,0.1875,0.96875,0.0508596,0.111953,0.339141,0.0150002
9,0.1875,1,0.0449999,0.11,0.345,0.0149999
9,0.21875,0,0.26375,0.20375,0.18875,0.015
9,0.21875,0.03125,0.256914,0.201471,0.195586,0.0149999
9,0.21875,0.0625,0.250078,0.199193,0.202422,0.0149999
9,0.21875,0.09375,0.243242,0.196914,0.209258,0.015
9,0.21875,0.125,0.236406,0.194636,0.216094,0.0149999
9,0.21875,0.15625,0.22957,0.192357,0.22293,0.015
9,0.21875,0.1875,0.222735,0.190078,0.229766,0.0150001
9,0.21875,0.21875,0.215898,0.187799,0.236602,0.015
9,0.21875,0.25,0.209062,0.185521,0.243437,0.0149998
9,0.21875,0.28125,0.202226,0.183242,0.250273,0.0149999
9,0.21875,0.3125,0.195391,0.180964,0.257109,0.015
9,0.21875,0.34375,0.188555,0.178685,0.263945,0.0149999
9,0.21875,0.375,0.181719,0.176406,0.270781,0.015
9,0.21875,0.40625,0.174883,0.174128,0.277617,0.015
9,0.21875,0.4375,0.168047,0.171849,0.284453,0.0149999
9,0.21875,0.46875,0.161211,0.16957,0.291289,0.015
9,0.21875,0.5,0.154375,0.167292,0.298125,0.0149999
9,0.21875,0.53125,0.147539,0.165013,0.304961,0.0149998
9,0.21875,0.5625,0.140703,0.162734,0.311797,0.0150001
9,0.21875,0.59375,0.133867,0.160456,0.318633,0.0149999
9,0.21875,0.625,0.127031,0.158177,0.325469,0.0150002
9,0.21875,0.65625,0.120195,0.155898,0.332305,0.0149999
9,0.21875,0.6875,0.113359,0.15362,0.339141,0.015
9,0.21875,0.71875,0.106524,0.151341,0.345977,0.0150003
9,0.21875,0.75,0.0996877,0.149062,0.352812,0.0150002
9,0.21875,0.78125,0.0928517,0.146784,0.359648,0.0150001
9,0.21875,0.8125,0.0860157,0.144505,0.366484,0.0150001
9,0.21875,0.84375,0.0791796,0.142227,0.37332,0.0149999
9,0.21875,0.875,0.0723436,0.139948,0.380156,0.0149998
9,0.21875,0.90625,0.0655078,0.137669,0.386992,0.015
9,0.21875,0.9375,0.0586717,0.135391,0.393828,0.0149998
9,0.21875,0.96875,0.0518363,0.133112,0.400664,0.0150004
9,0.21875,1,0.0450008,0.130833,0.4075,0.0150008
9,0.25,0,0.295,0.235,0.22,0.0149999
9,0.25,0.03125,0.287187,0.232396,0.227812,0.0149999
9,0.25,0.0625,0.279375,0.229792,0.235625,0.0150002
9,0.25,0.09375,0.271562,0.227188,0.243437,0.0149997
9,0.25,0.125,0.26375,0.224583,0.25125,0.015
9,0.25,0.15625,0.255937,0.221979,0.259062,0.0149999
9,0.25,0.1875,0.248125,0.219375,0.266875,0.015
9,0.25,0.21875,0.240312,0.216771,0.274687,0.015
9,0.25,0.25,0.2325,0.214167,0.2825,0.0150001
9,0.25,0.28125,0.224688,0.211562,0.290313,0.0150001
9,0.25,0.3125,0.216875,0.208958,0.298125,0.0150001
9,0.25,0.34375,0.209062,0.206354,0.305937,0.0149997
9,0.25,0.375,0.20125,0.20375,0.31375,0.015
9,0.25,0.40625,0.193438,0.201146,0.321562,0.0150001
9,0.25,0.4375,0.185625,0.198542,0.329375,0.0150001
9,0.25,0.46875,0.177813,0.195937,0.337187,0.0150003
9,0.25,0.5,0.17,0.193333,0.345,0.0149999
9,0.25,0.53125,0.162188,0.190729,0.352812,0.015
9,0.25,0.5625,0.154375,0.188125,0.360625,0.0150003
9,0.25,0.59375,0.146562,0.185521,0.368437,0.0149999
9,0.25,0.625,0.13875,0.182917,0.37625,0.0150002
9,0.25,0.65625,0.130937,0.180313,0.384062,0.0149999
9,0.25,0.6875,0.123125,0.177708,0.391875,0.0150002
9,0.25,0.71875,0.115312,0.175104,0.399687,0.0149999
9,0.25,0.75,0.1075,0.1725,0.4075,0.0150001
9,0.25,0.78125,0.0996876,0.169896,0.415312,0.0150001
9,0.25,0.8125,0.0918749,0.167292,0.423125,0.0149999
9,0.25,0.84375,0.0840622,0.164688,0.430937,0.0149997
9,0.25,0.875,0.0762497,0.162083,0.43875,0.0149997
9,0.25,0.90625,0.0684373,0.159479,0.446563,0.0149998
9,0.25,0.9375,0.0606248,0.156875,0.454375,0.0149998
9,0.25,0.96875,0.0528128,0.154271,0.462187,0.0150003
9,0.25,1,0.0449997,0.151667,0.47,0.0149997
9,0.28125,0,0.32625,0.26625,0.25125,0.015
9,0.28125,0.03125,0.317461,0.26332,0.260039,0.0150001
9,0.28125,0.0625,0.308672,0.260391,0.268828,0.015
9,0.28125,0.09375,0.299883,0.257461,0.277617,0.0149999
9,0.28125,0.125,0.291094,0.254531,0.286406,0.0150001
9,0.28125,0.15625,0.282305,0.251602,0.295195,0.015
9,0.28125,0.1875,0.273516,0.248672,0.303984,0.015
9,0.28125,0.21875,0.264727,0.245742,0.312773,0.0150001
9,0.28125,0.25,0.255938,0.242812,0.321562,0.0150002
9,0.28125,0.28125,0.247148,0.239883,0.330351,0.0149997
9,0.28125,0.3125,0.238359,0.236953,0.339141,0.015
9,0.28125,0.34375,0.22957,0.234023,0.34793,0.0150001
9,0.28125,0.375,0.220781,0.231094,0.356719,0.015
9,0.28125,0.40625,0.211992,0.228164,0.365508,0.0150001
9,0.28125,0.4375,0.203203,0.225234,0.374297,0.0149999
9,0.28125,0.46875,0.194414,0.222305,0.383086,0.015
9,0.28125,0.5,0.185625,0.219375,0.391875,0.015
9,0.28125,0.53125,0.176836,0.216445,0.400664,0.0149999
9,0.28125,0.5625,0.168047,0.213516,0.409453,0.0149998
9,0.28125,0.59375,0.159258,0.210586,0.418242,0.0149999
9,0.28125,0.625,0.150469,0.207656,0.427031,0.0150001
9,0.28125,0.65625,0.141679,0.204727,0.43582,0.0149997
9,0.28125,0.6875,0.132891,0.201797,0.444609,0.015
9,0.28125,0.71875,0.124102,0.198867,0.453398,0.015
9,0.28125,0.75,0.115312,0.195938,0.462187,0.0149998
9,0.28125,0.78125,0.106524,0.193008,0.470977,0.0150001
9,0.28125,0.8125,0.0977347,0.190078,0.479766,0.0150004
9,0.28125,0.84375,0.0889457,0.187148,0.488554,0.0150004
9,0.28125,0.875,0.0801563,0.184219,0.497344,0.0150001
9,0.28125,0.90625,0.0713675,0.181289,0.506133,0.0150004
9,0.28125,0.9375,0.062578,0.178359,0.514922,0.0149999
9,0.28125,0.96875,0.0537892,0.17543,0.523711,0.0150001
9,0.28125,1,0.0450005,0.1725,0.5325,0.0150005
9,0.3125,0,0.3575,0.2975,0.2825,0.0149997
9,0.3125,0.03125,0.347734,0.294245,0.292265,0.0149998
9,0.3125,0.0625,0.337969,0.290989,0.302031,0.0150002
9,0.3125,0.09375,0.328203,0.287734,0.311797,0.015
9,0.3125,0.125,0.318438,0.284479,0.321562,0.0150002
9,0.3125,0.15625,0.308672,0.281224,0.331328,0.0149999
9,0.3125,0.1875,0.298906,0.277969,0.341094,0.0150001
9,0.3125,0.21875,0.289141,0.274714,0.350859,0.015
9,0.3125,0.25,0.279375,0.271458,0.360625,0.0150001
9,0.3125,0.28125,0.269609,0.268203,0.370391,0.015
9,0.3125,0.3125,0.259844,0.264948,0.380156,0.0150001
9,0.3125,0.34375,0.250078,0.261693,0.389922,0.015
9,0.3125,0.375,0.240313,0.258437,0.399687,0.0150001
9,0.3125,0.40625,0.230547,0.255182,0.409453,0.015
9,0.3125,0.4375,0.220781,0.251927,0.419219,0.015
9,0.3125,0.46875,0.211016,0.248672,0.428984,0.0149999
9,0.3125,0.5,0.20125,0.245417,0.43875,0.0149998
9,0.3125,0.53125,0.191484,0.242161,0.448515,0.015
9,0.3125,0.5625,0.181719,0.238906,0.458281,0.0150002
9,0.3125,0.59375,0.171953,0.235651,0.468047,0.0149999
9,0.3125,0.625,0.162187,0.232396,0.477812,0.0149997
9,0.3125,0.65625,0.152422,0.229141,0.487578,0.0149997
9,0.3125,0.6875,0.142656,0.225885,0.497344,0.0149998
9,0.3125,0.71875,0.132891,0.22263,0.507109,0.015
9,0.3125,0.75,0.123125,0.219375,0.516875,0.0150001
9,0.3125,0.78125,0.113359,0.21612,0.52664,0.0149994
9,0.3125,0.8125,0.103594,0.212865,0.536406,0.015
9,0.3125,0.84375,0.0938279,0.209609,0.546172,0.0149998
9,0.3125,0.875,0.0840627,0.206354,0.555937,0.0150002
9,0.3125,0.90625,0.0742976,0.203099,0.565703,0.0150007
9,0.3125,0.9375,0.0645304,0.199844,0.575469,0.0149992
9,0.3125,0.96875,0.0547653,0.196589,0.585234,0.0149997
9,0.3125,1,0.0449991,0.193333,0.595,0.0149991
9,0.34375,0,0.38875,0.32875,0.31375,0.0149998
9,0.34375,0.03125,0.378008,0.325169,0.324492,0.015
9,0.34375,0.0625,0.367266,0.321588,0.335234,0.015
9,0.34375,0.09375,0.356523,0.318008,0.345976,0.015
9,0.34375,0.125,0.345781,0.314427,0.356719,0.0149997
9,0.34375,0.15625,0.335039,0.310846,0.367461,0.015
9,0.34375,0.1875,0.324297,0.307266,0.378203,0.0149999
9,0.34375,0.21875,0.313554,0.303685,0.388945,0.0149998
9,0.34375,0.25,0.302813,0.300104,0.399687,0.0150002
9,0.34375,0.28125,0.29207,0.296523,0.41043,0.0149999
9,0.34375,0.3125,0.281328,0.292943,0.421172,0.015
9,0.34375,0.34375,0.270586,0.289362,0.431914,0.0149999
9,0.34375,0.375,0.259844,0.285781,0.442656,0.0149999
9,0.34375,0.40625,0.249102,0.282201,0.453398,0.0150001
9,0.34375,0.4375,0.238359,0.27862,0.464141,0.0149995
9,0.34375,0.46875,0.227617,0.275039,0.474883,0.0150001
9,0.34375,0.5,0.216875,0.271458,0.485625,0.0149998
9,0.34375,0.53125,0.206133,0.267878,0.496367,0.0150002
9,0.34375,0.5625,0.19539,0.264297,0.507109,0.0149997
9,0.34375,0.59375,0.184648,0.260716,0.517851,0.015
9,0.34375,0.625,0.173906,0.257136,0.528594,0.0149999
9,0.34375,0.65625,0.163164,0.253555,0.539336,0.0150001
9,0.34375,0.6875,0.152422,0.249974,0.550078,0.015
9,0.34375,0.71875,0.14168,0.246393,0.56082,0.0150002
9,0.34375,0.75,0.130937,0.242813,0.571562,0.0149999
9,0.34375,0.78125,0.120195,0.239232,0.582305,0.0149994
9,0.34375,0.8125,0.109453,0.235651,0.593047,0.0150001
9,0.34375,0.84375,0.098711,0.23207,0.603789,0.0150001
9,0.34375,0.875,0.0879689,0.228489,0.614531,0.0150001
9,0.34375,0.90625,0.0772264,0.224909,0.625274,0.0149998
9,0.34375,0.9375,0.0664846,0.221328,0.636016,0.0150003
9,0.34375,0.96875,0.0557415,0.217747,0.646758,0.0149993
9,0.34375,1,0.0450006,0.214167,0.6575,0.0150006
9,0.375,0,0.42,0.36,0.345,0.015
9,0.375,0.03125,0.408281,0.356094,0.356719,0.0150001
9,0.375,0.0625,0.396563,0.352187,0.368437,0.0150001
9,0.375,0.09375,0.384844,0.348281,0.380156,0.0150002
9,0.375,0.125,0.373125,0.344375,0.391875,0.015
9,0.375,0.15625,0.361406,0.340469,0.403594,0.0150001
9,0.375,0.1875,0.349688,0.336562,0.415312,0.015
9,0.375,0.21875,0.337969,0.332656,0.427031,0.0149999
9,0.375,0.25,0.32625,0.32875,0.43875,0.0149998
9,0.375,0.28125,0.314531,0.324844,0.450469,0.015
9,0.375,0.3125,0.302813,0.320937,0.462187,0.0150001
9,0.375,0.34375,0.291094,0.317031,0.473906,0.0150002
9,0.375,0.375,0.279375,0.313125,0.485625,0.015
9,0.375,0.40625,0.267656,0.309219,0.497344,0.0150001
9,0.375,0.4375,0.255938,0.305312,0.509062,0.0150002
9,0.375,0.46875,0.244219,0.301406,0.520781,0.0150003
9,0.375,0.5,0.2325,0.2975,0.5325,0.0149999
9,0.375,0.53125,0.220781,0.293594,0.544219,0.015
9,0.375,0.5625,0.209063,0.289687,0.555937,0.0150003
9,0.375,0.59375,0.197344,0.285781,0.567656,0.0150001
9,0.375,0.625,0.185625,0.281875,0.579375,0.0150005
9,0.375,0.65625,0.173906,0.277969,0.591094,0.0150002
9,0.375,0.6875,0.162188,0.274062,0.602812,0.0150002
9,0.375,0.71875,0.150469,0.270156,0.614531,0.0149998
9,0.375,0.75,0.13875,0.26625,0.62625,0.0149997
9,0.375,0.78125,0.127032,0.262344,0.637969,0.0150003
9,0.375,0.8125,0.115313,0.258437,0.649687,0.0150003
9,0.375,0.84375,0.103594,0.254531,0.661406,0.0149998
9,0.375,0.875,0.0918741,0.250625,0.673125,0.0149991
9,0.375,0.90625,0.0801562,0.246719,0.684844,0.0149999
9,0.375,0.9375,0.0684376,0.242812,0.696562,0.0150001
9,0.375,0.96875,0.056719,0.238906,0.708281,0.0150002
9,0.375,1,0.0450001,0.235,0.72,0.0150001
9,0.40625,0,0.45125,0.39125,0.37625,0.0149999
9,0.40625,0.03125,0.438555,0.387018,0.388945,0.0150003
9,0.40625,0.0625,0.425859,0.382786,0.401641,0.0150001
9,0.40625,0.09375,0.413164,0.378555,0.414336,0.0149999
9,0.40625,0.125,0.400469,0.374323,0.427031,0.015
9,0.40625,0.15625,0.387774,0.370091,0.439727,0.0150002
9,0.40625,0.1875,0.375078,0.365859,0.452422,0.015
9,0.40625,0.21875,0.362383,0.361628,0.465117,0.0149997
9,0.40625,0.25,0.349687,0.357396,0.477812,0.0149998
9,0.40625,0.28125,0.336992,0.353164,0.490508,0.0149998
9,0.40625,0.3125,0.324297,0.348932,0.503203,0.0149997
9,0.40625,0.34375,0.311602,0.3447,0.515898,0.0150002
9,0.40625,0.375,0.298906,0.340469,0.528594,0.0149997
9,0.40625,0.40625,0.286211,0.336237,0.541289,0.0149999
9,0.40625,0.4375,0.273516,0.332005,0.553984,0.0150001
9,0.40625,0.46875,0.260821,0.327773,0.56668,0.0150003
9,0.40625,0.5,0.248125,0.323542,0.579375,0.0150002
9,0.40625,0.53125,0.23543,0.31931,0.59207,0.015
9,0.40625,0.5625,0.222734,0.315078,0.604766,0.0149996
9,0.40625,0.59375,0.210039,0.310846,0.617461,0.0150002
9,0.40625,0.625,0.197344,0.306614,0.630156,0.0150004
9,0.40625,0.65625,0.184649,0.302383,0.642851,0.0150002
9,0.40625,0.6875,0.171954,0.298151,0.655547,0.0150007
9,0.40625,0.71875,0.159258,0.293919,0.668242,0.0150002
9,0.40625,0.75,0.146563,0.289687,0.680937,0.0150004
9,0.40625,0.78125,0.133868,0.285456,0.693633,0.0150003
9,0.40625,0.8125,0.121172,0.281224,0.706328,0.0150001
9,0.40625,0.84375,0.108477,0.276992,0.719023,0.0150008
9,0.40625,0.875,0.0957812,0.27276,0.731719,0.015
9,0.40625,0.90625,0.0830862,0.268528,0.744414,0.0150003
9,0.40625,0.9375,0.0703907,0.264297,0.757109,0.015
9,0.40625,0.96875,0.0576966,0.260065,0.769805,0.0150013
9,0.40625,1,0.0449988,0.255833,0.7825,0.0149988
9,0.4375,0,0.4825,0.4225,0.4075,0.0149998
9,0.4375,0.03125,0.468828,0.417943,0.421172,0.0150001
9,0.4375,0.0625,0.455157,0.413385,0.434844,0.0150003
9,0.4375,0.09375,0.441484,0.408828,0.448515,0.015
9,0.4375,0.125,0.427813,0.40427,0.462187,0.0150004
9,0.4375,0.15625,0.414141,0.399713,0.475859,0.0150001
9,0.4375,0.1875,0.400469,0.395156,0.489531,0.0149999
9,0.4375,0.21875,0.386797,0.390599,0.503203,0.0149998
9,0.4375,0.25,0.373125,0.386042,0.516875,0.0149999
9,0.4375,0.28125,0.359453,0.381485,0.530547,0.0149997
9,0.4375,0.3125,0.345781,0.376927,0.544219,0.0150002
9,0.4375,0.34375,0.332109,0.37237,0.557891,0.0149997
9,0.4375,0.375,0.318437,0.367813,0.571562,0.0149999
9,0.4375,0.40625,0.304765,0.363255,0.585234,0.0149998
9,0.4375,0.4375,0.291094,0.358698,0.598906,0.0149998
9,0.4375,0.46875,0.277422,0.354141,0.612578,0.0149998
9,0.4375,0.5,0.26375,0.349583,0.62625,0.0149998
9,0.4375,0.53125,0.250078,0.345026,0.639922,0.0149997
9,0.4375,0.5625,0.236406,0.340469,0.653594,0.0149997
9,0.4375,0.59375,0.222734,0.335911,0.667266,0.0149999
9,0.4375,0.625,0.209062,0.331354,0.680937,0.0149997
9,0.4375,0.65625,0.19539,0.326797,0.694609,0.0149998
9,0.4375,0.6875,0.181719,0.322239,0.708281,0.0150006
9,0.4375,0.71875,0.168047,0.317682,0.721953,0.0150001
9,0.4375,0.75,0.154375,0.313125,0.735625,0.0150001
9,0.4375,0.78125,0.140703,0.308568,0.749297,0.0149998
9,0.4375,0.8125,0.127031,0.30401,0.762969,0.0150002
9,0.4375,0.84375,0.11336,0.299453,0.776641,0.0150003
9,0.4375,0.875,0.0996869,0.294896,0.790312,0.0149994
9,0.4375,0.90625,0.0860149,0.290339,0.803984,0.0149992
9,0.4375,0.9375,0.0723422,0.285782,0.817656,0.0149985
9,0.4375,0.96875,0.0586726,0.281224,0.831328,0.0150007
9,0.4375,1,0.0450015,0.276666,0.845,0.0150015
9,0.46875,0,0.51375,0.45375,0.43875,0.0149998
9,0.46875,0.03125,0.499102,0.448867,0.453399,0.0150001
9,0.46875,0.0625,0.484454,0.443984,0.468047,0.0150004
9,0.46875,0.09375,0.469805,0.439102,0.482695,0.015
9,0.46875,0.125,0.455156,0.434219,0.497344,0.0149997
9,0.46875,0.15625,0.440508,0.429336,0.511992,0.0149998
9,0.46875,0.1875,0.425859,0.424453,0.52664,0.0149999
9,0.46875,0.21875,0.411211,0.41957,0.541289,0.0149999
9,0.46875,0.25,0.396563,0.414687,0.555937,0.0150001
9,0.46875,0.28125,0.381914,0.409805,0.570586,0.015
9,0.46875,0.3125,0.367265,0.404922,0.585234,0.0149997
9,0.46875,0.34375,0.352617,0.400039,0.599883,0.015
9,0.46875,0.375,0.337969,0.395156,0.614531,0.0150001
9,0.46875,0.40625,0.32332,0.390273,0.62918,0.0150002
9,0.46875,0.4375,0.308672,0.385391,0.643828,0.0149999
9,0.46875,0.46875,0.294024,0.380508,0.658477,0.0150004
9,0.46875,0.5,0.279375,0.375625,0.673125,0.0150005
9,0.46875,0.53125,0.264727,0.370742,0.687773,0.015
9,0.46875,0.5625,0.250078,0.36586,0.702422,0.0149996
9,0.46875,0.59375,0.23543,0.360977,0.71707,0.0149999
9,0.46875,0.625,0.220781,0.356094,0.731718,0.015
9,0.46875,0.65625,0.206133,0.351211,0.746367,0.0150003
9,0.46875,0.6875,0.191484,0.346328,0.761015,0.0149997
9,0.46875,0.71875,0.176835,0.341445,0.775664,0.0149995
9,0.46875,0.75,0.162188,0.336562,0.790312,0.015
9,0.46875,0.78125,0.147539,0.33168,0.804961,0.0149995
9,0.46875,0.8125,0.132891,0.326797,0.819609,0.0150003
9,0.46875,0.84375,0.118242,0.321914,0.834258,0.0149998
9,0.46875,0.875,0.103593,0.317031,0.848906,0.0149996
9,0.46875,0.90625,0.0889451,0.312148,0.863555,0.0149998
9,0.46875,0.9375,0.0742973,0.307266,0.878203,0.0150004
9,0.46875,0.96875,0.0596484,0.302383,0.892852,0.015
9,0.46875,1,0.0450012,0.2975,0.9075,0.0150012
9,0.5,0,0.545,0.485,0.47,0.0150002
9,0.5,0.03125,0.529375,0.479792,0.485625,0.0149998
9,0.5,0.0625,0.51375,0.474583,0.50125,0.015
9,0.5,0.09375,0.498125,0.469375,0.516875,0.0150001
9,0.5,0.125,0.4825,0.464167,0.5325,0.015
9,0.5,0.15625,0.466875,0.458958,0.548125,0.0150003
9,0.5,0.1875,0.45125,0.45375,0.56375,0.0150001
9,0.5,0.21875,0.435625,0.448541,0.579375,0.015
9,0.5,0.25,0.42,0.443333,0.595,0.0150002
9,0.5,0.28125,0.404375,0.438125,0.610625,0.015
9,0.5,0.3125,0.38875,0.432917,0.62625,0.015
9,0.5,0.34375,0.373125,0.427709,0.641875,0.0149996
9,0.5,0.375,0.3575,0.4225,0.6575,0.015
9,0.5,0.40625,0.341875,0.417292,0.673125,0.015
9,0.5,0.4375,0.32625,0.412083,0.68875,0.0150005
9,0.5,0.46875,0.310625,0.406875,0.704375,0.0150001
9,0.5,0.5,0.295,0.401667,0.72,0.0149995
9,0.5,0.53125,0.279375,0.396458,0.735625,0.0149998
9,0.5,0.5625,0.26375,0.39125,0.75125,0.0149996
9,0.5,0.59375,0.248125,0.386042,0.766875,0.015
9,0.5,0.625,0.2325,0.380833,0.7825,0.0149998
9,0.5,0.65625,0.216874,0.375625,0.798125,0.0149993
9,0.5,0.6875,0.20125,0.370417,0.81375,0.0150002
9,0.5,0.71875,0.185626,0.365208,0.829375,0.0150006
9,0.5,0.75,0.169999,0.36,0.845,0.0149992
9,0.5,0.78125,0.154374,0.354792,0.860625,0.0149991
9,0.5,0.8125,0.13875,0.349583,0.87625,0.0150002
9,0.5,0.84375,0.123125,0.344375,0.891875,0.0150003
9,0.5,0.875,0.107499,0.339167,0.9075,0.0149987
9,0.5,0.90625,0.0918739,0.333959,0.923125,0.0149989
9,0.5,0.9375,0.07625,0.32875,0.93875,0.015
9,0.5,0.96875,0.0606251,0.323542,0.954375,0.0150001
9,0.5,1,0.045,0.318334,0.97,0.015
9,0.53125,0,0.57625,0.51625,0.50125,0.0150002
9,0.53125,0.03125,0.561601,0.511367,0.515898,0.0149999
9,0.53125,0.0625,0.546953,0.506484,0.530547,0.0150001
9,0.53125,0.09375,0.532305,0.501602,0.545195,0.0150002
9,0.53125,0.125,0.517656,0.496719,0.559844,0.0149999
9,0.53125,0.15625,0.503008,0.491836,0.574492,0.0149999
9,0.53125,0.1875,0.48836,0.486953,0.589141,0.0150004
9,0.53125,0.21875,0.473711,0.48207,0.603789,0.0149999
9,0.53125,0.25,0.459062,0.477188,0.618438,0.0149998
9,0.53125,0.28125,0.444414,0.472304,0.633086,0.015
9,0.53125,0.3125,0.429766,0.467422,0.647734,0.0150002
9,0.53125,0.34375,0.415117,0.462539,0.662383,0.0150002
9,0.53125,0.375,0.400469,0.457656,0.677031,0.0149999
9,0.53125,0.40625,0.38582,0.452773,0.69168,0.0149999
9,0.53125,0.4375,0.371172,0.44789,0.706328,0.0150003
9,0.53125,0.46875,0.356524,0.443008,0.720976,0.0150002
9,0.53125,0.5,0.341875,0.438125,0.735625,0.0150003
9,0.53125,0.53125,0.327227,0.433242,0.750273,0.0150004
9,0.53125,0.5625,0.312578,0.42836,0.764922,0.0149998
9,0.53125,0.59375,0.29793,0.423477,0.77957,0.0150003
9,0.53125,0.625,0.283281,0.418594,0.794219,0.015
9,0.53125,0.65625,0.268633,0.413711,0.808867,0.0150003
9,0.53125,0.6875,0.253985,0.408828,0.823515,0.0150006
9,0.53125,0.71875,0.239336,0.403945,0.838164,0.0149998
9,0.53125,0.75,0.224687,0.399063,0.852812,0.0149994
9,0.53125,0.78125,0.21004,0.39418,0.867461,0.0150005
9,0.53125,0.8125,0.195391,0.389297,0.882109,0.0150005
9,0.53125,0.84375,0.180742,0.384414,0.896758,0.0149997
9,0.53125,0.875,0.166095,0.379531,0.911406,0.0150009
9,0.53125,0.90625,0.151445,0.374648,0.926055,0.0149998
9,0.53125,0.9375,0.136797,0.369766,0.940703,0.0149998
9,0.53125,0.96875,0.122149,0.364883,0.955351,0.0150004
9,0.53125,1,0.1075,0.36,0.97,0.0150004
9,0.5625,0,0.6075,0.5475,0.5325,0.015
9,0.5625,0.03125,0.593828,0.542943,0.546172,0.0149999
9,0.5625,0.0625,0.580156,0.538386,0.559844,0.0149999
9,0.5625,0.09375,0.566484,0.533828,0.573515,0.0150001
9,0.5625,0.125,0.552813,0.529271,0.587187,0.0150002
9,0.5625,0.15625,0.53914,0.524714,0.600859,0.0149995
9,0.5625,0.1875,0.525469,0.520156,0.614531,0.015
9,0.5625,0.21875,0.511797,0.515599,0.628203,0.0150003
9,0.5625,0.25,0.498125,0.511042,0.641875,0.0150001
9,0.5625,0.28125,0.484453,0.506485,0.655547,0.0149995
9,0.5625,0.3125,0.470781,0.501927,0.669219,0.0150001
9,0.5625,0.34375,0.457109,0.49737,0.68289,0.0149997
9,0.5625,0.375,0.443438,0.492812,0.696563,0.015
9,0.5625,0.40625,0.429765,0.488255,0.710234,0.0149994
9,0.5625,0.4375,0.416094,0.483698,0.723906,0.0150006
9,0.5625,0.46875,0.402422,0.47914,0.737578,0.0150001
9,0.5625,0.5,0.38875,0.474583,0.75125,0.0150003
9,0.5625,0.53125,0.375078,0.470026,0.764922,0.0149995
9,0.5625,0.5625,0.361406,0.465469,0.778594,0.0149994
9,0.5625,0.59375,0.347735,0.460911,0.792266,0.0150003
9,0.5625,0.625,0.334063,0.456354,0.805938,0.0150002
9,0.5625,0.65625,0.32039,0.451797,0.819609,0.0149998
9,0.5625,0.6875,0.306719,0.447239,0.833281,0.0150006
9,0.5625,0.71875,0.293047,0.442682,0.846953,0.0149998
9,0.5625,0.75,0.279375,0.438125,0.860625,0.015
9,0.5625,0.78125,0.265703,0.433568,0.874297,0.015
9,0.5625,0.8125,0.252032,0.42901,0.887969,0.0150009
9,0.5625,0.84375,0.23836,0.424453,0.901641,0.0150004
9,0.5625,0.875,0.224688,0.419896,0.915313,0.0150006
9,0.5625,0.90625,0.211015,0.415339,0.928984,0.0149998
9,0.5625,0.9375,0.197345,0.410781,0.942656,0.0150011
9,0.5625,0.96875,0.183671,0.406224,0.956328,0.0149994
9,0.5625,1,0.17,0.401667,0.97,0.0149996
9,0.59375,0,0.63875,0.57875,0.56375,0.0150001
9,0.59375,0.03125,0.626055,0.574518,0.576445,0.0150003
9,0.59375,0.0625,0.613359,0.570287,0.589141,0.015
9,0.59375,0.09375,0.600664,0.566055,0.601836,0.0149999
9,0.59375,0.125,0.587969,0.561823,0.614531,0.015
9,0.59375,0.15625,0.575274,0.557591,0.627226,0.0150005
9,0.59375,0.1875,0.562578,0.553359,0.639922,0.0150004
9,0.59375,0.21875,0.549883,0.549128,0.652617,0.0150001
9,0.59375,0.25,0.537188,0.544896,0.665312,0.015
9,0.59375,0.28125,0.524493,0.540664,0.678008,0.0150004
9,0.59375,0.3125,0.511797,0.536432,0.690703,0.015
9,0.59375,0.34375,0.499102,0.532201,0.703398,0.0150002
9,0.59375,0.375,0.486406,0.527969,0.716094,0.0149997
9,0.59375,0.40625,0.473711,0.523737,0.728789,0.0149997
9,0.59375,0.4375,0.461016,0.519505,0.741484,0.0150003
9,0.59375,0.46875,0.44832,0.515273,0.75418,0.0150001
9,0.59375,0.5,0.435624,0.511042,0.766875,0.0149993
9,0.59375,0.53125,0.422929,0.50681,0.77957,0.0149998
9,0.59375,0.5625,0.410234,0.502578,0.792266,0.0150001
9,0.59375,0.59375,0.397539,0.498346,0.804961,0.0150001
9,0.59375,0.625,0.384843,0.494115,0.817656,0.0149995
9,0.59375,0.65625,0.372149,0.489883,0.830352,0.0150001
9,0.59375,0.6875,0.359453,0.485651,0.843047,0.0150002
9,0.59375,0.71875,0.346757,0.48142,0.855742,0.0149991
9,0.59375,0.75,0.334062,0.477188,0.868437,0.0149996
9,0.59375,0.78125,0.321368,0.472956,0.881133,0.0150004
9,0.59375,0.8125,0.308672,0.468724,0.893828,0.0150005
9,0.59375,0.84375,0.295977,0.464492,0.906523,0.0150003
9,0.59375,0.875,0.283281,0.460261,0.919219,0.0149994
9,0.59375,0.90625,0.270585,0.456029,0.931914,0.0149987
9,0.59375,0.9375,0.25789,0.451797,0.944609,0.0149995
9,0.59375,0.96875,0.245195,0.447565,0.957305,0.0149993
9,0.59375,1,0.2325,0.443333,0.97,0.0150003
9,0.625,0,0.67,0.61,0.595,0.0149998
9,0.625,0.03125,0.658281,0.606094,0.606718,0.0149999
9,0.625,0.0625,0.646563,0.602187,0.618437,0.0150002
9,0.625,0.09375,0.634844,0.598281,0.630156,0.015
9,0.625,0.125,0.623125,0.594375,0.641875,0.0149999
9,0.625,0.15625,0.611406,0.590469,0.653594,0.015
9,0.625,0.1875,0.599687,0.586562,0.665312,0.0149999
9,0.625,0.21875,0.587969,0.582656,0.677031,0.0149999
9,0.625,0.25,0.57625,0.57875,0.68875,0.0149999
9,0.625,0.28125,0.564531,0.574844,0.700469,0.0149999
9,0.625,0.3125,0.552812,0.570938,0.712187,0.0149999
9,0.625,0.34375,0.541094,0.567031,0.723906,0.0150002
9,0.625,0.375,0.529375,0.563125,0.735625,0.015
9,0.625,0.40625,0.517656,0.559219,0.747344,0.0149997
9,0.625,0.4375,0.505938,0.555312,0.759062,0.0150001
9,0.625,0.46875,0.494218,0.551407,0.770781,0.0149991
9,0.625,0.5,0.4825,0.5475,0.7825,0.015
9,0.625,0.53125,0.470781,0.543594,0.794218,0.0149999
9,0.625,0.5625,0.459062,0.539688,0.805937,0.0149999
9,0.625,0.59375,0.447344,0.535781,0.817656,0.0149999
9,0.625,0.625,0.435625,0.531875,0.829375,0.0150002
9,0.625,0.65625,0.423906,0.527969,0.841094,0.0149997
9,0.625,0.6875,0.412188,0.524062,0.852813,0.0150001
9,0.625,0.71875,0.400468,0.520156,0.864531,0.0149997
9,0.625,0.75,0.38875,0.51625,0.87625,0.0149998
9,0.625,0.78125,0.377031,0.512344,0.887969,0.0149997
9,0.625,0.8125,0.365313,0.508438,0.899688,0.015
9,0.625,0.84375,0.353593,0.504531,0.911406,0.0149993
9,0.625,0.875,0.341875,0.500625,0.923125,0.0149999
9,0.625,0.90625,0.330155,0.496719,0.934844,0.0149992
9,0.625,0.9375,0.318437,0.492813,0.946562,0.0149996
9,0.625,0.96875,0.306718,0.488906,0.958281,0.0149994
9,0.625,1,0.295001,0.485,0.97,0.0150006
9,0.65625,0,0.70125,0.64125,0.62625,0.0149997
9,0.65625,0.03125,0.690508,0.63767,0.636992,0.0149998
9,0.65625,0.0625,0.679766,0.634088,0.647734,0.0150001
9,0.65625,0.09375,0.669023,0.630508,0.658477,0.0149999
9,0.65625,0.125,0.658281,0.626927,0.669219,0.0149999
9,0.65625,0.15625,0.647539,0.623346,0.679961,0.0150004
9,0.65625,0.1875,0.636796,0.619766,0.690703,0.0149996
9,0.65625,0.21875,0.626055,0.616185,0.701445,0.0150003
9,0.65625,0.25,0.615313,0.612604,0.712187,0.0150001
9,0.65625,0.28125,0.60457,0.609023,0.72293,0.015
9,0.65625,0.3125,0.593828,0.605443,0.733672,0.0150001
9,0.65625,0.34375,0.583086,0.601862,0.744414,0.0150003
9,0.65625,0.375,0.572344,0.598281,0.755156,0.0149999
9,0.65625,0.40625,0.561601,0.594701,0.765898,0.0149998
9,0.65625,0.4375,0.55086,0.59112,0.776641,0.0150003
9,0.65625,0.46875,0.540118,0.587539,0.787383,0.0150003
9,0.65625,0.5,0.529375,0.583958,0.798125,0.0150002
9,0.65625,0.53125,0.518633,0.580377,0.808867,0.0150002
9,0.65625,0.5625,0.50789,0.576797,0.819609,0.0149998
9,0.65625,0.59375,0.497148,0.573216,0.830352,0.0149998
9,0.65625,0.625,0.486406,0.569636,0.841093,0.015
9,0.65625,0.65625,0.475664,0.566055,0.851836,0.015
9,0.65625,0.6875,0.464922,0.562474,0.862578,0.0150003
9,0.65625,0.71875,0.45418,0.558893,0.87332,0.0150001
9,0.65625,0.75,0.443437,0.555313,0.884062,0.0149994
9,0.65625,0.78125,0.432695,0.551732,0.894804,0.0150001
9,0.65625,0.8125,0.421952,0.548151,0.905547,0.0149992
9,0.65625,0.84375,0.411211,0.54457,0.916289,0.0150005
9,0.65625,0.875,0.400469,0.54099,0.927031,0.0150004
9,0.65625,0.90625,0.389727,0.537409,0.937773,0.0150003
9,0.65625,0.9375,0.378985,0.533828,0.948515,0.0150005
9,0.65625,0.96875,0.368242,0.530248,0.959258,0.0149995
9,0.65625,1,0.357501,0.526667,0.97,0.0150007
9,0.6875,0,0.7325,0.6725,0.6575,0.0150002
9,0.6875,0.03125,0.722734,0.669245,0.667266,0.0149999
9,0.6875,0.0625,0.712969,0.66599,0.677031,0.015
9,0.6875,0.09375,0.703203,0.662734,0.686797,0.0149999
9,0.6875,0.125,0.693438,0.659479,0.696562,0.0150002
9,0.6875,0.15625,0.683672,0.656224,0.706328,0.0150002
9,0.6875,0.1875,0.673907,0.652968,0.716094,0.0150003
9,0.6875,0.21875,0.664141,0.649714,0.725859,0.015
9,0.6875,0.25,0.654375,0.646458,0.735625,0.0149997
9,0.6875,0.28125,0.644609,0.643203,0.745391,0.015
9,0.6875,0.3125,0.634843,0.639948,0.755156,0.0149997
9,0.6875,0.34375,0.625079,0.636692,0.764922,0.0150006
9,0.6875,0.375,0.615313,0.633437,0.774687,0.0150003
9,0.6875,0.40625,0.605547,0.630182,0.784453,0.0149997
9,0.6875,0.4375,0.595781,0.626927,0.794219,0.0149999
9,0.6875,0.46875,0.586016,0.623672,0.803984,0.015
9,0.6875,0.5,0.57625,0.620417,0.81375,0.0149997
9,0.6875,0.53125,0.566484,0.617162,0.823516,0.0149998
9,0.6875,0.5625,0.556719,0.613906,0.833281,0.0150002
9,0.6875,0.59375,0.546953,0.610651,0.843047,0.0150004
9,0.6875,0.625,0.537187,0.607396,0.852813,0.0149999
9,0.6875,0.65625,0.527422,0.604141,0.862578,0.0149999
9,0.6875,0.6875,0.517656,0.600886,0.872344,0.0149996
9,0.6875,0.71875,0.507891,0.59763,0.882109,0.0150003
9,0.6875,0.75,0.498126,0.594375,0.891875,0.0150006
9,0.6875,0.78125,0.488359,0.59112,0.901641,0.015
9,0.6875,0.8125,0.478594,0.587864,0.911406,0.0150003
9,0.6875,0.84375,0.468828,0.584609,0.921172,0.015
9,0.6875,0.875,0.459063,0.581354,0.930937,0.0150001
9,0.6875,0.90625,0.449297,0.578099,0.940703,0.0150001
9,0.6875,0.9375,0.439532,0.574844,0.950469,0.0150004
9,0.6875,0.96875,0.429766,0.571589,0.960234,0.0149999
9,0.6875,1,0.42,0.568333,0.97,0.0149998
9,0.71875,0,0.76375,0.70375,0.68875,0.0150001
9,0.71875,0.03125,0.754961,0.70082,0.697539,0.015
9,0.71875,0.0625,0.746172,0.69789,0.706328,0.0150005
9,0.71875,0.09375,0.737383,0.694961,0.715117,0.0150004
9,0.71875,0.125,0.728594,0.692031,0.723906,0.0149999
9,0.71875,0.15625,0.719805,0.689101,0.732695,0.0150001
9,0.71875,0.1875,0.711016,0.686172,0.741484,0.0150004
9,0.71875,0.21875,0.702227,0.683242,0.750274,0.0150006
9,0.71875,0.25,0.693438,0.680313,0.759062,0.015
9,0.71875,0.28125,0.684648,0.677383,0.767852,0.0149995
9,0.71875,0.3125,0.67586,0.674453,0.776641,0.0150003
9,0.71875,0.34375,0.667071,0.671523,0.78543,0.0150003
9,0.71875,0.375,0.658281,0.668594,0.794219,0.0149999
9,0.71875,0.40625,0.649492,0.665664,0.803008,0.0150002
9,0.71875,0.4375,0.640703,0.662734,0.811797,0.0149999
9,0.71875,0.46875,0.631914,0.659805,0.820586,0.015
9,0.71875,0.5,0.623125,0.656875,0.829375,0.015
9,0.71875,0.53125,0.614336,0.653945,0.838164,0.0150003
9,0.71875,0.5625,0.605547,0.651016,0.846953,0.0149998
9,0.71875,0.59375,0.596758,0.648086,0.855742,0.0150002
9,0.71875,0.625,0.587969,0.645156,0.864531,0.0149999
9,0.71875,0.65625,0.57918,0.642227,0.87332,0.015
9,0.71875,0.6875,0.570391,0.639297,0.882109,0.0150003
9,0.71875,0.71875,0.561601,0.636367,0.890899,0.0149998
9,0.71875,0.75,0.552812,0.633438,0.899688,0.015
9,0.71875,0.78125,0.544023,0.630508,0.908477,0.0149999
9,0.71875,0.8125,0.535234,0.627578,0.917265,0.0149998
9,0.71875,0.84375,0.526445,0.624649,0.926055,0.0150001
9,0.71875,0.875,0.517656,0.621719,0.934844,0.0149997
9,0.71875,0.90625,0.508867,0.618789,0.943633,0.0149998
9,0.71875,0.9375,0.500078,0.615859,0.952422,0.015
9,0.71875,0.96875,0.491289,0.61293,0.961211,0.0150001
9,0.71875,1,0.4825,0.61,0.97,0.0149999
9,0.75,0,0.795,0.735,0.72,0.0150002
9,0.75,0.03125,0.787187,0.732396,0.727812,0.0149998
9,0.75,0.0625,0.779374,0.729792,0.735625,0.0149993
9,0.75,0.09375,0.771562,0.727188,0.743437,0.0149997
9,0.75,0.125,0.76375,0.724583,0.75125,0.0150001
9,0.75,0.15625,0.755938,0.721979,0.759062,0.015
9,0.75,0.1875,0.748125,0.719375,0.766875,0.015
9,0.75,0.21875,0.740313,0.716771,0.774688,0.0150002
9,0.75,0.25,0.7325,0.714167,0.7825,0.0150001
9,0.75,0.28125,0.724687,0.711563,0.790312,0.0149994
9,0.75,0.3125,0.716875,0.708958,0.798125,0.0150003
9,0.75,0.34375,0.709063,0.706354,0.805937,0.0150002
9,0.75,0.375,0.70125,0.70375,0.81375,0.0150001
9,0.75,0.40625,0.693437,0.701146,0.821562,0.015
9,0.75,0.4375,0.685625,0.698541,0.829375,0.0150002
9,0.75,0.46875,0.677813,0.695937,0.837187,0.0150002
9,0.75,0.5,0.67,0.693333,0.845,0.0149997
9,0.75,0.53125,0.662188,0.690729,0.852813,0.0150002
9,0.75,0.5625,0.654375,0.688125,0.860625,0.0149996
9,0.75,0.59375,0.646563,0.685521,0.868437,0.0150005
9,0.75,0.625,0.63875,0.682917,0.87625,0.015
9,0.75,0.65625,0.630938,0.680312,0.884062,0.0150002
9,0.75,0.6875,0.623125,0.677708,0.891875,0.0150002
9,0.75,0.71875,0.615313,0.675104,0.899687,0.0150002
9,0.75,0.75,0.6075,0.6725,0.9075,0.0149999
9,0.75,0.78125,0.599687,0.669896,0.915312,0.0149995
9,0.75,0.8125,0.591875,0.667292,0.923125,0.015
9,0.75,0.84375,0.584063,0.664687,0.930938,0.0150004
9,0.75,0.875,0.57625,0.662083,0.93875,0.0150002
9,0.75,0.90625,0.568438,0.659479,0.946562,0.015
9,0.75,0.9375,0.560624,0.656875,0.954375,0.0149994
9,0.75,0.96875,0.552812,0.654271,0.962187,0.0149997
9,0.75,1,0.545,0.651667,0.97,0.0150002
9,0.78125,0,0.82625,0.76625,0.75125,0.0149997
9,0.78125,0.03125,0.819414,0.763971,0.758086,0.0150002
9,0.78125,0.0625,0.812578,0.761693,0.764922,0.015
9,0.78125,0.09375,0.805742,0.759414,0.771758,0.015
9,0.78125,0.125,0.798906,0.757136,0.778594,0.0149996
9,0.78125,0.15625,0.792071,0.754856,0.78543,0.0150009
9,0.78125,0.1875,0.785234,0.752578,0.792265,0.015
9,0.78125,0.21875,0.778399,0.7503,0.799101,0.0150002
9,0.78125,0.25,0.771562,0.748021,0.805938,0.0149995
9,0.78125,0.28125,0.764727,0.745742,0.812773,0.0150001
9,0.78125,0.3125,0.75789,0.743464,0.819609,0.0149996
9,0.78125,0.34375,0.751055,0.741184,0.826445,0.0150006
9,0.78125,0.375,0.744218,0.738906,0.833281,0.0149997
9,0.78125,0.40625,0.737383,0.736628,0.840117,0.015
9,0.78125,0.4375,0.730547,0.734349,0.846953,0.0150001
9,0.78125,0.46875,0.723711,0.73207,0.853789,0.0149996
9,0.78125,0.5,0.716875,0.729792,0.860625,0.0150001
9,0.78125,0.53125,0.710039,0.727513,0.867461,0.0149999
9,0.78125,0.5625,0.703203,0.725235,0.874297,0.0149997
9,0.78125,0.59375,0.696366,0.722956,0.881133,0.0149991
9,0.78125,0.625,0.689531,0.720677,0.887969,0.0149996
9,0.78125,0.65625,0.682696,0.718398,0.894804,0.0150004
9,0.78125,0.6875,0.675859,0.71612,0.90164,0.015
9,0.78125,0.71875,0.669023,0.713841,0.908476,0.0149998
9,0.78125,0.75,0.662188,0.711562,0.915313,0.0150005
9,0.78125,0.78125,0.655351,0.709284,0.922148,0.0149997
9,0.78125,0.8125,0.648515,0.707005,0.928984,0.0149996
9,0.78125,0.84375,0.64168,0.704726,0.93582,0.0150004
9,0.78125,0.875,0.634844,0.702448,0.942656,0.0149999
9,0.78125,0.90625,0.628008,0.700169,0.949492,0.0150006
9,0.78125,0.9375,0.621171,0.697891,0.956328,0.0149996
9,0.78125,0.96875,0.614336,0.695612,0.963164,0.0150002
9,0.78125,1,0.607501,0.693333,0.97,0.0150008
9,0.8125,0,0.8575,0.7975,0.7825,0.0150003
9,0.8125,0.03125,0.85164,0.795547,0.788359,0.0149996
9,0.8125,0.0625,0.845781,0.793594,0.794219,0.0149997
9,0.8125,0.09375,0.839922,0.79164,0.800078,0.0150002
9,0.8125,0.125,0.834063,0.789687,0.805937,0.0150002
9,0.8125,0.15625,0.828203,0.787735,0.811797,0.0149998
9,0.8125,0.1875,0.822343,0.785781,0.817656,0.0149996
9,0.8125,0.21875,0.816484,0.783828,0.823515,0.0149999
9,0.8125,0.25,0.810625,0.781875,0.829375,0.015
9,0.8125,0.28125,0.804766,0.779922,0.835234,0.0150006
9,0.8125,0.3125,0.798906,0.777969,0.841094,0.015
9,0.8125,0.34375,0.793047,0.776015,0.846953,0.0150002
9,0.8125,0.375,0.787188,0.774062,0.852812,0.0150005
9,0.8125,0.40625,0.781328,0.772109,0.858672,0.0150002
9,0.8125,0.4375,0.775469,0.770156,0.864531,0.0149998
9,0.8125,0.46875,0.76961,0.768203,0.87039,0.0150002
9,0.8125,0.5,0.76375,0.76625,0.87625,0.0149999
9,0.8125,0.53125,0.757891,0.764297,0.882109,0.0150005
9,0.8125,0.5625,0.752032,0.762344,0.887969,0.0150005
9,0.8125,0.59375,0.746172,0.76039,0.893828,0.0150005
9,0.8125,0.625,0.740313,0.758437,0.899687,0.0150001
9,0.8125,0.65625,0.734453,0.756484,0.905547,0.0150004
9,0.8125,0.6875,0.728594,0.754531,0.911406,0.0149999
9,0.8125,0.71875,0.722734,0.752578,0.917266,0.0149996
9,0.8125,0.75,0.716875,0.750625,0.923125,0.0149997
9,0.8125,0.78125,0.711015,0.748672,0.928984,0.0149997
9,0.8125,0.8125,0.705156,0.746719,0.934844,0.015
9,0.8125,0.84375,0.699297,0.744765,0.940703,0.0150003
9,0.8125,0.875,0.693437,0.742813,0.946562,0.0149997
9,0.8125,0.90625,0.687578,0.740859,0.952422,0.015
9,0.8125,0.9375,0.681718,0.738906,0.958281,0.0149997
9,0.8125,0.96875,0.675859,0.736953,0.964141,0.015
9,0.8125,1,0.67,0.735,0.97,0.015
9,0.84375,0,0.88875,0.82875,0.81375,0.0149996
9,0.84375,0.03125,0.883867,0.827122,0.818633,0.0150003
9,0.84375,0.0625,0.878985,0.825495,0.823516,0.0150005
9,0.84375,0.09375,0.874102,0.823867,0.828398,0.0150004
9,0.84375,0.125,0.869218,0.82224,0.833281,0.0149997
9,0.84375,0.15625,0.864336,0.820612,0.838164,0.0149999
9,0.84375,0.1875,0.859453,0.818984,0.843047,0.0150002
9,0.84375,0.21875,0.85457,0.817357,0.84793,0.0150002
9,0.84375,0.25,0.849688,0.815729,0.852813,0.0150005
9,0.84375,0.28125,0.844804,0.814102,0.857695,0.0149997
9,0.84375,0.3125,0.839922,0.812474,0.862578,0.0149999
9,0.84375,0.34375,0.835039,0.810846,0.867461,0.0149997
9,0.84375,0.375,0.830156,0.809219,0.872343,0.015
9,0.84375,0.40625,0.825273,0.807591,0.877226,0.0149996
9,0.84375,0.4375,0.82039,0.805964,0.882109,0.0149993
9,0.84375,0.46875,0.815508,0.804336,0.886992,0.0149999
9,0.84375,0.5,0.810625,0.802708,0.891875,0.0149999
9,0.84375,0.53125,0.805742,0.801081,0.896758,0.0149998
9,0.84375,0.5625,0.800859,0.799453,0.90164,0.0149997
9,0.84375,0.59375,0.795977,0.797826,0.906523,0.0150001
9,0.84375,0.625,0.791094,0.796198,0.911406,0.0149999
9,0.84375,0.65625,0.786211,0.79457,0.916289,0.0149996
9,0.84375,0.6875,0.781328,0.792943,0.921172,0.0149996
9,0.84375,0.71875,0.776446,0.791315,0.926055,0.0150003
9,0.84375,0.75,0.771563,0.789687,0.930938,0.0150004
9,0.84375,0.78125,0.76668,0.78806,0.93582,0.015
9,0.84375,0.8125,0.761797,0.786432,0.940703,0.0150002
9,0.84375,0.84375,0.756915,0.784804,0.945586,0.0150005
9,0.84375,0.875,0.752031,0.783177,0.950469,0.0149996
9,0.84375,0.90625,0.747149,0.781549,0.955351,0.0150001
9,0.84375,0.9375,0.742265,0.779922,0.960234,0.0149999
9,0.84375,0.96875,0.737383,0.778294,0.965117,0.0149998
9,0.84375,1,0.7325,0.776667,0.97,0.0150001
9,0.875,0,0.92,0.86,0.845,0.0149997
9,0.875,0.03125,0.916094,0.858698,0.848906,0.0150002
9,0.875,0.0625,0.912188,0.857396,0.852812,0.0150004
9,0.875,0.09375,0.908281,0.856094,0.856719,0.0149997
9,0.875,0.125,0.904376,0.854791,0.860625,0.0150006
9,0.875,0.15625,0.900469,0.853489,0.864531,0.0150004
9,0.875,0.1875,0.896562,0.852188,0.868437,0.0149997
9,0.875,0.21875,0.892656,0.850885,0.872344,0.015
9,0.875,0.25,0.88875,0.849583,0.87625,0.0150004
9,0.875,0.28125,0.884843,0.848281,0.880156,0.0149997
9,0.875,0.3125,0.880937,0.846979,0.884062,0.0149999
9,0.875,0.34375,0.877031,0.845677,0.887969,0.0150002
9,0.875,0.375,0.873125,0.844375,0.891875,0.015
9,0.875,0.40625,0.869218,0.843073,0.895781,0.0149993
9,0.875,0.4375,0.865312,0.841771,0.899687,0.0149998
9,0.875,0.46875,0.861406,0.840469,0.903594,0.0150002
9,0.875,0.5,0.8575,0.839167,0.9075,0.0149998
9,0.875,0.53125,0.853594,0.837865,0.911406,0.0149999
9,0.875,0.5625,0.849687,0.836563,0.915312,0.0149997
9,0.875,0.59375,0.845781,0.83526,0.919219,0.0150001
9,0.875,0.625,0.841875,0.833958,0.923125,0.0149999
9,0.875,0.65625,0.837969,0.832656,0.927031,0.015
9,0.875,0.6875,0.834063,0.831354,0.930938,0.0150003
9,0.875,0.71875,0.830156,0.830052,0.934844,0.0149999
9,0.875,0.75,0.82625,0.82875,0.93875,0.0149997
9,0.875,0.78125,0.822343,0.827448,0.942656,0.0149996
9,0.875,0.8125,0.818438,0.826146,0.946562,0.0150002
9,0.875,0.84375,0.814531,0.824844,0.950468,0.0149999
9,0.875,0.875,0.810625,0.823542,0.954375,0.0150001
9,0.875,0.90625,0.806719,0.822239,0.958281,0.015
9,0.875,0.9375,0.802812,0.820938,0.962187,0.0149999
9,0.875,0.96875,0.798906,0.819636,0.966094,0.0149999
9,0.875,1,0.795,0.818334,0.97,0.015
9,0.90625,0,0.95125,0.89125,0.87625,0.0150003
9,0.90625,0.03125,0.94832,0.890274,0.87918,0.0149994
9,0.90625,0.0625,0.94539,0.889297,0.882109,0.0149998
9,0.90625,0.09375,0.942461,0.88832,0.885039,0.0150002
9,0.90625,0.125,0.939531,0.887344,0.887969,0.0150002
9,0.90625,0.15625,0.936601,0.886367,0.890898,0.0149999
9,0.90625,0.1875,0.933671,0.885391,0.893828,0.0149996
9,0.90625,0.21875,0.930742,0.884414,0.896758,0.0149996
9,0.90625,0.25,0.927812,0.883438,0.899687,0.0149999
9,0.90625,0.28125,0.924882,0.882461,0.902617,0.0149996
9,0.90625,0.3125,0.921953,0.881484,0.905547,0.015
9,0.90625,0.34375,0.919024,0.880507,0.908476,0.0150002
9,0.90625,0.375,0.916094,0.879531,0.911406,0.015
9,0.90625,0.40625,0.913164,0.878555,0.914336,0.0150002
9,0.90625,0.4375,0.910234,0.877578,0.917266,0.0149996
9,0.90625,0.46875,0.907305,0.876602,0.920195,0.0149999
9,0.90625,0.5,0.904375,0.875625,0.923125,0.0150003
9,0.90625,0.53125,0.901446,0.874648,0.926054,0.0150003
9,0.90625,0.5625,0.898516,0.873672,0.928984,0.0150002
9,0.90625,0.59375,0.895586,0.872695,0.931914,0.0150001
9,0.90625,0.625,0.892656,0.871719,0.934844,0.0149999
9,0.90625,0.65625,0.889726,0.870742,0.937773,0.0149999
9,0.90625,0.6875,0.886798,0.869765,0.940703,0.0150008
9,0.90625,0.71875,0.883868,0.868789,0.943633,0.0150003
9,0.90625,0.75,0.880937,0.867813,0.946562,0.0149997
9,0.90625,0.78125,0.878008,0.866836,0.949492,0.0150006
9,0.90625,0.8125,0.875078,0.865859,0.952422,0.0150002
9,0.90625,0.84375,0.872148,0.864883,0.955352,0.0149997
9,0.90625,0.875,0.869219,0.863906,0.958281,0.0149998
9,0.90625,0.90625,0.866289,0.862929,0.961211,0.0150005
9,0.90625,0.9375,0.863359,0.861953,0.96414,0.015
9,0.90625,0.96875,0.86043,0.860977,0.96707,0.0150005
9,0.90625,1,0.857499,0.86,0.97,0.0149995
9,0.9375,0,0.9825,0.9225,0.9075,0.0149999
9,0.9375,0.03125,0.980546,0.921849,0.909453,0.0149993
9,0.9375,0.0625,0.978594,0.921198,0.911406,0.0149999
9,0.9375,0.09375,0.976641,0.920547,0.913359,0.0149999
9,0.9375,0.125,0.974687,0.919896,0.915313,0.0149999
9,0.9375,0.15625,0.972735,0.919245,0.917265,0.0150002
9,0.9375,0.1875,0.970781,0.918594,0.919219,0.0149998
9,0.9375,0.21875,0.968828,0.917943,0.921172,0.0150003
9,0.9375,0.25,0.966875,0.917292,0.923125,0.015
9,0.9375,0.28125,0.964922,0.91664,0.925078,0.0150003
9,0.9375,0.3125,0.962968,0.91599,0.927031,0.0149997
9,0.9375,0.34375,0.961015,0.915338,0.928984,0.0149998
9,0.9375,0.375,0.959063,0.914688,0.930937,0.015
9,0.9375,0.40625,0.957109,0.914036,0.93289,0.015
9,0.9375,0.4375,0.955156,0.913386,0.934843,0.0149997
9,0.9375,0.46875,0.953203,0.912734,0.936797,0.015
9,0.9375,0.5,0.95125,0.912083,0.93875,0.0150004
9,0.9375,0.53125,0.949297,0.911432,0.940703,0.0149997
9,0.9375,0.5625,0.947343,0.910782,0.942656,0.0149994
9,0.9375,0.59375,0.94539,0.91013,0.944609,0.0149997
9,0.9375,0.625,0.943437,0.909479,0.946563,0.0149999
9,0.9375,0.65625,0.941485,0.908828,0.948515,0.0150002
9,0.9375,0.6875,0.939532,0.908177,0.950468,0.0150005
9,0.9375,0.71875,0.937578,0.907526,0.952422,0.0150001
9,0.9375,0.75,0.935625,0.906875,0.954375,0.015
9,0.9375,0.78125,0.933671,0.906224,0.956328,0.0149996
9,0.9375,0.8125,0.931719,0.905573,0.958281,0.0149998
9,0.9375,0.84375,0.929766,0.904922,0.960234,0.015
9,0.9375,0.875,0.927812,0.904271,0.962187,0.015
9,0.9375,0.90625,0.92586,0.90362,0.96414,0.0150004
9,0.9375,0.9375,0.923906,0.902969,0.966094,0.015
9,0.9375,0.96875,0.921953,0.902318,0.968047,0.0150003
9,0.9375,1,0.92,0.901667,0.97,0.0149999
9,0.96875,0,1,0.958213,0.947768,0.00125003
9,0.96875,0.03125,1,0.957609,0.947822,0.00222659
9,0.96875,0.0625,1,0.957,0.947913,0.00320315
9,0.96875,0.09375,1,0.956386,0.948041,0.00417972
9,0.96875,0.125,1,0.955767,0.948208,0.00515628
9,0.96875,0.15625,1,0.955142,0.948416,0.00613284
9,0.96875,0.1875,1,0.954511,0.948666,0.0071094
9,0.96875,0.21875,1,0.953875,0.948961,0.00808597
9,0.96875,0.25,1,0.953232,0.949302,0.00906253
9,0.96875,0.28125,1,0.952582,0.949692,0.0100391
9,0.96875,0.3125,1,0.951926,0.950132,0.0110157
9,0.96875,0.34375,1,0.951262,0.950624,0.0119922
9,0.96875,0.375,1,0.95059,0.951172,0.0129688
9,0.96875,0.40625,1,0.94991,0.951777,0.0139453
9,0.96875,0.4375,1,0.949222,0.952444,0.0149219
9,0.96875,0.46875,0.999102,0.948867,0.953398,0.0150002
9,0.96875,0.5,0.998125,0.948542,0.954375,0.0150003
9,0.96875,0.53125,0.997148,0.948216,0.955351,0.0149993
9,0.96875,0.5625,0.996172,0.94789,0.956328,0.015
9,0.96875,0.59375,0.995195,0.947565,0.957304,0.0149994
9,0.96875,0.625,0.994219,0.94724,0.958281,0.0149999
9,0.96875,0.65625,0.993243,0.946914,0.959258,0.0150005
9,0.96875,0.6875,0.992265,0.946589,0.960234,0.0149998
9,0.96875,0.71875,0.991289,0.946263,0.961211,0.0150004
9,0.96875,0.75,0.990313,0.945937,0.962187,0.0150003
9,0.96875,0.78125,0.989336,0.945612,0.963164,0.0150003
9,0.96875,0.8125,0.988359,0.945287,0.96414,0.0149994
9,0.96875,0.84375,0.987383,0.944961,0.965117,0.0150003
9,0.96875,0.875,0.986406,0.944636,0.966093,0.0149998
9,0.96875,0.90625,0.985429,0.94431,0.96707,0.0149998
9,0.96875,0.9375,0.984453,0.943985,0.968047,0.0149997
9,0.96875,0.96875,0.983476,0.943659,0.969023,0.0149997
9,0.96875,1,0.9825,0.943333,0.97,0.0150002
9,1,0,1,0.985,0.97,0.00999993
9,1,0.03125,1,0.985,0.97,0.00999993
9,1,0.0625,1,0.985,0.97,0.00999993
9,1,0.09375,1,0.985,0.97,0.00999993
9,1,0.125,1,0.985,0.97,0.00999993
9,1,0.15625,1,0.985,0.97,0.00999993
9,1,0.1875,1,0.985,0.97,0.00999993
9,1,0.21875,1,0.985,0.97,0.00999993
9,1,0.25,1,0.985,0.97,0.00999993
9,1,0.28125,1,0.985,0.97,0.00999993
9,1,0.3125,1,0.985,0.97,0.00999993
9,1,0.34375,1,0.985,0.97,0.00999993
9,1,0.375,1,0.985,0.97,0.00999993
9,1,0.40625,1,0.985,0.97,0.00999993
9,1,0.4375,1,0.985,0.97,0.00999993
9,1,0.46875,1,0.985,0.97,0.00999993
9,1,0.5,1,0.985,0.97,0.00999993
9,1,0.53125,1,0.985,0.97,0.00999993
9,1,0.5625,1,0.985,0.97,0.00999993
9,1,0.59375,1,0.985,0.97,0.00999993
9,1,0.625,1,0.985,0.97,0.00999993
9,1,0.65625,1,0.985,0.97,0.00999993
9,1,0.6875,1,0.985,0.97,0.00999993
9,1,0.71875,1,0.985,0.97,0.00999993
9,1,0.75,1,0.985,0.97,0.00999993
9,1,0.78125,1,0.985,0.97,0.00999993
9,1,0.8125,1,0.985,0.97,0.00999993
9,1,0.84375,1,0.985,0.97,0.00999993
9,1,0.875,1,0.985,0.97,0.00999993
9,1,0.90625,1,0.985,0.97,0.00999993
9,1,0.9375,1,0.985,0.97,0.00999993
9,1,0.96875,1,0.985,0.97,0.00999993
9,1,1,1,0.985,0.97,0.00999993
10,0,0,0.03,3.5722e-09,2.63215e-09,1.49012e-08
10,0,0.03125,0.03,3.5722e-09,2.63215e-09,1.49012e-08
10,0,0.0625,0.03,3.5722e-09,2.63215e-09,1.49012e-08
10,0,0.09375,0.03,3.5722e-09,2.63215e-09,1.49012e-08
10,0,0.125,0.03,3.5722e-09,2.63215e-09,1.49012e-08
10,0,0.15625,0.03,3.5722e-09,2.63215e-09,1.49012e-08
10,0,0.1875,0.03,3.5722e-09,2.63215e-09,1.49012e-08
10,0,0.21875,0.03,3.5722e-09,2.63215e-09,1.49012e-08
10,0,0.25,0.03,3.5722e-09,2.63215e-09,1.49012e-08
10,0,0.28125,0.03,3.5722e-09,2.63215e-09,1.49012e-08
10,0,0.3125,0.03,3.5722e-09,2.63215e-09,1.49012e-08
10,0,0.34375,0.03,3.5722e-09,2.63215e-09,1.49012e-08
10,0,0.375,0.03,3.5722e-09,2.63215e-09,1.49012e-08
10,0,0.40625,0.03,3.5722e-09,2.63215e-09,1.49012e-08
10,0,0.4375,0.03,3.5722e-09,2.63215e-09,1.49012e-08
10,0,0.46875,0.03,3.5722e-09,2.63215e-09,1.49012e-08
10,0,0.5,0.03,3.5722e-09,2.63215e-09,1.49012e-08
10,0,0.53125,0.03,3.5722e-09,2.63215e-09,1.49012e-08
10,0,0.5625,0.03,3.5722e-09,2.63215e-09,1.49012e-08
10,0,0.59375,0.03,3.5722e-09,2.63215e-09,1.49012e-08
10,0,0.625,0.03,3.5722e-09,2.63215e-09,1.49012e-08
10,0,0.65625,0.03,3.5722e-09,2.63215e-09,1.49012e-08
10,0,0.6875,0.03,3.5722e-09,2.63215e-09,1.49012e-08
10,0,0.71875,0.03,3.5722e-09,2.63215e-09,1.49012e-08
10,0,0.75,0.03,3.5722e-09,2.63215e-09,1.49012e-08
10,0,0.78125,0.03,3.5722e-09,2.63215e-09,1.49012e-08
10,0,0.8125,0.03,3.5722e-09,2.63215e-09,1.49012e-08
10,0,0.84375,0.03,3.5722e-09,2.63215e-09,1.49012e-08
10,0,0.875,0.03,3.5722e-09,2.63215e-09,1.49012e-08
10,0,0.90625,0.03,3.5722e-09,2.63215e-09,1.49012e-08
10,0,0.9375,0.03,3.5722e-09,2.63215e-09,1.49012e-08
10,0,0.96875,0.03,3.5722e-09,2.63215e-09,1.49012e-08
10,0,1,0.03,3.5722e-09,2.63215e-09,1.49012e-08
10,0.03125,0,0.06125,0.02125,0.01125,2.23517e-08
10,0.03125,0.03125,0.0602735,0.0209244,0.0122266,4.65661e-08
10,0.03125,0.0625,0.0592968,0.020599,0.0132031,4.47035e-08
10,0.03125,0.09375,0.0583202,0.0202734,0.0141797,7.45058e-08
10,0.03125,0.125,0.0573438,0.0199479,0.0151562,3.53903e-08
10,0.03125,0.15625,0.0563672,0.0196224,0.0161328,2.98023e-08
10,0.03125,0.1875,0.0553906,0.0192969,0.0171094,2.23517e-08
10,0.03125,0.21875,0.054414,0.0189714,0.0180859,5.96046e-08
10,0.03125,0.25,0.0534375,0.0186458,0.0190625,4.09782e-08
10,0.03125,0.28125,0.0524609,0.0183203,0.0200391,1.86265e-08
10,0.03125,0.3125,0.0514844,0.0179948,0.0210156,2.98023e-08
10,0.03125,0.34375,0.0505078,0.0176693,0.0219922,5.96046e-08
10,0.03125,0.375,0.0495312,0.0173437,0.0229688,2.23517e-08
10,0.03125,0.40625,0.0485547,0.0170182,0.0239453,2.98023e-08
10,0.03125,0.4375,0.0475781,0.0166927,0.0249219,1.11759e-08
10,0.03125,0.46875,0.0466015,0.0163672,0.0258984,1.49012e-08
10,0.03125,0.5,0.045625,0.0160416,0.026875,2.23517e-08
10,0.03125,0.53125,0.0446484,0.0157162,0.0278515,5.96046e-08
10,0.03125,0.5625,0.0436718,0.0153906,0.0288281,2.98023e-08
10,0.03125,0.59375,0.0426953,0.0150651,0.0298047,2.98023e-08
10,0.03125,0.625,0.0417187,0.0147396,0.0307813,2.98023e-08
10,0.03125,0.65625,0.0407422,0.0144141,0.0317578,1.86265e-08
10,0.03125,0.6875,0.0397656,0.0140886,0.0327343,5.21541e-08
10,0.03125,0.71875,0.0387891,0.013763,0.0337109,1.86265e-08
10,0.03125,0.75,0.0378126,0.0134375,0.0346875,6.33299e-08
10,0.03125,0.78125,0.0368359,0.013112,0.035664,2.98023e-08
10,0.03125,0.8125,0.0358594,0.0127865,0.0366406,1.21072e-08
10,0.03125,0.84375,0.0348828,0.012461,0.0376172,5.58794e-08
10,0.03125,0.875,0.0339062,0.0121354,0.0385938,2.6077e-08
10,0.03125,0.90625,0.0329297,0.0118099,0.0395703,2.32831e-08
10,0.03125,0.9375,0.0319531,0.0114844,0.0405468,2.6077e-08
10,0.03125,0.96875,0.0309766,0.0111588,0.0415234,3.35276e-08
10,0.03125,1,0.03,0.0108333,0.0425,2.04891e-08
10,0.0625,0,0.0925,0.0524999,0.0425,5.21541e-08
10,0.0625,0.03125,0.0905469,0.0518489,0.0444531,8.19564e-08
10,0.0625,0.0625,0.0885938,0.0511979,0.0464062,7.07805e-08
10,0.0625,0.09375,0.0866405,0.0505469,0.0483593,1.2666e-07
10,0.0625,0.125,0.0846875,0.0498958,0.0503125,4.47035e-08
10,0.0625,0.15625,0.0827344,0.0492447,0.0522656,5.21541e-08
10,0.0625,0.1875,0.0807812,0.0485937,0.0542187,4.09782e-08
10,0.0625,0.21875,0.0788281,0.0479427,0.0561718,5.58794e-08
10,0.0625,0.25,0.076875,0.0472917,0.058125,3.35276e-08
10,0.0625,0.28125,0.0749218,0.0466406,0.0600781,8.19564e-08
10,0.0625,0.3125,0.0729688,0.0459896,0.0620312,4.09782e-08
10,0.0625,0.34375,0.0710157,0.0453385,0.0639844,7.45058e-08
10,0.0625,0.375,0.0690626,0.0446874,0.0659374,8.9407e-08
10,0.0625,0.40625,0.0671094,0.0440364,0.0678906,4.47035e-08
10,0.0625,0.4375,0.0651563,0.0433854,0.0698437,8.9407e-08
10,0.0625,0.46875,0.0632031,0.0427344,0.0717969,2.98023e-08
10,0.0625,0.5,0.06125,0.0420833,0.07375,3.72529e-08
10,0.0625,0.53125,0.0592969,0.0414323,0.0757031,2.23517e-08
10,0.0625,0.5625,0.0573437,0.0407813,0.0776562,8.19564e-08
10,0.0625,0.59375,0.0553907,0.0401302,0.0796093,8.9407e-08
10,0.0625,0.625,0.0534375,0.0394791,0.0815625,3.72529e-08
10,0.0625,0.65625,0.0514843,0.0388281,0.0835155,1.11759e-07
10,0.0625,0.6875,0.0495311,0.0381771,0.0854687,1.04308e-07
10,0.0625,0.71875,0.047578,0.0375261,0.0874218,1.11759e-07
10,0.0625,0.75,0.045625,0.036875,0.089375,4.84288e-08
10,0.0625,0.78125,0.0436719,0.0362239,0.0913281,5.21541e-08
10,0.0625,0.8125,0.0417187,0.0355729,0.0932812,5.21541e-08
10,0.0625,0.84375,0.0397656,0.0349219,0.0952344,2.23517e-08
10,0.0625,0.875,0.0378125,0.0342708,0.0971875,3.72529e-08
10,0.0625,0.90625,0.0358594,0.0336198,0.0991405,8.19564e-08
10,0.0625,0.9375,0.0339063,0.0329687,0.101094,5.21541e-08
10,0.0625,0.96875,0.031953,0.0323177,0.103047,1.11759e-07
10,0.0625,1,0.03,0.0316666,0.105,4.84288e-08
10,0.09375,0,0.12375,0.0837499,0.07375,8.9407e-08
10,0.09375,0.03125,0.12082,0.0827734,0.0766796,5.21541e-08
10,0.09375,0.0625,0.11789,0.0817969,0.0796093,1.41561e-07
10,0.09375,0.09375,0.114961,0.0808203,0.082539,1.11759e-07
10,0.09375,0.125,0.112031,0.0798437,0.0854687,5.21541e-08
10,0.09375,0.15625,0.109101,0.0788672,0.0883984,8.19564e-08
10,0.09375,0.1875,0.106172,0.0778906,0.0913281,4.47035e-08
10,0.09375,0.21875,0.103242,0.076914,0.0942578,8.9407e-08
10,0.09375,0.25,0.100313,0.0759375,0.0971875,5.21541e-08
10,0.09375,0.28125,0.0973827,0.074961,0.100117,1.56462e-07
10,0.09375,0.3125,0.0944531,0.0739844,0.103047,9.68575e-08
10,0.09375,0.34375,0.0915234,0.0730078,0.105976,6.70552e-08
10,0.09375,0.375,0.0885937,0.0720313,0.108906,8.19564e-08
10,0.09375,0.40625,0.0856642,0.0710546,0.111836,1.56462e-07
10,0.09375,0.4375,0.0827344,0.0700781,0.114766,7.45058e-08
10,0.09375,0.46875,0.0798047,0.0691016,0.117695,5.21541e-08
10,0.09375,0.5,0.076875,0.068125,0.120625,5.21541e-08
10,0.09375,0.53125,0.0739452,0.0671485,0.123555,8.19564e-08
10,0.09375,0.5625,0.0710156,0.0661718,0.126484,7.45058e-08
10,0.09375,0.59375,0.0680859,0.0651953,0.129414,4.47035e-08
10,0.09375,0.625,0.0651563,0.0642187,0.132344,1.04308e-07
10,0.09375,0.65625,0.0622265,0.0632422,0.135273,7.45058e-08
10,0.09375,0.6875,0.0592969,0.0622656,0.138203,5.21541e-08
10,0.09375,0.71875,0.0563671,0.0612891,0.141133,9.68575e-08
10,0.09375,0.75,0.0534375,0.0603125,0.144062,7.45058e-08
10,0.09375,0.78125,0.0505079,0.0593359,0.146992,5.21541e-08
10,0.09375,0.8125,0.0475781,0.0583594,0.149922,3.72529e-08
10,0.09375,0.84375,0.0446483,0.0573828,0.152852,9.68575e-08
10,0.09375,0.875,0.0417188,0.0564062,0.155781,6.70552e-08
10,0.09375,0.90625,0.0387892,0.0554296,0.158711,1.2666e-07
10,0.09375,0.9375,0.0358593,0.0544531,0.161641,3.72529e-08
10,0.09375,0.96875,0.0329297,0.0534765,0.16457,7.45058e-08
10,0.09375,1,0.0300001,0.0524999,0.1675,8.75443e-08
10,0.125,0,0.155,0.115,0.105,1.49012e-08
10,0.125,0.03125,0.151094,0.113698,0.108906,6.70552e-08
10,0.125,0.0625,0.147187,0.112396,0.112812,1.56462e-07
10,0.125,0.09375,0.143281,0.111094,0.116719,8.9407e-08
10,0.125,0.125,0.139375,0.109792,0.120625,1.11759e-07
10,0.125,0.15625,0.135469,0.10849,0.124531,8.19564e-08
10,0.125,0.1875,0.131562,0.107187,0.128437,1.04308e-07
10,0.125,0.21875,0.127656,0.105885,0.132344,6.70552e-08
10,0.125,0.25,0.12375,0.104583,0.13625,7.45058e-08
10,0.125,0.28125,0.119844,0.103281,0.140156,8.9407e-08
10,0.125,0.3125,0.115938,0.101979,0.144062,1.2666e-07
10,0.125,0.34375,0.112031,0.100677,0.147969,6.70552e-08
10,0.125,0.375,0.108125,0.099375,0.151875,7.45058e-08
10,0.125,0.40625,0.104219,0.0980729,0.155781,4.47035e-08
10,0.125,0.4375,0.100313,0.0967708,0.159687,8.19564e-08
10,0.125,0.46875,0.0964063,0.0954687,0.163594,8.9407e-08
10,0.125,0.5,0.0925,0.0941667,0.1675,1.3411e-07
10,0.125,0.53125,0.0885938,0.0928645,0.171406,1.04308e-07
10,0.125,0.5625,0.0846876,0.0915625,0.175312,5.21541e-08
10,0.125,0.59375,0.0807812,0.0902604,0.179219,7.45058e-08
10,0.125,0.625,0.0768749,0.0889583,0.183125,1.11759e-07
10,0.125,0.65625,0.0729687,0.0876562,0.187031,4.47035e-08
10,0.125,0.6875,0.0690625,0.0863541,0.190937,5.96046e-08
10,0.125,0.71875,0.0651564,0.085052,0.194844,1.04308e-07
10,0.125,0.75,0.06125,0.08375,0.19875,4.47035e-08
10,0.125,0.78125,0.0573436,0.0824479,0.202656,1.56462e-07
10,0.125,0.8125,0.0534376,0.0811458,0.206562,1.04308e-07
10,0.125,0.84375,0.0495312,0.0798437,0.210469,1.04308e-07
10,0.125,0.875,0.045625,0.0785416,0.214375,7.45058e-08
10,0.125,0.90625,0.041719,0.0772395,0.218281,2.5332e-07
10,0.125,0.9375,0.0378124,0.0759376,0.222187,1.04308e-07
10,0.125,0.96875,0.0339063,0.0746354,0.226094,7.45058e-08
10,0.125,1,0.03,0.0733334,0.23,7.45058e-08
10,0.15625,0,0.18625,0.14625,0.13625,8.9407e-08
10,0.15625,0.03125,0.181367,0.144622,0.141133,8.9407e-08
10,0.15625,0.0625,0.176484,0.142995,0.146015,1.3411e-07
10,0.15625,0.09375,0.171602,0.141367,0.150898,1.04308e-07
10,0.15625,0.125,0.166719,0.13974,0.155781,2.08616e-07
10,0.15625,0.15625,0.161836,0.138112,0.160664,5.96046e-08
10,0.15625,0.1875,0.156953,0.136484,0.165547,5.96046e-08
10,0.15625,0.21875,0.15207,0.134857,0.17043,1.3411e-07
10,0.15625,0.25,0.147187,0.133229,0.175312,2.98023e-07
10,0.15625,0.28125,0.142305,0.131601,0.180195,1.3411e-07
10,0.15625,0.3125,0.137422,0.129974,0.185078,5.96046e-08
10,0.15625,0.34375,0.132539,0.128346,0.189961,8.9407e-08
10,0.15625,0.375,0.127656,0.126719,0.194844,1.78814e-07
10,0.15625,0.40625,0.122773,0.125091,0.199726,1.04308e-07
10,0.15625,0.4375,0.117891,0.123463,0.204609,5.96046e-08
10,0.15625,0.46875,0.113008,0.121836,0.209492,1.41561e-07
10,0.15625,0.5,0.108125,0.120208,0.214375,1.63913e-07
10,0.15625,0.53125,0.103242,0.118581,0.219258,1.56462e-07
10,0.15625,0.5625,0.0983593,0.116953,0.22414,1.3411e-07
10,0.15625,0.59375,0.0934764,0.115326,0.229023,1.56462e-07
10,0.15625,0.625,0.0885939,0.113698,0.233906,1.71363e-07
10,0.15625,0.65625,0.0837109,0.11207,0.238789,8.19564e-08
10,0.15625,0.6875,0.0788282,0.110443,0.243672,1.11759e-07
10,0.15625,0.71875,0.0739453,0.108815,0.248555,4.47035e-08
10,0.15625,0.75,0.0690625,0.107187,0.253437,7.45058e-08
10,0.15625,0.78125,0.0641796,0.10556,0.25832,8.9407e-08
10,0.15625,0.8125,0.0592969,0.103932,0.263203,2.98023e-08
10,0.15625,0.84375,0.0544143,0.102305,0.268086,2.6077e-07
10,0.15625,0.875,0.0495312,0.100677,0.272969,5.96046e-08
10,0.15625,0.90625,0.0446482,0.0990495,0.277851,2.08616e-07
10,0.15625,0.9375,0.0397657,0.0974218,0.282734,7.45058e-08
10,0.15625,0.96875,0.0348826,0.0957944,0.287617,2.08616e-07
10,0.15625,1,0.0300001,0.0941666,0.2925,6.70552e-08
10,0.1875,0,0.2175,0.1775,0.1675,1.19209e-07
10,0.1875,0.03125,0.211641,0.175547,0.173359,1.04308e-07
10,0.1875,0.0625,0.205781,0.173594,0.179219,1.04308e-07
10,0.1875,0.09375,0.199922,0.171641,0.185078,1.19209e-07
10,0.1875,0.125,0.194062,0.169687,0.190937,7.45058e-08
10,0.1875,0.15625,0.188203,0.167734,0.196797,7.45058e-08
10,0.1875,0.1875,0.182344,0.165781,0.202656,1.3411e-07
10,0.1875,0.21875,0.176484,0.163828,0.208516,8.9407e-08
10,0.1875,0.25,0.170625,0.161875,0.214375,1.3411e-07
10,0.1875,0.28125,0.164766,0.159922,0.220234,1.78814e-07
10,0.1875,0.3125,0.158906,0.157969,0.226094,1.3411e-07
10,0.1875,0.34375,0.153047,0.156016,0.231953,7.45058e-08
10,0.1875,0.375,0.147187,0.154063,0.237812,2.68221e-07
10,0.1875,0.40625,0.141328,0.152109,0.243672,1.19209e-07
10,0.1875,0.4375,0.135469,0.150156,0.249531,1.3411e-07
10,0.1875,0.46875,0.129609,0.148203,0.25539,1.49012e-07
10,0.1875,0.5,0.12375,0.14625,0.26125,2.01166e-07
10,0.1875,0.53125,0.117891,0.144297,0.267109,5.96046e-08
10,0.1875,0.5625,0.112031,0.142344,0.272969,9.68575e-08
10,0.1875,0.59375,0.106172,0.140391,0.278828,1.2666e-07
10,0.1875,0.625,0.100313,0.138437,0.284687,2.01166e-07
10,0.1875,0.65625,0.0944531,0.136484,0.290547,5.96046e-08
10,0.1875,0.6875,0.0885941,0.134531,0.296406,3.20375e-07
10,0.1875,0.71875,0.0827345,0.132578,0.302266,9.68575e-08
10,0.1875,0.75,0.0768751,0.130625,0.308125,1.11759e-07
10,0.1875,0.78125,0.071016,0.128672,0.313984,4.09782e-07
10,0.1875,0.8125,0.0651562,0.126719,0.319844,8.9407e-08
10,0.1875,0.84375,0.0592969,0.124766,0.325703,1.19209e-07
10,0.1875,0.875,0.0534372,0.122813,0.331562,2.98023e-07
10,0.1875,0.90625,0.0475781,0.120859,0.337422,1.49012e-07
10,0.1875,0.9375,0.0417182,0.118906,0.343281,5.51343e-07
10,0.1875,0.96875,0.0358593,0.116953,0.349141,5.96046e-08
10,0.1875,1,0.0299994,0.115,0.355,6.31437e-07
10,0.21875,0,0.24875,0.20875,0.19875,1.78814e-07
10,0.21875,0.03125,0.241914,0.206471,0.205586,1.3411e-07
10,0.21875,0.0625,0.235078,0.204193,0.212422,5.96046e-08
10,0.21875,0.09375,0.228242,0.201914,0.219258,1.78814e-07
10,0.21875,0.125,0.221406,0.199635,0.226094,2.98023e-08
10,0.21875,0.15625,0.21457,0.197357,0.23293,2.08616e-07
10,0.21875,0.1875,0.207735,0.195078,0.239766,2.38419e-07
10,0.21875,0.21875,0.200899,0.192799,0.246601,2.98023e-07
10,0.21875,0.25,0.194063,0.190521,0.253437,4.17233e-07
10,0.21875,0.28125,0.187227,0.188242,0.260273,5.96046e-08
10,0.21875,0.3125,0.180391,0.185963,0.267109,1.78814e-07
10,0.21875,0.34375,0.173555,0.183685,0.273945,1.49012e-07
10,0.21875,0.375,0.166719,0.181406,0.280781,1.19209e-07
10,0.21875,0.40625,0.159883,0.179128,0.287617,1.49012e-07
10,0.21875,0.4375,0.153047,0.176849,0.294453,5.96046e-08
10,0.21875,0.46875,0.146211,0.17457,0.301289,3.57628e-07
10,0.21875,0.5,0.139375,0.172292,0.308125,7.45058e-08
10,0.21875,0.53125,0.132539,0.170013,0.314961,4.47035e-08
10,0.21875,0.5625,0.125703,0.167734,0.321797,1.78814e-07
10,0.21875,0.59375,0.118867,0.165456,0.328633,1.04308e-07
10,0.21875,0.625,0.112031,0.163177,0.335469,4.47035e-08
10,0.21875,0.65625,0.105196,0.160898,0.342305,4.24683e-07
10,0.21875,0.6875,0.0983593,0.15862,0.349141,1.11759e-07
10,0.21875,0.71875,0.0915233,0.156341,0.355976,1.71363e-07
10,0.21875,0.75,0.0846876,0.154062,0.362812,7.45058e-08
10,0.21875,0.78125,0.0778518,0.151784,0.369648,2.75671e-07
10,0.21875,0.8125,0.0710159,0.149505,0.376484,2.45869e-07
10,0.21875,0.84375,0.0641801,0.147226,0.38332,4.17233e-07
10,0.21875,0.875,0.0573439,0.144948,0.390156,1.63913e-07
10,0.21875,0.90625,0.0505076,0.142669,0.396992,2.30968e-07
10,0.21875,0.9375,0.0436721,0.140391,0.403828,2.16067e-07
10,0.21875,0.96875,0.0368355,0.138112,0.410664,4.65661e-07
10,0.21875,1,0.0300001,0.135833,0.4175,6.70552e-08
10,0.25,0,0.28,0.24,0.23,7.45058e-08
10,0.25,0.03125,0.272187,0.237396,0.237812,1.19209e-07
10,0.25,0.0625,0.264375,0.234792,0.245625,8.9407e-08
10,0.25,0.09375,0.256562,0.232187,0.253437,1.78814e-07
10,0.25,0.125,0.24875,0.229583,0.26125,1.49012e-07
10,0.25,0.15625,0.240937,0.226979,0.269062,1.19209e-07
10,0.25,0.1875,0.233125,0.224375,0.276875,1.19209e-07
10,0.25,0.21875,0.225312,0.221771,0.284687,1.19209e-07
10,0.25,0.25,0.2175,0.219167,0.2925,2.68221e-07
10,0.25,0.28125,0.209688,0.216562,0.300313,8.9407e-08
10,0.25,0.3125,0.201875,0.213958,0.308125,2.98023e-08
10,0.25,0.34375,0.194063,0.211354,0.315937,1.49012e-07
10,0.25,0.375,0.18625,0.20875,0.32375,1.04308e-07
10,0.25,0.40625,0.178437,0.206146,0.331562,1.49012e-07
10,0.25,0.4375,0.170625,0.203542,0.339375,2.68221e-07
10,0.25,0.46875,0.162812,0.200937,0.347187,2.08616e-07
10,0.25,0.5,0.155,0.198333,0.355,1.19209e-07
10,0.25,0.53125,0.147188,0.195729,0.362812,7.45058e-08
10,0.25,0.5625,0.139375,0.193125,0.370625,8.9407e-08
10,0.25,0.59375,0.131562,0.190521,0.378437,2.68221e-07
10,0.25,0.625,0.12375,0.187917,0.38625,5.21541e-08
10,0.25,0.65625,0.115937,0.185313,0.394062,6.70552e-08
10,0.25,0.6875,0.108125,0.182708,0.401875,1.49012e-07
10,0.25,0.71875,0.100312,0.180104,0.409687,2.6077e-07
10,0.25,0.75,0.0924999,0.1775,0.4175,8.19564e-08
10,0.25,0.78125,0.0846876,0.174896,0.425312,8.9407e-08
10,0.25,0.8125,0.0768749,0.172292,0.433125,9.68575e-08
10,0.25,0.84375,0.0690625,0.169687,0.440937,8.9407e-08
10,0.25,0.875,0.0612496,0.167083,0.44875,3.72529e-07
10,0.25,0.90625,0.0534369,0.164479,0.456562,6.10948e-07
10,0.25,0.9375,0.0456249,0.161875,0.464375,1.3411e-07
10,0.25,0.96875,0.0378122,0.159271,0.472187,2.6077e-07
10,0.25,1,0.0300005,0.156667,0.48,4.5076e-07
10,0.28125,0,0.31125,0.27125,0.26125,1.78814e-07
10,0.28125,0.03125,0.302461,0.26832,0.270039,8.9407e-08
10,0.28125,0.0625,0.293672,0.265391,0.278828,1.49012e-07
10,0.28125,0.09375,0.284883,0.262461,0.287617,1.19209e-07
10,0.28125,0.125,0.276094,0.259531,0.296406,8.9407e-08
10,0.28125,0.15625,0.267305,0.256602,0.305195,5.96046e-08
10,0.28125,0.1875,0.258515,0.253672,0.313984,1.49012e-07
10,0.28125,0.21875,0.249727,0.250742,0.322773,1.78814e-07
10,0.28125,0.25,0.240937,0.247813,0.331562,4.47035e-07
10,0.28125,0.28125,0.232148,0.244883,0.340351,1.04308e-07
10,0.28125,0.3125,0.22336,0.241953,0.349141,3.57628e-07
10,0.28125,0.34375,0.21457,0.239023,0.35793,1.19209e-07
10,0.28125,0.375,0.205781,0.236094,0.366719,1.19209e-07
10,0.28125,0.40625,0.196992,0.233164,0.375508,2.68221e-07
10,0.28125,0.4375,0.188203,0.230234,0.384297,8.9407e-08
10,0.28125,0.46875,0.179414,0.227305,0.393086,8.9407e-08
10,0.28125,0.5,0.170625,0.224375,0.401875,1.49012e-07
10,0.28125,0.53125,0.161836,0.221445,0.410664,2.38419e-07
10,0.28125,0.5625,0.153047,0.218516,0.419453,1.49012e-07
10,0.28125,0.59375,0.144258,0.215586,0.428242,5.96046e-08
10,0.28125,0.625,0.135469,0.212656,0.437031,1.78814e-07
10,0.28125,0.65625,0.12668,0.209726,0.44582,1.49012e-07
10,0.28125,0.6875,0.117891,0.206797,0.454609,1.11759e-07
10,0.28125,0.71875,0.109102,0.203867,0.463398,4.47035e-08
10,0.28125,0.75,0.100313,0.200937,0.472187,3.35276e-07
10,0.28125,0.78125,0.0915235,0.198008,0.480977,1.04308e-07
10,0.28125,0.8125,0.0827346,0.195078,0.489766,2.45869e-07
10,0.28125,0.84375,0.0739456,0.192148,0.498555,2.90573e-07
10,0.28125,0.875,0.0651565,0.189219,0.507344,2.08616e-07
10,0.28125,0.90625,0.0563675,0.186289,0.516133,3.05474e-07
10,0.28125,0.9375,0.0475783,0.183359,0.524922,2.16067e-07
10,0.28125,0.96875,0.0387896,0.18043,0.533711,5.66244e-07
10,0.28125,1,0.0299999,0.1775,0.5425,5.96046e-08
10,0.3125,0,0.3425,0.3025,0.2925,1.78814e-07
10,0.3125,0.03125,0.332734,0.299245,0.302266,8.9407e-08
10,0.3125,0.0625,0.322969,0.295989,0.312031,1.49012e-07
10,0.3125,0.09375,0.313203,0.292734,0.321797,2.08616e-07
10,0.3125,0.125,0.303438,0.289479,0.331562,2.08616e-07
10,0.3125,0.15625,0.293672,0.286224,0.341328,5.96046e-08
10,0.3125,0.1875,0.283906,0.282969,0.351094,1.49012e-07
10,0.3125,0.21875,0.27414,0.279714,0.360859,1.49012e-07
10,0.3125,0.25,0.264375,0.276458,0.370625,1.19209e-07
10,0.3125,0.28125,0.25461,0.273203,0.380391,2.08616e-07
10,0.3125,0.3125,0.244844,0.269948,0.390156,1.49012e-07
10,0.3125,0.34375,0.235078,0.266693,0.399922,8.9407e-08
10,0.3125,0.375,0.225313,0.263437,0.409687,1.19209e-07
10,0.3125,0.40625,0.215547,0.260182,0.419453,1.19209e-07
10,0.3125,0.4375,0.205781,0.256927,0.429219,2.38419e-07
10,0.3125,0.46875,0.196016,0.253672,0.438984,2.98023e-08
10,0.3125,0.5,0.18625,0.250417,0.44875,8.9407e-08
10,0.3125,0.53125,0.176484,0.247162,0.458515,1.78814e-07
10,0.3125,0.5625,0.166719,0.243906,0.468281,2.08616e-07
10,0.3125,0.59375,0.156953,0.240651,0.478047,2.68221e-07
10,0.3125,0.625,0.147187,0.237396,0.487812,8.9407e-08
10,0.3125,0.65625,0.137422,0.23414,0.497578,3.57628e-07
10,0.3125,0.6875,0.127656,0.230885,0.507344,1.78814e-07
10,0.3125,0.71875,0.117891,0.22763,0.517109,3.94881e-07
10,0.3125,0.75,0.108125,0.224375,0.526875,4.99189e-07
10,0.3125,0.78125,0.0983586,0.22112,0.536641,7.37607e-07
10,0.3125,0.8125,0.0885939,0.217864,0.546406,1.71363e-07
10,0.3125,0.84375,0.0788284,0.214609,0.556172,2.90573e-07
10,0.3125,0.875,0.0690615,0.211354,0.565937,9.76026e-07
10,0.3125,0.90625,0.0592966,0.208099,0.575703,2.68221e-07
10,0.3125,0.9375,0.0495308,0.204844,0.585469,4.24683e-07
10,0.3125,0.96875,0.039766,0.201589,0.595234,3.39001e-07
10,0.3125,1,0.0299998,0.198333,0.605,2.45869e-07
10,0.34375,0,0.37375,0.33375,0.32375,2.08616e-07
10,0.34375,0.03125,0.363008,0.330169,0.334492,1.78814e-07
10,0.34375,0.0625,0.352265,0.326589,0.345234,2.08616e-07
10,0.34375,0.09375,0.341523,0.323008,0.355976,2.98023e-07
10,0.34375,0.125,0.330781,0.319427,0.366719,8.9407e-08
10,0.34375,0.15625,0.320039,0.315846,0.377461,5.96046e-08
10,0.34375,0.1875,0.309297,0.312266,0.388203,1.78814e-07
10,0.34375,0.21875,0.298554,0.308685,0.398945,2.08616e-07
10,0.34375,0.25,0.287813,0.305104,0.409687,3.8743e-07
10,0.34375,0.28125,0.27707,0.301523,0.42043,2.38419e-07
10,0.34375,0.3125,0.266328,0.297943,0.431172,1.49012e-07
10,0.34375,0.34375,0.255586,0.294362,0.441914,2.38419e-07
10,0.34375,0.375,0.244844,0.290781,0.452656,1.19209e-07
10,0.34375,0.40625,0.234101,0.287201,0.463398,2.68221e-07
10,0.34375,0.4375,0.223359,0.28362,0.474141,1.19209e-07
10,0.34375,0.46875,0.212617,0.280039,0.484883,5.66244e-07
10,0.34375,0.5,0.201875,0.276458,0.495625,1.78814e-07
10,0.34375,0.53125,0.191133,0.272878,0.506367,8.9407e-08
10,0.34375,0.5625,0.180391,0.269297,0.517109,1.19209e-07
10,0.34375,0.59375,0.169648,0.265716,0.527852,2.38419e-07
10,0.34375,0.625,0.158906,0.262135,0.538594,1.78814e-07
10,0.34375,0.65625,0.148164,0.258555,0.549336,2.38419e-07
10,0.34375,0.6875,0.137422,0.254974,0.560078,1.19209e-07
10,0.34375,0.71875,0.12668,0.251393,0.57082,5.96046e-08
10,0.34375,0.75,0.115937,0.247813,0.581563,2.75671e-07
10,0.34375,0.78125,0.105195,0.244232,0.592304,4.99189e-07
10,0.34375,0.8125,0.0944528,0.240651,0.603047,2.98023e-07
10,0.34375,0.84375,0.0837108,0.23707,0.613789,1.86265e-07
10,0.34375,0.875,0.0729695,0.233489,0.624531,7.07805e-07
10,0.34375,0.90625,0.0622274,0.229909,0.635273,8.12113e-07
10,0.34375,0.9375,0.0514844,0.226328,0.646016,1.04308e-07
10,0.34375,0.96875,0.0407427,0.222747,0.656758,5.06639e-07
10,0.34375,1,0.029999,0.219167,0.6675,9.68575e-07
10,0.375,0,0.405,0.365,0.355,2.38419e-07
10,0.375,0.03125,0.393281,0.361094,0.366719,1.49012e-07
10,0.375,0.0625,0.381563,0.357187,0.378437,2.38419e-07
10,0.375,0.09375,0.369844,0.353281,0.390156,1.78814e-07
10,0.375,0.125,0.358125,0.349375,0.401875,3.57628e-07
10,0.375,0.15625,0.346406,0.345469,0.413594,1.78814e-07
10,0.375,0.1875,0.334687,0.341562,0.425312,5.96046e-08
10,0.375,0.21875,0.322969,0.337656,0.437031,1.49012e-07
10,0.375,0.25,0.31125,0.33375,0.44875,1.19209e-07
10,0.375,0.28125,0.299531,0.329844,0.460469,1.19209e-07
10,0.375,0.3125,0.287813,0.325937,0.472187,3.8743e-07
10,0.375,0.34375,0.276094,0.322031,0.483906,1.19209e-07
10,0.375,0.375,0.264375,0.318125,0.495625,8.9407e-08
10,0.375,0.40625,0.252656,0.314219,0.507344,1.49012e-07
10,0.375,0.4375,0.240938,0.310312,0.519062,1.78814e-07
10,0.375,0.46875,0.229219,0.306406,0.530781,2.38419e-07
10,0.375,0.5,0.2175,0.3025,0.5425,1.19209e-07
10,0.375,0.53125,0.205781,0.298594,0.554219,1.19209e-07
10,0.375,0.5625,0.194063,0.294687,0.565937,1.19209e-07
10,0.375,0.59375,0.182344,0.290781,0.577656,1.49012e-07
10,0.375,0.625,0.170625,0.286875,0.589375,1.78814e-07
10,0.375,0.65625,0.158906,0.282969,0.601094,1.78814e-07
10,0.375,0.6875,0.147188,0.279062,0.612812,2.38419e-07
10,0.375,0.71875,0.135469,0.275156,0.624531,8.9407e-08
10,0.375,0.75,0.12375,0.27125,0.63625,2.01166e-07
10,0.375,0.78125,0.112031,0.267344,0.647969,5.96046e-08
10,0.375,0.8125,0.100312,0.263438,0.659688,7.97212e-07
10,0.375,0.84375,0.0885936,0.259531,0.671406,1.19209e-07
10,0.375,0.875,0.0768748,0.255625,0.683125,1.56462e-07
10,0.375,0.90625,0.0651555,0.251719,0.694844,7.45058e-07
10,0.375,0.9375,0.0534372,0.247812,0.706562,2.6077e-07
10,0.375,0.96875,0.0417171,0.243906,0.718281,1.66148e-06
10,0.375,1,0.030001,0.24,0.73,9.574e-07
10,0.40625,0,0.43625,0.39625,0.38625,1.49012e-07
10,0.40625,0.03125,0.423555,0.392018,0.398945,1.19209e-07
10,0.40625,0.0625,0.410859,0.387787,0.411641,2.98023e-07
10,0.40625,0.09375,0.398164,0.383555,0.424336,1.19209e-07
10,0.40625,0.125,0.385469,0.379323,0.437031,1.19209e-07
10,0.40625,0.15625,0.372773,0.375091,0.449727,2.98023e-08
10,0.40625,0.1875,0.360078,0.370859,0.462422,1.49012e-07
10,0.40625,0.21875,0.347383,0.366628,0.475117,1.19209e-07
10,0.40625,0.25,0.334687,0.362396,0.487812,2.98023e-07
10,0.40625,0.28125,0.321992,0.358164,0.500508,1.19209e-07
10,0.40625,0.3125,0.309297,0.353932,0.513203,2.08616e-07
10,0.40625,0.34375,0.296602,0.3497,0.525898,3.8743e-07
10,0.40625,0.375,0.283906,0.345469,0.538594,1.78814e-07
10,0.40625,0.40625,0.271211,0.341237,0.551289,1.78814e-07
10,0.40625,0.4375,0.258516,0.337005,0.563984,8.9407e-08
10,0.40625,0.46875,0.24582,0.332773,0.57668,1.49012e-07
10,0.40625,0.5,0.233125,0.328542,0.589375,1.78814e-07
10,0.40625,0.53125,0.22043,0.32431,0.60207,1.78814e-07
10,0.40625,0.5625,0.207735,0.320078,0.614766,5.06639e-07
10,0.40625,0.59375,0.195039,0.315846,0.627461,1.49012e-07
10,0.40625,0.625,0.182344,0.311615,0.640156,1.78814e-07
10,0.40625,0.65625,0.169649,0.307383,0.652852,5.96046e-07
10,0.40625,0.6875,0.156953,0.303151,0.665547,2.98023e-07
10,0.40625,0.71875,0.144258,0.298919,0.678242,3.57628e-07
10,0.40625,0.75,0.131563,0.294687,0.690938,7.45058e-07
10,0.40625,0.78125,0.118867,0.290456,0.703633,1.19209e-07
10,0.40625,0.8125,0.106172,0.286224,0.716328,2.01166e-07
10,0.40625,0.84375,0.0934771,0.281992,0.729023,4.99189e-07
10,0.40625,0.875,0.0807815,0.27776,0.741719,2.90573e-07
10,0.40625,0.90625,0.068087,0.273528,0.754414,1.11014e-06
10,0.40625,0.9375,0.0553916,0.269297,0.767109,9.46224e-07
10,0.40625,0.96875,0.0426963,0.265065,0.779805,9.98378e-07
10,0.40625,1,0.0300012,0.260833,0.7925,1.24611e-06
10,0.4375,0,0.4675,0.4275,0.4175,2.68221e-07
10,0.4375,0.03125,0.453828,0.422943,0.431172,8.9407e-08
10,0.4375,0.0625,0.440156,0.418385,0.444844,5.96046e-08
10,0.4375,0.09375,0.426484,0.413828,0.458516,2.68221e-07
10,0.4375,0.125,0.412813,0.409271,0.472187,2.38419e-07
10,0.4375,0.15625,0.39914,0.404714,0.485859,4.76837e-07
10,0.4375,0.1875,0.385469,0.400156,0.499531,2.08616e-07
10,0.4375,0.21875,0.371797,0.395599,0.513203,5.96046e-08
10,0.4375,0.25,0.358125,0.391042,0.526875,1.19209e-07
10,0.4375,0.28125,0.344453,0.386484,0.540547,8.9407e-08
10,0.4375,0.3125,0.330781,0.381927,0.554219,2.38419e-07
10,0.4375,0.34375,0.317109,0.37737,0.56789,2.68221e-07
10,0.4375,0.375,0.303437,0.372813,0.581563,2.98023e-07
10,0.4375,0.40625,0.289766,0.368255,0.595234,2.08616e-07
10,0.4375,0.4375,0.276094,0.363698,0.608906,1.19209e-07
10,0.4375,0.46875,0.262422,0.359141,0.622578,3.57628e-07
10,0.4375,0.5,0.24875,0.354583,0.63625,3.27826e-07
10,0.4375,0.53125,0.235078,0.350026,0.649922,1.78814e-07
10,0.4375,0.5625,0.221406,0.345469,0.663594,4.17233e-07
10,0.4375,0.59375,0.207734,0.340911,0.677266,1.49012e-07
10,0.4375,0.625,0.194062,0.336354,0.690937,2.68221e-07
10,0.4375,0.65625,0.180391,0.331797,0.704609,4.47035e-07
10,0.4375,0.6875,0.166718,0.32724,0.718281,3.57628e-07
10,0.4375,0.71875,0.153047,0.322682,0.731953,2.98023e-07
10,0.4375,0.75,0.139375,0.318125,0.745625,3.8743e-07
10,0.4375,0.78125,0.125703,0.313568,0.759297,2.38419e-07
10,0.4375,0.8125,0.112031,0.309011,0.772969,3.94881e-07
10,0.4375,0.84375,0.0983593,0.304453,0.786641,1.11759e-07
10,0.4375,0.875,0.0846878,0.299896,0.800313,3.20375e-07
10,0.4375,0.90625,0.0710163,0.295338,0.813984,6.78003e-07
10,0.4375,0.9375,0.057345,0.290781,0.827656,1.2368e-06
10,0.4375,0.96875,0.0436727,0.286224,0.841328,8.71718e-07
10,0.4375,1,0.0300011,0.281667,0.855,1.05239e-06
10,0.46875,0,0.49875,0.45875,0.44875,8.9407e-08
10,0.46875,0.03125,0.484102,0.453867,0.463398,2.68221e-07
10,0.46875,0.0625,0.469453,0.448984,0.478047,3.27826e-07
10,0.46875,0.09375,0.454805,0.444101,0.492695,2.68221e-07
10,0.46875,0.125,0.440156,0.439219,0.507344,1.78814e-07
10,0.46875,0.15625,0.425508,0.434336,0.521992,6.55651e-07
10,0.46875,0.1875,0.41086,0.429453,0.536641,2.08616e-07
10,0.46875,0.21875,0.396211,0.42457,0.551289,1.49012e-07
10,0.46875,0.25,0.381563,0.419688,0.565937,1.19209e-07
10,0.46875,0.28125,0.366914,0.414805,0.580586,1.19209e-07
10,0.46875,0.3125,0.352265,0.409922,0.595234,2.38419e-07
10,0.46875,0.34375,0.337618,0.405039,0.609883,5.36442e-07
10,0.46875,0.375,0.322969,0.400156,0.624531,3.8743e-07
10,0.46875,0.40625,0.308321,0.395273,0.63918,2.08616e-07
10,0.46875,0.4375,0.293672,0.390391,0.653828,1.78814e-07
10,0.46875,0.46875,0.279023,0.385508,0.668476,1.19209e-07
10,0.46875,0.5,0.264375,0.380625,0.683125,1.19209e-07
10,0.46875,0.53125,0.249726,0.375742,0.697773,1.19209e-07
10,0.46875,0.5625,0.235077,0.37086,0.712422,6.85453e-07
10,0.46875,0.59375,0.220429,0.365977,0.72707,8.9407e-07
10,0.46875,0.625,0.205781,0.361094,0.741719,5.06639e-07
10,0.46875,0.65625,0.191132,0.356211,0.756367,8.9407e-07
10,0.46875,0.6875,0.176484,0.351328,0.771016,8.9407e-08
10,0.46875,0.71875,0.161835,0.346445,0.785664,4.47035e-07
10,0.46875,0.75,0.147188,0.341562,0.800312,4.76837e-07
10,0.46875,0.78125,0.132538,0.33668,0.814961,7.45058e-07
10,0.46875,0.8125,0.117891,0.331797,0.829609,1.78814e-07
10,0.46875,0.84375,0.103242,0.326914,0.844258,4.39584e-07
10,0.46875,0.875,0.0885937,0.322031,0.858906,1.19209e-07
10,0.46875,0.90625,0.0739466,0.317148,0.873555,1.24425e-06
10,0.46875,0.9375,0.0592973,0.312266,0.888203,3.8743e-07
10,0.46875,0.96875,0.0446457,0.307383,0.902852,2.68966e-06
10,0.46875,1,0.0300004,0.3025,0.9175,3.78117e-07
10,0.5,0,0.53,0.49,0.48,2.38419e-07
10,0.5,0.03125,0.514375,0.484792,0.495625,1.49012e-07
10,0.5,0.0625,0.49875,0.479583,0.51125,3.27826e-07
10,0.5,0.09375,0.483125,0.474375,0.526875,4.47035e-07
10,0.5,0.125,0.4675,0.469166,0.5425,3.27826e-07
10,0.5,0.15625,0.451875,0.463958,0.558125,2.68221e-07
10,0.5,0.1875,0.43625,0.45875,0.57375,1.78814e-07
10,0.5,0.21875,0.420625,0.453541,0.589375,2.98023e-07
10,0.5,0.25,0.405,0.448333,0.605,2.98023e-07
10,0.5,0.28125,0.389375,0.443125,0.620625,3.8743e-07
10,0.5,0.3125,0.37375,0.437917,0.63625,4.47035e-07
10,0.5,0.34375,0.358125,0.432708,0.651875,2.38419e-07
10,0.5,0.375,0.3425,0.4275,0.6675,1.49012e-07
10,0.5,0.40625,0.326875,0.422292,0.683125,4.76837e-07
10,0.5,0.4375,0.31125,0.417083,0.69875,2.68221e-07
10,0.5,0.46875,0.295625,0.411875,0.714375,1.78814e-07
10,0.5,0.5,0.28,0.406667,0.73,3.57628e-07
10,0.5,0.53125,0.264375,0.401458,0.745625,1.78814e-07
10,0.5,0.5625,0.248751,0.39625,0.76125,8.34465e-07
10,0.5,0.59375,0.233125,0.391042,0.776875,2.08616e-07
10,0.5,0.625,0.2175,0.385833,0.7925,1.19209e-07
10,0.5,0.65625,0.201875,0.380625,0.808125,3.57628e-07
10,0.5,0.6875,0.18625,0.375417,0.82375,2.38419e-07
10,0.5,0.71875,0.170624,0.370208,0.839375,5.06639e-07
10,0.5,0.75,0.155,0.365,0.855,8.9407e-08
10,0.5,0.78125,0.139375,0.359792,0.870625,3.27826e-07
10,0.5,0.8125,0.12375,0.354583,0.88625,2.01166e-07
10,0.5,0.84375,0.108125,0.349375,0.901875,1.41561e-07
10,0.5,0.875,0.0925004,0.344166,0.9175,3.94881e-07
10,0.5,0.90625,0.0768751,0.338958,0.933125,1.78814e-07
10,0.5,0.9375,0.0612513,0.33375,0.94875,1.30385e-06
10,0.5,0.96875,0.0456254,0.328542,0.964375,3.57628e-07
10,0.5,1,0.0300022,0.323333,0.98,2.20723e-06
10,0.53125,0,0.56125,0.52125,0.51125,2.38419e-07
10,0.53125,0.03125,0.546602,0.516367,0.525898,5.96046e-08
10,0.53125,0.0625,0.531953,0.511484,0.540547,2.98023e-07
10,0.53125,0.09375,0.517305,0.506602,0.555195,5.96046e-08
10,0.53125,0.125,0.502656,0.501719,0.569844,1.19209e-07
10,0.53125,0.15625,0.488007,0.496836,0.584492,5.06639e-07
10,0.53125,0.1875,0.47336,0.491953,0.599141,1.78814e-07
10,0.53125,0.21875,0.458711,0.48707,0.613789,2.68221e-07
10,0.53125,0.25,0.444063,0.482187,0.628438,5.96046e-08
10,0.53125,0.28125,0.429414,0.477305,0.643086,3.8743e-07
10,0.53125,0.3125,0.414766,0.472422,0.657734,2.98023e-07
10,0.53125,0.34375,0.400117,0.467539,0.672383,2.68221e-07
10,0.53125,0.375,0.385469,0.462656,0.687031,1.19209e-07
10,0.53125,0.40625,0.37082,0.457773,0.70168,2.38419e-07
10,0.53125,0.4375,0.356171,0.452891,0.716328,8.64267e-07
10,0.53125,0.46875,0.341524,0.448008,0.730976,3.27826e-07
10,0.53125,0.5,0.326875,0.443125,0.745625,3.8743e-07
10,0.53125,0.53125,0.312227,0.438242,0.760273,4.17233e-07
10,0.53125,0.5625,0.297578,0.43336,0.774922,1.78814e-07
10,0.53125,0.59375,0.28293,0.428477,0.78957,8.9407e-08
10,0.53125,0.625,0.268281,0.423594,0.804218,2.98023e-07
10,0.53125,0.65625,0.253633,0.418711,0.818867,8.9407e-08
10,0.53125,0.6875,0.238984,0.413828,0.833516,5.06639e-07
10,0.53125,0.71875,0.224335,0.408946,0.848164,6.85453e-07
10,0.53125,0.75,0.209687,0.404063,0.862812,3.57628e-07
10,0.53125,0.78125,0.195038,0.39918,0.877461,6.25849e-07
10,0.53125,0.8125,0.180389,0.394297,0.892109,1.43051e-06
10,0.53125,0.84375,0.165742,0.389414,0.906758,2.68221e-07
10,0.53125,0.875,0.151094,0.384531,0.921406,8.9407e-08
10,0.53125,0.90625,0.136446,0.379648,0.936055,2.68221e-07
10,0.53125,0.9375,0.121796,0.374766,0.950703,1.22935e-06
10,0.53125,0.96875,0.107149,0.369883,0.965352,3.7998e-07
10,0.53125,1,0.0925019,0.365,0.98,1.9446e-06
10,0.5625,0,0.5925,0.5525,0.5425,2.38419e-07
10,0.5625,0.03125,0.578828,0.547943,0.556172,1.78814e-07
10,0.5625,0.0625,0.565156,0.543386,0.569844,3.57628e-07
10,0.5625,0.09375,0.551484,0.538828,0.583516,5.96046e-08
10,0.5625,0.125,0.537813,0.534271,0.597187,1.19209e-07
10,0.5625,0.15625,0.524141,0.529714,0.610859,1.19209e-07
10,0.5625,0.1875,0.510469,0.525156,0.624531,2.38419e-07
10,0.5625,0.21875,0.496797,0.520599,0.638203,5.96046e-08
10,0.5625,0.25,0.483125,0.516042,0.651875,8.9407e-08
10,0.5625,0.28125,0.469453,0.511484,0.665547,5.96046e-08
10,0.5625,0.3125,0.455781,0.506927,0.679219,2.68221e-07
10,0.5625,0.34375,0.442109,0.50237,0.692891,2.68221e-07
10,0.5625,0.375,0.428437,0.497812,0.706562,2.38419e-07
10,0.5625,0.40625,0.414766,0.493255,0.720234,8.9407e-08
10,0.5625,0.4375,0.401093,0.488698,0.733906,3.27826e-07
10,0.5625,0.46875,0.387422,0.48414,0.747578,2.38419e-07
10,0.5625,0.5,0.37375,0.479583,0.76125,1.49012e-07
10,0.5625,0.53125,0.360079,0.475026,0.774922,4.76837e-07
10,0.5625,0.5625,0.346406,0.470469,0.788594,3.57628e-07
10,0.5625,0.59375,0.332734,0.465911,0.802266,1.78814e-07
10,0.5625,0.625,0.319063,0.461354,0.815937,6.85453e-07
10,0.5625,0.65625,0.30539,0.456797,0.829609,3.27826e-07
10,0.5625,0.6875,0.291719,0.452239,0.843281,2.38419e-07
10,0.5625,0.71875,0.278046,0.447683,0.856953,5.66244e-07
10,0.5625,0.75,0.264375,0.443125,0.870625,3.27826e-07
10,0.5625,0.78125,0.250704,0.438567,0.884297,3.8743e-07
10,0.5625,0.8125,0.237031,0.43401,0.897969,8.9407e-08
10,0.5625,0.84375,0.223359,0.429453,0.911641,8.9407e-08
10,0.5625,0.875,0.209688,0.424896,0.925312,1.78814e-07
10,0.5625,0.90625,0.196016,0.420338,0.938984,7.45058e-07
10,0.5625,0.9375,0.182343,0.415781,0.952656,4.47035e-07
10,0.5625,0.96875,0.168673,0.411224,0.966328,9.53674e-07
10,0.5625,1,0.155,0.406667,0.98,1.49012e-07
10,0.59375,0,0.62375,0.58375,0.57375,1.19209e-07
10,0.59375,0.03125,0.611054,0.579518,0.586445,1.78814e-07
10,0.59375,0.0625,0.598359,0.575287,0.59914,5.36442e-07
10,0.59375,0.09375,0.585664,0.571055,0.611836,4.17233e-07
10,0.59375,0.125,0.572969,0.566823,0.624531,2.38419e-07
10,0.59375,0.15625,0.560273,0.562591,0.637227,1.78814e-07
10,0.59375,0.1875,0.547578,0.558359,0.649922,1.78814e-07
10,0.59375,0.21875,0.534883,0.554128,0.662617,1.19209e-07
10,0.59375,0.25,0.522187,0.549896,0.675313,1.78814e-07
10,0.59375,0.28125,0.509492,0.545664,0.688008,3.57628e-07
10,0.59375,0.3125,0.496797,0.541432,0.700703,2.68221e-07
10,0.59375,0.34375,0.484102,0.5372,0.713398,2.68221e-07
10,0.59375,0.375,0.471407,0.532969,0.726094,2.68221e-07
10,0.59375,0.40625,0.458711,0.528737,0.738789,1.78814e-07
10,0.59375,0.4375,0.446016,0.524505,0.751484,1.78814e-07
10,0.59375,0.46875,0.43332,0.520274,0.76418,5.96046e-08
10,0.59375,0.5,0.420625,0.516042,0.776875,1.78814e-07
10,0.59375,0.53125,0.407929,0.51181,0.78957,7.15256e-07
10,0.59375,0.5625,0.395234,0.507578,0.802265,2.68221e-07
10,0.59375,0.59375,0.382539,0.503346,0.814961,1.78814e-07
10,0.59375,0.625,0.369844,0.499115,0.827656,2.38419e-07
10,0.59375,0.65625,0.357148,0.494883,0.840352,1.78814e-07
10,0.59375,0.6875,0.344453,0.490651,0.853047,2.98023e-07
10,0.59375,0.71875,0.331758,0.486419,0.865742,1.19209e-07
10,0.59375,0.75,0.319062,0.482188,0.878438,8.34465e-07
10,0.59375,0.78125,0.306367,0.477956,0.891133,1.78814e-07
10,0.59375,0.8125,0.293671,0.473724,0.903828,4.17233e-07
10,0.59375,0.84375,0.280977,0.469492,0.916523,3.27826e-07
10,0.59375,0.875,0.268282,0.46526,0.929219,5.36442e-07
10,0.59375,0.90625,0.255586,0.461029,0.941914,2.38419e-07
10,0.59375,0.9375,0.242891,0.456797,0.954609,2.98023e-07
10,0.59375,0.96875,0.230194,0.452565,0.967305,8.34465e-07
10,0.59375,1,0.2175,0.448333,0.98,1.19209e-07
10,0.625,0,0.655,0.615,0.605,1.19209e-07
10,0.625,0.03125,0.643281,0.611094,0.616719,1.19209e-07
10,0.625,0.0625,0.631562,0.607187,0.628437,1.19209e-07
10,0.625,0.09375,0.619844,0.603281,0.640156,5.96046e-08
10,0.625,0.125,0.608125,0.599375,0.651875,2.38419e-07
10,0.625,0.15625,0.596406,0.595469,0.663593,2.98023e-07
10,0.625,0.1875,0.584688,0.591562,0.675312,1.19209e-07
10,0.625,0.21875,0.572969,0.587656,0.687031,2.38419e-07
10,0.625,0.25,0.56125,0.58375,0.69875,2.98023e-07
10,0.625,0.28125,0.549531,0.579844,0.710469,1.19209e-07
10,0.625,0.3125,0.537813,0.575937,0.722187,5.36442e-07
10,0.625,0.34375,0.526094,0.572031,0.733906,1.19209e-07
10,0.625,0.375,0.514375,0.568125,0.745625,2.98023e-07
10,0.625,0.40625,0.502656,0.564219,0.757344,5.96046e-08
10,0.625,0.4375,0.490937,0.560313,0.769062,2.68221e-07
10,0.625,0.46875,0.479219,0.556406,0.780781,2.38419e-07
10,0.625,0.5,0.4675,0.5525,0.7925,3.27826e-07
10,0.625,0.53125,0.455782,0.548593,0.804219,7.45058e-07
10,0.625,0.5625,0.444063,0.544687,0.815938,1.49012e-07
10,0.625,0.59375,0.432344,0.540781,0.827657,2.68221e-07
10,0.625,0.625,0.420625,0.536875,0.839375,4.17233e-07
10,0.625,0.65625,0.408906,0.532969,0.851094,4.47035e-07
10,0.625,0.6875,0.397187,0.529063,0.862812,3.57628e-07
10,0.625,0.71875,0.385468,0.525156,0.874531,2.68221e-07
10,0.625,0.75,0.373749,0.52125,0.88625,7.45058e-07
10,0.625,0.78125,0.362031,0.517344,0.897968,3.57628e-07
10,0.625,0.8125,0.350313,0.513437,0.909688,2.68221e-07
10,0.625,0.84375,0.338594,0.509531,0.921406,2.08616e-07
10,0.625,0.875,0.326875,0.505625,0.933125,1.78814e-07
10,0.625,0.90625,0.315157,0.501719,0.944844,3.57628e-07
10,0.625,0.9375,0.303437,0.497813,0.956562,5.96046e-07
10,0.625,0.96875,0.291719,0.493906,0.968281,1.49012e-07
10,0.625,1,0.28,0.49,0.98,1.78814e-07
10,0.65625,0,0.68625,0.64625,0.63625,2.38419e-07
10,0.65625,0.03125,0.675508,0.642669,0.646992,1.78814e-07
10,0.65625,0.0625,0.664766,0.639088,0.657734,1.78814e-07
10,0.65625,0.09375,0.654023,0.635508,0.668476,1.78814e-07
10,0.65625,0.125,0.643281,0.631927,0.679219,2.98023e-07
10,0.65625,0.15625,0.632539,0.628346,0.689961,1.78814e-07
10,0.65625,0.1875,0.621797,0.624766,0.700703,1.19209e-07
10,0.65625,0.21875,0.611054,0.621185,0.711445,1.78814e-07
10,0.65625,0.25,0.600313,0.617604,0.722187,2.38419e-07
10,0.65625,0.28125,0.58957,0.614024,0.73293,2.98023e-07
10,0.65625,0.3125,0.578828,0.610443,0.743672,1.78814e-07
10,0.65625,0.34375,0.568086,0.606862,0.754414,1.78814e-07
10,0.65625,0.375,0.557344,0.603281,0.765156,3.57628e-07
10,0.65625,0.40625,0.546602,0.5997,0.775898,2.38419e-07
10,0.65625,0.4375,0.53586,0.59612,0.78664,5.36442e-07
10,0.65625,0.46875,0.525118,0.592539,0.797383,6.55651e-07
10,0.65625,0.5,0.514374,0.588958,0.808125,4.76837e-07
10,0.65625,0.53125,0.503633,0.585378,0.818867,1.19209e-07
10,0.65625,0.5625,0.492891,0.581797,0.829609,3.27826e-07
10,0.65625,0.59375,0.482149,0.578216,0.840352,1.49012e-07
10,0.65625,0.625,0.471406,0.574636,0.851094,3.27826e-07
10,0.65625,0.65625,0.460664,0.571055,0.861836,2.98023e-07
10,0.65625,0.6875,0.449922,0.567474,0.872578,1.78814e-07
10,0.65625,0.71875,0.43918,0.563893,0.88332,6.25849e-07
10,0.65625,0.75,0.428437,0.560312,0.894063,2.38419e-07
10,0.65625,0.78125,0.417696,0.556732,0.904804,2.98023e-07
10,0.65625,0.8125,0.406953,0.553151,0.915547,1.49012e-07
10,0.65625,0.84375,0.396211,0.54957,0.926289,1.19209e-07
10,0.65625,0.875,0.385469,0.54599,0.937031,5.96046e-07
10,0.65625,0.90625,0.374726,0.542409,0.947773,5.06639e-07
10,0.65625,0.9375,0.363985,0.538828,0.958516,6.55651e-07
10,0.65625,0.96875,0.353242,0.535248,0.969258,5.36442e-07
10,0.65625,1,0.3425,0.531667,0.98,1.78814e-07
10,0.6875,0,0.7175,0.6775,0.6675,4.17233e-07
10,0.6875,0.03125,0.707734,0.674245,0.677266,5.96046e-08
10,0.6875,0.0625,0.697969,0.67099,0.687031,1.19209e-07
10,0.6875,0.09375,0.688202,0.667735,0.696797,1.01328e-06
10,0.6875,0.125,0.678437,0.664479,0.706563,5.96046e-08
10,0.6875,0.15625,0.668672,0.661224,0.716328,3.57628e-07
10,0.6875,0.1875,0.658907,0.657969,0.726094,3.57628e-07
10,0.6875,0.21875,0.649141,0.654713,0.735859,1.19209e-07
10,0.6875,0.25,0.639375,0.651458,0.745625,2.98023e-07
10,0.6875,0.28125,0.629609,0.648203,0.755391,5.96046e-08
10,0.6875,0.3125,0.619844,0.644948,0.765156,1.78814e-07
10,0.6875,0.34375,0.610078,0.641693,0.774922,2.38419e-07
10,0.6875,0.375,0.600312,0.638437,0.784687,1.19209e-07
10,0.6875,0.40625,0.590547,0.635182,0.794453,2.98023e-07
10,0.6875,0.4375,0.580781,0.631927,0.804219,1.78814e-07
10,0.6875,0.46875,0.571016,0.628672,0.813984,4.76837e-07
10,0.6875,0.5,0.56125,0.625417,0.82375,2.98023e-07
10,0.6875,0.53125,0.551484,0.622161,0.833516,1.19209e-07
10,0.6875,0.5625,0.541719,0.618906,0.843281,1.19209e-07
10,0.6875,0.59375,0.531953,0.615651,0.853047,5.96046e-08
10,0.6875,0.625,0.522188,0.612396,0.862813,5.96046e-08
10,0.6875,0.65625,0.512422,0.60914,0.872578,1.78814e-07
10,0.6875,0.6875,0.502656,0.605885,0.882344,5.96046e-08
10,0.6875,0.71875,0.492891,0.60263,0.892109,2.08616e-07
10,0.6875,0.75,0.483126,0.599375,0.901875,5.66244e-07
10,0.6875,0.78125,0.473359,0.59612,0.91164,1.78814e-07
10,0.6875,0.8125,0.463594,0.592864,0.921406,1.78814e-07
10,0.6875,0.84375,0.453829,0.589609,0.931172,3.8743e-07
10,0.6875,0.875,0.444062,0.586354,0.940937,2.38419e-07
10,0.6875,0.90625,0.434296,0.583099,0.950703,6.85453e-07
10,0.6875,0.9375,0.424531,0.579844,0.960469,1.78814e-07
10,0.6875,0.96875,0.414766,0.576589,0.970234,1.78814e-07
10,0.6875,1,0.405,0.573333,0.98,5.96046e-08
10,0.71875,0,0.74875,0.70875,0.69875,2.98023e-07
10,0.71875,0.03125,0.739961,0.70582,0.707539,2.38419e-07
10,0.71875,0.0625,0.731172,0.702891,0.716328,1.78814e-07
10,0.71875,0.09375,0.722383,0.699961,0.725117,1.78814e-07
10,0.71875,0.125,0.713593,0.697031,0.733906,4.76837e-07
10,0.71875,0.15625,0.704805,0.694102,0.742695,2.38419e-07
10,0.71875,0.1875,0.696016,0.691172,0.751484,1.78814e-07
10,0.71875,0.21875,0.687227,0.688242,0.760273,1.78814e-07
10,0.71875,0.25,0.678437,0.685313,0.769062,1.78814e-07
10,0.71875,0.28125,0.669649,0.682383,0.777852,1.19209e-07
10,0.71875,0.3125,0.660859,0.679453,0.786641,0
10,0.71875,0.34375,0.65207,0.676524,0.795429,3.57628e-07
10,0.71875,0.375,0.643281,0.673594,0.804219,2.38419e-07
10,0.71875,0.40625,0.634492,0.670664,0.813008,1.19209e-07
10,0.71875,0.4375,0.625703,0.667734,0.821797,2.98023e-07
10,0.71875,0.46875,0.616914,0.664805,0.830586,1.78814e-07
10,0.71875,0.5,0.608125,0.661875,0.839375,1.19209e-07
10,0.71875,0.53125,0.599336,0.658945,0.848164,5.96046e-08
10,0.71875,0.5625,0.590547,0.656016,0.856953,1.19209e-07
10,0.71875,0.59375,0.581758,0.653086,0.865742,2.98023e-07
10,0.71875,0.625,0.572969,0.650156,0.874531,3.57628e-07
10,0.71875,0.65625,0.56418,0.647227,0.88332,2.98023e-07
10,0.71875,0.6875,0.55539,0.644297,0.892109,2.38419e-07
10,0.71875,0.71875,0.546602,0.641367,0.900898,3.57628e-07
10,0.71875,0.75,0.537813,0.638438,0.909688,5.96046e-08
10,0.71875,0.78125,0.529023,0.635508,0.918476,1.78814e-07
10,0.71875,0.8125,0.520235,0.632578,0.927265,5.36442e-07
10,0.71875,0.84375,0.511445,0.629648,0.936055,2.38419e-07
10,0.71875,0.875,0.502656,0.626719,0.944844,2.38419e-07
10,0.71875,0.90625,0.493867,0.623789,0.953633,3.8743e-07
10,0.71875,0.9375,0.485078,0.620859,0.962422,3.27826e-07
10,0.71875,0.96875,0.476289,0.61793,0.971211,2.98023e-07
10,0.71875,1,0.4675,0.615,0.98,3.8743e-07
10,0.75,0,0.78,0.74,0.73,2.98023e-07
10,0.75,0.03125,0.772188,0.737396,0.737812,4.76837e-07
10,0.75,0.0625,0.764375,0.734792,0.745625,2.98023e-07
10,0.75,0.09375,0.756562,0.732188,0.753438,5.96046e-08
10,0.75,0.125,0.74875,0.729583,0.76125,1.78814e-07
10,0.75,0.15625,0.740937,0.726979,0.769062,2.98023e-07
10,0.75,0.1875,0.733125,0.724375,0.776875,2.38419e-07
10,0.75,0.21875,0.725313,0.721771,0.784687,1.78814e-07
10,0.75,0.25,0.7175,0.719167,0.7925,2.98023e-07
10,0.75,0.28125,0.709687,0.716563,0.800312,1.78814e-07
10,0.75,0.3125,0.701875,0.713958,0.808125,2.98023e-07
10,0.75,0.34375,0.694063,0.711354,0.815937,3.57628e-07
10,0.75,0.375,0.68625,0.70875,0.82375,2.38419e-07
10,0.75,0.40625,0.678437,0.706146,0.831563,2.38419e-07
10,0.75,0.4375,0.670625,0.703542,0.839375,1.19209e-07
10,0.75,0.46875,0.662813,0.700937,0.847187,1.78814e-07
10,0.75,0.5,0.655,0.698333,0.855,2.38419e-07
10,0.75,0.53125,0.647187,0.695729,0.862812,2.98023e-07
10,0.75,0.5625,0.639375,0.693125,0.870625,2.38419e-07
10,0.75,0.59375,0.631563,0.690521,0.878437,3.57628e-07
10,0.75,0.625,0.62375,0.687917,0.88625,4.76837e-07
10,0.75,0.65625,0.615937,0.685313,0.894062,4.76837e-07
10,0.75,0.6875,0.608125,0.682708,0.901875,2.38419e-07
10,0.75,0.71875,0.600312,0.680104,0.909687,4.17233e-07
10,0.75,0.75,0.5925,0.6775,0.9175,4.17233e-07
10,0.75,0.78125,0.584687,0.674896,0.925312,3.57628e-07
10,0.75,0.8125,0.576875,0.672292,0.933125,2.38419e-07
10,0.75,0.84375,0.569062,0.669688,0.940937,2.38419e-07
10,0.75,0.875,0.56125,0.667083,0.94875,4.17233e-07
10,0.75,0.90625,0.553437,0.664479,0.956562,4.76837e-07
10,0.75,0.9375,0.545626,0.661875,0.964375,1.07288e-06
10,0.75,0.96875,0.537813,0.659271,0.972187,1.78814e-07
10,0.75,1,0.53,0.656667,0.98,2.98023e-07
10,0.78125,0,0.81125,0.77125,0.76125,1.78814e-07
10,0.78125,0.03125,0.804414,0.768971,0.768086,1.78814e-07
10,0.78125,0.0625,0.797578,0.766693,0.774922,1.19209e-07
10,0.78125,0.09375,0.790742,0.764414,0.781758,1.78814e-07
10,0.78125,0.125,0.783906,0.762135,0.788594,1.78814e-07
10,0.78125,0.15625,0.77707,0.759857,0.79543,1.78814e-07
10,0.78125,0.1875,0.770234,0.757578,0.802265,2.98023e-07
10,0.78125,0.21875,0.763399,0.755299,0.809102,4.76837e-07
10,0.78125,0.25,0.756563,0.753021,0.815937,7.15256e-07
10,0.78125,0.28125,0.749727,0.750742,0.822773,2.98023e-07
10,0.78125,0.3125,0.742891,0.748463,0.829609,2.98023e-07
10,0.78125,0.34375,0.736055,0.746185,0.836445,1.19209e-07
10,0.78125,0.375,0.729218,0.743907,0.843281,5.36442e-07
10,0.78125,0.40625,0.722383,0.741628,0.850117,3.57628e-07
10,0.78125,0.4375,0.715547,0.739349,0.856953,2.38419e-07
10,0.78125,0.46875,0.70871,0.737071,0.863789,5.36442e-07
10,0.78125,0.5,0.701875,0.734792,0.870625,2.38419e-07
10,0.78125,0.53125,0.695039,0.732513,0.877461,5.96046e-08
10,0.78125,0.5625,0.688203,0.730234,0.884297,2.98023e-07
10,0.78125,0.59375,0.681367,0.727956,0.891133,1.78814e-07
10,0.78125,0.625,0.674532,0.725677,0.897969,4.17233e-07
10,0.78125,0.65625,0.667695,0.723398,0.904805,1.78814e-07
10,0.78125,0.6875,0.66086,0.72112,0.91164,2.98023e-07
10,0.78125,0.71875,0.654023,0.718841,0.918476,2.38419e-07
10,0.78125,0.75,0.647188,0.716562,0.925312,3.57628e-07
10,0.78125,0.78125,0.640352,0.714284,0.932148,4.17233e-07
10,0.78125,0.8125,0.633516,0.712005,0.938984,5.96046e-08
10,0.78125,0.84375,0.62668,0.709727,0.94582,1.78814e-07
10,0.78125,0.875,0.619844,0.707448,0.952656,1.78814e-07
10,0.78125,0.90625,0.613008,0.705169,0.959492,2.98023e-07
10,0.78125,0.9375,0.606172,0.702891,0.966328,2.98023e-07
10,0.78125,0.96875,0.599336,0.700612,0.973164,3.57628e-07
10,0.78125,1,0.5925,0.698333,0.98,1.78814e-07
10,0.8125,0,0.8425,0.8025,0.7925,3.57628e-07
10,0.8125,0.03125,0.836641,0.800547,0.798359,5.36442e-07
10,0.8125,0.0625,0.830781,0.798594,0.804219,1.78814e-07
10,0.8125,0.09375,0.824922,0.796641,0.810078,1.78814e-07
10,0.8125,0.125,0.819062,0.794688,0.815937,3.57628e-07
10,0.8125,0.15625,0.813203,0.792734,0.821797,2.38419e-07
10,0.8125,0.1875,0.807344,0.790781,0.827656,3.57628e-07
10,0.8125,0.21875,0.801485,0.788828,0.833516,1.78814e-07
10,0.8125,0.25,0.795625,0.786875,0.839375,1.78814e-07
10,0.8125,0.28125,0.789765,0.784922,0.845234,1.78814e-07
10,0.8125,0.3125,0.783906,0.782969,0.851094,2.38419e-07
10,0.8125,0.34375,0.778047,0.781016,0.856953,2.98023e-07
10,0.8125,0.375,0.772187,0.779063,0.862812,1.78814e-07
10,0.8125,0.40625,0.766328,0.77711,0.868672,2.38419e-07
10,0.8125,0.4375,0.760468,0.775156,0.874531,5.36442e-07
10,0.8125,0.46875,0.754609,0.773203,0.880391,1.19209e-07
10,0.8125,0.5,0.74875,0.77125,0.88625,2.38419e-07
10,0.8125,0.53125,0.742891,0.769297,0.892109,2.38419e-07
10,0.8125,0.5625,0.737032,0.767343,0.897969,7.15256e-07
10,0.8125,0.59375,0.731172,0.765391,0.903828,2.98023e-07
10,0.8125,0.625,0.725312,0.763438,0.909687,1.78814e-07
10,0.8125,0.65625,0.719454,0.761484,0.915547,4.17233e-07
10,0.8125,0.6875,0.713594,0.759531,0.921406,1.78814e-07
10,0.8125,0.71875,0.707735,0.757578,0.927265,3.57628e-07
10,0.8125,0.75,0.701875,0.755625,0.933125,1.78814e-07
10,0.8125,0.78125,0.696015,0.753672,0.938984,2.98023e-07
10,0.8125,0.8125,0.690156,0.751719,0.944844,2.38419e-07
10,0.8125,0.84375,0.684297,0.749766,0.950703,1.78814e-07
10,0.8125,0.875,0.678438,0.747812,0.956562,2.38419e-07
10,0.8125,0.90625,0.672577,0.74586,0.962422,9.53674e-07
10,0.8125,0.9375,0.666719,0.743906,0.968281,5.36442e-07
10,0.8125,0.96875,0.660859,0.741953,0.97414,2.98023e-07
10,0.8125,1,0.655,0.74,0.98,1.78814e-07
10,0.84375,0,0.87375,0.83375,0.82375,4.76837e-07
10,0.84375,0.03125,0.868867,0.832123,0.828633,5.96046e-07
10,0.84375,0.0625,0.863984,0.830495,0.833516,1.78814e-07
10,0.84375,0.09375,0.859102,0.828867,0.838398,1.19209e-07
10,0.84375,0.125,0.854219,0.827239,0.843281,2.98023e-07
10,0.84375,0.15625,0.849336,0.825612,0.848164,3.57628e-07
10,0.84375,0.1875,0.844453,0.823985,0.853047,2.38419e-07
10,0.84375,0.21875,0.83957,0.822357,0.857929,5.96046e-07
10,0.84375,0.25,0.834688,0.820729,0.862812,1.78814e-07
10,0.84375,0.28125,0.829805,0.819101,0.867695,2.38419e-07
10,0.84375,0.3125,0.824922,0.817474,0.872578,4.17233e-07
10,0.84375,0.34375,0.820039,0.815846,0.877461,1.78814e-07
10,0.84375,0.375,0.815156,0.814219,0.882344,5.96046e-08
10,0.84375,0.40625,0.810273,0.812591,0.887226,1.19209e-07
10,0.84375,0.4375,0.80539,0.810964,0.892109,5.36442e-07
10,0.84375,0.46875,0.800508,0.809336,0.896992,1.78814e-07
10,0.84375,0.5,0.795624,0.807708,0.901875,5.36442e-07
10,0.84375,0.53125,0.790742,0.806081,0.906758,2.98023e-07
10,0.84375,0.5625,0.785859,0.804453,0.91164,7.15256e-07
10,0.84375,0.59375,0.780976,0.802826,0.916523,2.98023e-07
10,0.84375,0.625,0.776093,0.801198,0.921406,3.57628e-07
10,0.84375,0.65625,0.771211,0.79957,0.926289,3.57628e-07
10,0.84375,0.6875,0.766328,0.797943,0.931172,1.19209e-07
10,0.84375,0.71875,0.761445,0.796315,0.936055,1.19209e-07
10,0.84375,0.75,0.756563,0.794687,0.940937,1.78814e-07
10,0.84375,0.78125,0.75168,0.79306,0.94582,1.78814e-07
10,0.84375,0.8125,0.746796,0.791432,0.950703,3.57628e-07
10,0.84375,0.84375,0.741914,0.789805,0.955586,2.98023e-07
10,0.84375,0.875,0.737031,0.788177,0.960469,1.78814e-07
10,0.84375,0.90625,0.732148,0.78655,0.965352,1.19209e-07
10,0.84375,0.9375,0.727265,0.784922,0.970234,5.96046e-07
10,0.84375,0.96875,0.722383,0.783294,0.975117,1.78814e-07
10,0.84375,1,0.717499,0.781667,0.98,7.15256e-07
10,0.875,0,0.905,0.865,0.855,1.78814e-07
10,0.875,0.03125,0.901094,0.863698,0.858906,5.96046e-08
10,0.875,0.0625,0.897187,0.862396,0.862812,5.96046e-08
10,0.875,0.09375,0.893281,0.861094,0.866719,2.38419e-07
10,0.875,0.125,0.889375,0.859792,0.870625,1.78814e-07
10,0.875,0.15625,0.885469,0.85849,0.874531,1.19209e-07
10,0.875,0.1875,0.881563,0.857187,0.878437,2.98023e-07
10,0.875,0.21875,0.877656,0.855885,0.882344,2.38419e-07
10,0.875,0.25,0.87375,0.854583,0.88625,4.17233e-07
10,0.875,0.28125,0.869844,0.853281,0.890156,2.38419e-07
10,0.875,0.3125,0.865938,0.851979,0.894062,2.98023e-07
10,0.875,0.34375,0.862031,0.850677,0.897969,2.38419e-07
10,0.875,0.375,0.858125,0.849375,0.901875,4.17233e-07
10,0.875,0.40625,0.854219,0.848073,0.905781,5.36442e-07
10,0.875,0.4375,0.850313,0.846771,0.909688,2.98023e-07
10,0.875,0.46875,0.846406,0.845469,0.913593,2.98023e-07
10,0.875,0.5,0.8425,0.844167,0.9175,1.19209e-07
10,0.875,0.53125,0.838594,0.842864,0.921406,2.38419e-07
10,0.875,0.5625,0.834687,0.841562,0.925312,1.19209e-07
10,0.875,0.59375,0.830781,0.84026,0.929219,2.38419e-07
10,0.875,0.625,0.826876,0.838958,0.933125,5.36442e-07
10,0.875,0.65625,0.822969,0.837656,0.937031,2.98023e-07
10,0.875,0.6875,0.819063,0.836354,0.940938,1.19209e-07
10,0.875,0.71875,0.815156,0.835052,0.944844,5.96046e-08
10,0.875,0.75,0.811251,0.83375,0.94875,6.55651e-07
10,0.875,0.78125,0.807344,0.832448,0.952656,1.78814e-07
10,0.875,0.8125,0.803438,0.831146,0.956562,2.98023e-07
10,0.875,0.84375,0.799531,0.829844,0.960468,2.98023e-07
10,0.875,0.875,0.795625,0.828541,0.964375,4.17233e-07
10,0.875,0.90625,0.791718,0.82724,0.968281,4.17233e-07
10,0.875,0.9375,0.787812,0.825938,0.972187,7.15256e-07
10,0.875,0.96875,0.783906,0.824636,0.976094,4.76837e-07
10,0.875,1,0.78,0.823333,0.98,1.19209e-07
10,0.90625,0,0.93625,0.89625,0.88625,3.57628e-07
10,0.90625,0.03125,0.93332,0.895274,0.88918,2.98023e-07
10,0.90625,0.0625,0.930391,0.894297,0.892109,1.78814e-07
10,0.90625,0.09375,0.927461,0.89332,0.895039,5.96046e-08
10,0.90625,0.125,0.924531,0.892344,0.897969,1.19209e-07
10,0.90625,0.15625,0.921601,0.891367,0.900898,4.76837e-07
10,0.90625,0.1875,0.918672,0.890391,0.903828,1.19209e-07
10,0.90625,0.21875,0.915742,0.889414,0.906758,2.98023e-07
10,0.90625,0.25,0.912813,0.888437,0.909688,4.17233e-07
10,0.90625,0.28125,0.909883,0.887461,0.912617,1.78814e-07
10,0.90625,0.3125,0.906953,0.886484,0.915547,1.78814e-07
10,0.90625,0.34375,0.904024,0.885508,0.918477,1.78814e-07
10,0.90625,0.375,0.901093,0.884532,0.921406,6.55651e-07
10,0.90625,0.40625,0.898164,0.883555,0.924336,5.96046e-08
10,0.90625,0.4375,0.895234,0.882578,0.927266,1.19209e-07
10,0.90625,0.46875,0.892305,0.881602,0.930195,1.78814e-07
10,0.90625,0.5,0.889375,0.880625,0.933125,1.19209e-07
10,0.90625,0.53125,0.886446,0.879649,0.936055,2.98023e-07
10,0.90625,0.5625,0.883515,0.878672,0.938984,1.78814e-07
10,0.90625,0.59375,0.880587,0.877695,0.941914,8.34465e-07
10,0.90625,0.625,0.877656,0.876719,0.944844,5.96046e-07
10,0.90625,0.65625,0.874727,0.875742,0.947773,3.57628e-07
10,0.90625,0.6875,0.871797,0.874766,0.950703,2.98023e-07
10,0.90625,0.71875,0.868868,0.873789,0.953633,4.17233e-07
10,0.90625,0.75,0.865937,0.872813,0.956562,3.57628e-07
10,0.90625,0.78125,0.863008,0.871836,0.959492,2.38419e-07
10,0.90625,0.8125,0.860078,0.870859,0.962422,2.38419e-07
10,0.90625,0.84375,0.857149,0.869883,0.965352,1.78814e-07
10,0.90625,0.875,0.854219,0.868906,0.968281,4.76837e-07
10,0.90625,0.90625,0.851289,0.86793,0.971211,3.57628e-07
10,0.90625,0.9375,0.848359,0.866953,0.97414,1.78814e-07
10,0.90625,0.96875,0.845429,0.865977,0.97707,3.57628e-07
10,0.90625,1,0.8425,0.865,0.98,5.96046e-08
10,0.9375,0,0.9675,0.9275,0.9175,1.78814e-07
10,0.9375,0.03125,0.965547,0.926849,0.919453,1.78814e-07
10,0.9375,0.0625,0.963594,0.926198,0.921406,6.55651e-07
10,0.9375,0.09375,0.961641,0.925546,0.923359,4.17233e-07
10,0.9375,0.125,0.959688,0.924896,0.925312,2.98023e-07
10,0.9375,0.15625,0.957734,0.924245,0.927265,2.38419e-07
10,0.9375,0.1875,0.955782,0.923594,0.929219,4.17233e-07
10,0.9375,0.21875,0.953828,0.922943,0.931172,5.36442e-07
10,0.9375,0.25,0.951875,0.922292,0.933125,2.98023e-07
10,0.9375,0.28125,0.949922,0.921641,0.935078,1.19209e-07
10,0.9375,0.3125,0.947968,0.92099,0.937031,2.98023e-07
10,0.9375,0.34375,0.946016,0.920338,0.938984,2.98023e-07
10,0.9375,0.375,0.944063,0.919688,0.940937,1.78814e-07
10,0.9375,0.40625,0.942109,0.919036,0.94289,1.78814e-07
10,0.9375,0.4375,0.940157,0.918385,0.944844,3.57628e-07
10,0.9375,0.46875,0.938203,0.917734,0.946797,1.78814e-07
10,0.9375,0.5,0.93625,0.917083,0.94875,3.57628e-07
10,0.9375,0.53125,0.934297,0.916432,0.950703,1.78814e-07
10,0.9375,0.5625,0.932344,0.915781,0.952656,1.78814e-07
10,0.9375,0.59375,0.93039,0.91513,0.954609,2.98023e-07
10,0.9375,0.625,0.928437,0.914479,0.956562,4.76837e-07
10,0.9375,0.65625,0.926485,0.913828,0.958516,3.57628e-07
10,0.9375,0.6875,0.924532,0.913177,0.960469,2.98023e-07
10,0.9375,0.71875,0.922578,0.912526,0.962422,1.78814e-07
10,0.9375,0.75,0.920625,0.911875,0.964375,3.57628e-07
10,0.9375,0.78125,0.918672,0.911224,0.966328,1.78814e-07
10,0.9375,0.8125,0.916719,0.910573,0.968281,1.78814e-07
10,0.9375,0.84375,0.914766,0.909922,0.970234,4.17233e-07
10,0.9375,0.875,0.912813,0.909271,0.972187,2.38419e-07
10,0.9375,0.90625,0.910859,0.90862,0.97414,2.98023e-07
10,0.9375,0.9375,0.908906,0.907969,0.976093,2.98023e-07
10,0.9375,0.96875,0.906953,0.907317,0.978047,2.38419e-07
10,0.9375,1,0.905,0.906667,0.98,2.98023e-07
10,0.96875,0,0.99875,0.95875,0.94875,1.78814e-07
10,0.96875,0.03125,0.997773,0.958425,0.949726,1.78814e-07
10,0.96875,0.0625,0.996797,0.958099,0.950703,2.98023e-07
10,0.96875,0.09375,0.995821,0.957773,0.951679,4.17233e-07
10,0.96875,0.125,0.994844,0.957448,0.952656,1.78814e-07
10,0.96875,0.15625,0.993867,0.957123,0.953633,2.98023e-07
10,0.96875,0.1875,0.99289,0.956797,0.954609,4.17233e-07
10,0.96875,0.21875,0.991914,0.956472,0.955586,2.98023e-07
10,0.96875,0.25,0.990937,0.956146,0.956562,5.36442e-07
10,0.96875,0.28125,0.989961,0.95582,0.957539,1.78814e-07
10,0.96875,0.3125,0.988985,0.955495,0.958516,2.98023e-07
10,0.96875,0.34375,0.988008,0.955169,0.959492,5.96046e-08
10,0.96875,0.375,0.987031,0.954844,0.960469,1.78814e-07
10,0.96875,0.40625,0.986054,0.954518,0.961445,2.98023e-07
10,0.96875,0.4375,0.985078,0.954192,0.962422,2.98023e-07
10,0.96875,0.46875,0.984101,0.953867,0.963398,2.98023e-07
10,0.96875,0.5,0.983125,0.953542,0.964375,5.96046e-08
10,0.96875,0.53125,0.982149,0.953216,0.965351,2.98023e-07
10,0.96875,0.5625,0.981172,0.95289,0.966328,2.98023e-07
10,0.96875,0.59375,0.980195,0.952565,0.967304,2.98023e-07
10,0.96875,0.625,0.979219,0.952239,0.968281,1.78814e-07
10,0.96875,0.65625,0.978242,0.951914,0.969258,2.98023e-07
10,0.96875,0.6875,0.977266,0.951588,0.970234,2.38419e-07
10,0.96875,0.71875,0.976289,0.951263,0.971211,1.78814e-07
10,0.96875,0.75,0.975312,0.950937,0.972187,1.78814e-07
10,0.96875,0.78125,0.974336,0.950612,0.973164,1.78814e-07
10,0.96875,0.8125,0.97336,0.950286,0.97414,2.98023e-07
10,0.96875,0.84375,0.972383,0.949961,0.975117,2.98023e-07
10,0.96875,0.875,0.971407,0.949635,0.976094,4.17233e-07
10,0.96875,0.90625,0.97043,0.94931,0.97707,1.19209e-07
10,0.96875,0.9375,0.969453,0.948984,0.978046,4.17233e-07
10,0.96875,0.96875,0.968476,0.948659,0.979024,1.78814e-07
10,0.96875,1,0.9675,0.948334,0.98,2.98023e-07
10,1,0,1,0.99,0.98,2.98023e-07
10,1,0.03125,1,0.99,0.98,2.98023e-07
10,1,0.0625,1,0.99,0.98,2.98023e-07
10,1,0.09375,1,0.99,0.98,2.98023e-07
10,1,0.125,1,0.99,0.98,2.98023e-07
10,1,0.15625,1,0.99,0.98,2.98023e-07
10,1,0.1875,1,0.99,0.98,2.98023e-07
10,1,0.21875,1,0.99,0.98,2.98023e-07
10,1,0.25,1,0.99,0.98,2.98023e-07
10,1,0.28125,1,0.99,0.98,2.98023e-07
10,1,0.3125,1,0.99,0.98,2.98023e-07
10,1,0.34375,1,0.99,0.98,2.98023e-07
10,1,0.375,1,0.99,0.98,2.98023e-07
10,1,0.40625,1,0.99,0.98,2.98023e-07
10,1,0.4375,1,0.99,0.98,2.98023e-07
10,1,0.46875,1,0.99,0.98,2.98023e-07
10,1,0.5,1,0.99,0.98,2.98023e-07
10,1,0.53125,1,0.99,0.98,2.98023e-07
10,1,0.5625,1,0.99,0.98,2.98023e-07
10,1,0.59375,1,0.99,0.98,2.98023e-07
10,1,0.625,1,0.99,0.98,2.98023e-07
10,1,0.65625,1,0.99,0.98,2.98023e-07
10,1,0.6875,1,0.99,0.98,2.98023e-07
10,1,0.71875,1,0.99,0.98,2.98023e-07
10,1,0.75,1,0.99,0.98,2.98023e-07
10,1,0.78125,1,0.99,0.98,2.98023e-07
10,1,0.8125,1,0.99,0.98,2.98023e-07
10,1,0.84375,1,0.99,0.98,2.98023e-07
10,1,0.875,1,0.99,0.98,2.98023e-07
10,1,0.90625,1,0.99,0.98,2.98023e-07
10,1,0.9375,1,0.99,0.98,2.98023e-07
10,1,0.96875,1,0.99,0.98,2.98023e-07
10,1,1,1,0.99,0.98,2.98023e-07
